
================================================================================
[2026-06-28 01:09:48.923] REQUEST
Method: POST
Endpoint: http://localhost:8081/api/Auth/login
Body: {"userId":"1","password":"1"}
Status: 200
Response: {"token":"HARDCODED_TEST_TOKEN_12345"}
Response Time: 120ms
================================================================================


================================================================================
[2026-06-28 01:09:49.054] REQUEST
Method: POST
Endpoint: http://localhost:8081/api/GL/ImportJournal
Body: [{"docSerExternal":"2598425","branchNo":1,"docDate":"2026-04-27","docNo":null,"jvType":1,"amountLocal":157.79,"referenceNo":"0","beneficiaryName":"","receiver":"","manualDocNo":"","description":"","addTerminalName":"1","details":[{"docDueDate":"2026-04-27","accountCode":"214310001","accountCodeDtl":"100009","accountCodeDtlSub":"","currencyCode":"SAR","exchangeRate":0,"drOrCr":1,"amountLocal":157.79,"amountForeign":0,"costCenterCode":"101009","chequeNo":"0","referenceNo":"0","billNo":"","billSer"...
Status: 200
Response: {"code":2000,"message":"nok","content":[{"referenceId":"2550235","message":"لم ينجاح","errorNo":"0"}]}
Response Time: 6ms
================================================================================

[2026-06-28 01:09:49.064] FAILURE | Serial: 2598425 | Error: nok | لم ينجاح

================================================================================
[2026-06-28 01:09:49.637] REQUEST
Method: POST
Endpoint: http://localhost:8081/api/GL/ImportJournal
Body: [{"docSerExternal":"2598426","branchNo":1,"docDate":"2026-04-27","docNo":null,"jvType":1,"amountLocal":3.9447,"referenceNo":"0","beneficiaryName":"","receiver":"","manualDocNo":"","description":"","addTerminalName":"1","details":[{"docDueDate":"2026-04-27","accountCode":"4111010001","accountCodeDtl":"100009","accountCodeDtlSub":"","currencyCode":"SAR","exchangeRate":0,"drOrCr":1,"amountLocal":3.9447,"amountForeign":0,"costCenterCode":"101009","chequeNo":"0","referenceNo":"0","billNo":"","billSer...
Status: 200
Response: {"code":2000,"message":"nok","content":[{"referenceId":"2550235","message":"لم ينجاح","errorNo":"0"}]}
Response Time: 3ms
================================================================================

[2026-06-28 01:09:49.640] FAILURE | Serial: 2598426 | Error: nok | لم ينجاح

================================================================================
[2026-06-28 01:09:50.202] REQUEST
Method: POST
Endpoint: http://localhost:8081/api/GL/ImportJournal
Body: [{"docSerExternal":"2598430","branchNo":1,"docDate":"2026-04-27","docNo":null,"jvType":1,"amountLocal":157.79,"referenceNo":"0","beneficiaryName":"","receiver":"","manualDocNo":"","description":"","addTerminalName":"1","details":[{"docDueDate":"2026-04-27","accountCode":"214310001","accountCodeDtl":"100007","accountCodeDtlSub":"","currencyCode":"SAR","exchangeRate":0,"drOrCr":1,"amountLocal":157.79,"amountForeign":0,"costCenterCode":"101007","chequeNo":"0","referenceNo":"0","billNo":"","billSer"...
Status: 200
Response: {"code":2000,"message":"nok","content":[{"referenceId":"2550235","message":"لم ينجاح","errorNo":"0"}]}
Response Time: 4ms
================================================================================

[2026-06-28 01:09:50.207] FAILURE | Serial: 2598430 | Error: nok | لم ينجاح

================================================================================
[2026-06-28 01:09:50.762] REQUEST
Method: POST
Endpoint: http://localhost:8081/api/GL/ImportJournal
Body: [{"docSerExternal":"2598431","branchNo":1,"docDate":"2026-04-27","docNo":null,"jvType":1,"amountLocal":3.9447,"referenceNo":"0","beneficiaryName":"","receiver":"","manualDocNo":"","description":"","addTerminalName":"1","details":[{"docDueDate":"2026-04-27","accountCode":"4111010001","accountCodeDtl":"100007","accountCodeDtlSub":"","currencyCode":"SAR","exchangeRate":0,"drOrCr":1,"amountLocal":3.9447,"amountForeign":0,"costCenterCode":"101007","chequeNo":"0","referenceNo":"0","billNo":"","billSer...
Status: 200
Response: {"code":2000,"message":"nok","content":[{"referenceId":"2550235","message":"لم ينجاح","errorNo":"0"}]}
Response Time: 2ms
================================================================================

[2026-06-28 01:09:50.766] FAILURE | Serial: 2598431 | Error: nok | لم ينجاح

================================================================================
[2026-06-28 01:09:51.328] REQUEST
Method: POST
Endpoint: http://localhost:8081/api/GL/ImportJournal
Body: [{"docSerExternal":"2598432","branchNo":1,"docDate":"2026-04-27","docNo":null,"jvType":1,"amountLocal":169.67,"referenceNo":"0","beneficiaryName":"","receiver":"","manualDocNo":"","description":"","addTerminalName":"1","details":[{"docDueDate":"2026-04-27","accountCode":"214310001","accountCodeDtl":"100061","accountCodeDtlSub":"","currencyCode":"SAR","exchangeRate":0,"drOrCr":1,"amountLocal":169.67,"amountForeign":0,"costCenterCode":null,"chequeNo":"0","referenceNo":"0","billNo":"","billSer":"",...
Status: 200
Response: {"code":2000,"message":"nok","content":[{"referenceId":"2550235","message":"لم ينجاح","errorNo":"0"}]}
Response Time: 2ms
================================================================================

[2026-06-28 01:09:51.332] FAILURE | Serial: 2598432 | Error: nok | لم ينجاح

================================================================================
[2026-06-28 01:09:51.892] REQUEST
Method: POST
Endpoint: http://localhost:8081/api/GL/ImportJournal
Body: [{"docSerExternal":"2598433","branchNo":1,"docDate":"2026-04-27","docNo":null,"jvType":1,"amountLocal":4.2417,"referenceNo":"0","beneficiaryName":"","receiver":"","manualDocNo":"","description":"","addTerminalName":"1","details":[{"docDueDate":"2026-04-27","accountCode":"4111010001","accountCodeDtl":"100061","accountCodeDtlSub":"","currencyCode":"SAR","exchangeRate":0,"drOrCr":1,"amountLocal":4.2417,"amountForeign":0,"costCenterCode":"101061","chequeNo":"0","referenceNo":"0","billNo":"","billSer...
Status: 200
Response: {"code":2000,"message":"nok","content":[{"referenceId":"2550235","message":"لم ينجاح","errorNo":"0"}]}
Response Time: 2ms
================================================================================

[2026-06-28 01:09:51.896] FAILURE | Serial: 2598433 | Error: nok | لم ينجاح

================================================================================
[2026-06-28 01:09:52.693] REQUEST
Method: POST
Endpoint: http://localhost:8081/api/GL/ImportJournal
Body: [{"docSerExternal":"2598435","branchNo":1,"docDate":"2026-04-27","docNo":null,"jvType":1,"amountLocal":152.7,"referenceNo":"0","beneficiaryName":"","receiver":"","manualDocNo":"","description":"","addTerminalName":"1","details":[{"docDueDate":"2026-04-27","accountCode":"214310001","accountCodeDtl":"100072","accountCodeDtlSub":"","currencyCode":"SAR","exchangeRate":0,"drOrCr":1,"amountLocal":152.7,"amountForeign":0,"costCenterCode":null,"chequeNo":"0","referenceNo":"0","billNo":"","billSer":"","i...
Status: 200
Response: {"code":2000,"message":"nok","content":[{"referenceId":"2550235","message":"لم ينجاح","errorNo":"0"}]}
Response Time: 2ms
================================================================================

[2026-06-28 01:09:52.697] FAILURE | Serial: 2598435 | Error: nok | لم ينجاح

================================================================================
[2026-06-28 01:09:53.625] REQUEST
Method: POST
Endpoint: http://localhost:8081/api/GL/ImportJournal
Body: [{"docSerExternal":"2598436","branchNo":1,"docDate":"2026-04-27","docNo":null,"jvType":1,"amountLocal":3.8175,"referenceNo":"0","beneficiaryName":"","receiver":"","manualDocNo":"","description":"","addTerminalName":"1","details":[{"docDueDate":"2026-04-27","accountCode":"4111010001","accountCodeDtl":"100072","accountCodeDtlSub":"","currencyCode":"SAR","exchangeRate":0,"drOrCr":1,"amountLocal":3.8175,"amountForeign":0,"costCenterCode":"101072","chequeNo":"0","referenceNo":"0","billNo":"","billSer...
Status: 200
Response: {"code":2000,"message":"nok","content":[{"referenceId":"2550235","message":"لم ينجاح","errorNo":"0"}]}
Response Time: 2ms
================================================================================

[2026-06-28 01:09:53.629] FAILURE | Serial: 2598436 | Error: nok | لم ينجاح

================================================================================
[2026-06-28 01:09:54.533] REQUEST
Method: POST
Endpoint: http://localhost:8081/api/GL/ImportJournal
Body: [{"docSerExternal":"2598438","branchNo":1,"docDate":"2026-04-27","docNo":null,"jvType":1,"amountLocal":157.79,"referenceNo":"0","beneficiaryName":"","receiver":"","manualDocNo":"","description":"","addTerminalName":"1","details":[{"docDueDate":"2026-04-27","accountCode":"214310001","accountCodeDtl":"100012","accountCodeDtlSub":"","currencyCode":"SAR","exchangeRate":0,"drOrCr":1,"amountLocal":157.79,"amountForeign":0,"costCenterCode":"101012","chequeNo":"0","referenceNo":"0","billNo":"","billSer"...
Status: 200
Response: {"code":2000,"message":"nok","content":[{"referenceId":"2550235","message":"لم ينجاح","errorNo":"0"}]}
Response Time: 4ms
================================================================================

[2026-06-28 01:09:54.538] FAILURE | Serial: 2598438 | Error: nok | لم ينجاح

================================================================================
[2026-06-28 01:09:55.459] REQUEST
Method: POST
Endpoint: http://localhost:8081/api/GL/ImportJournal
Body: [{"docSerExternal":"2598439","branchNo":1,"docDate":"2026-04-27","docNo":null,"jvType":1,"amountLocal":3.9447,"referenceNo":"0","beneficiaryName":"","receiver":"","manualDocNo":"","description":"","addTerminalName":"1","details":[{"docDueDate":"2026-04-27","accountCode":"4111010001","accountCodeDtl":"100012","accountCodeDtlSub":"","currencyCode":"SAR","exchangeRate":0,"drOrCr":1,"amountLocal":3.9447,"amountForeign":0,"costCenterCode":"101012","chequeNo":"0","referenceNo":"0","billNo":"","billSer...
Status: 200
Response: {"code":2000,"message":"nok","content":[{"referenceId":"2550235","message":"لم ينجاح","errorNo":"0"}]}
Response Time: 1ms
================================================================================

[2026-06-28 01:09:55.462] FAILURE | Serial: 2598439 | Error: nok | لم ينجاح

================================================================================
[2026-06-28 01:09:56.454] REQUEST
Method: POST
Endpoint: http://localhost:8081/api/GL/ImportJournal
Body: [{"docSerExternal":"2598441","branchNo":1,"docDate":"2026-04-27","docNo":null,"jvType":1,"amountLocal":169.67,"referenceNo":"0","beneficiaryName":"","receiver":"","manualDocNo":"","description":"","addTerminalName":"1","details":[{"docDueDate":"2026-04-27","accountCode":"214310001","accountCodeDtl":"100021","accountCodeDtlSub":"","currencyCode":"SAR","exchangeRate":0,"drOrCr":1,"amountLocal":169.67,"amountForeign":0,"costCenterCode":null,"chequeNo":"0","referenceNo":"0","billNo":"","billSer":"",...
Status: 200
Response: {"code":2000,"message":"nok","content":[{"referenceId":"2550235","message":"لم ينجاح","errorNo":"0"}]}
Response Time: 1ms
================================================================================

[2026-06-28 01:09:56.457] FAILURE | Serial: 2598441 | Error: nok | لم ينجاح

================================================================================
[2026-06-28 01:09:57.309] REQUEST
Method: POST
Endpoint: http://localhost:8081/api/GL/ImportJournal
Body: [{"docSerExternal":"2598442","branchNo":1,"docDate":"2026-04-27","docNo":null,"jvType":1,"amountLocal":4.2417,"referenceNo":"0","beneficiaryName":"","receiver":"","manualDocNo":"","description":"","addTerminalName":"1","details":[{"docDueDate":"2026-04-27","accountCode":"4111010001","accountCodeDtl":"100021","accountCodeDtlSub":"","currencyCode":"SAR","exchangeRate":0,"drOrCr":1,"amountLocal":4.2417,"amountForeign":0,"costCenterCode":"101021","chequeNo":"0","referenceNo":"0","billNo":"","billSer...
Status: 200
Response: {"code":2000,"message":"nok","content":[{"referenceId":"2550235","message":"لم ينجاح","errorNo":"0"}]}
Response Time: 2ms
================================================================================

[2026-06-28 01:09:57.313] FAILURE | Serial: 2598442 | Error: nok | لم ينجاح

================================================================================
[2026-06-28 01:09:58.183] REQUEST
Method: POST
Endpoint: http://localhost:8081/api/GL/ImportJournal
Body: [{"docSerExternal":"2598443","branchNo":1,"docDate":"2026-04-27","docNo":null,"jvType":1,"amountLocal":169.67,"referenceNo":"0","beneficiaryName":"","receiver":"","manualDocNo":"","description":"","addTerminalName":"1","details":[{"docDueDate":"2026-04-27","accountCode":"214310001","accountCodeDtl":"100008","accountCodeDtlSub":"","currencyCode":"SAR","exchangeRate":0,"drOrCr":1,"amountLocal":169.67,"amountForeign":0,"costCenterCode":"101008","chequeNo":"0","referenceNo":"0","billNo":"","billSer"...
Status: 200
Response: {"code":2000,"message":"nok","content":[{"referenceId":"2550235","message":"لم ينجاح","errorNo":"0"}]}
Response Time: 1ms
================================================================================

[2026-06-28 01:09:58.186] FAILURE | Serial: 2598443 | Error: nok | لم ينجاح

================================================================================
[2026-06-28 01:09:59.038] REQUEST
Method: POST
Endpoint: http://localhost:8081/api/GL/ImportJournal
Body: [{"docSerExternal":"2598444","branchNo":1,"docDate":"2026-04-27","docNo":null,"jvType":1,"amountLocal":154.4,"referenceNo":"0","beneficiaryName":"","receiver":"","manualDocNo":"","description":"","addTerminalName":"1","details":[{"docDueDate":"2026-04-27","accountCode":"214310001","accountCodeDtl":"100066","accountCodeDtlSub":"","currencyCode":"SAR","exchangeRate":0,"drOrCr":1,"amountLocal":154.4,"amountForeign":0,"costCenterCode":null,"chequeNo":"0","referenceNo":"0","billNo":"","billSer":"","i...
Status: 200
Response: {"code":2000,"message":"nok","content":[{"referenceId":"2550235","message":"لم ينجاح","errorNo":"0"}]}
Response Time: 1ms
================================================================================

[2026-06-28 01:09:59.040] FAILURE | Serial: 2598444 | Error: nok | لم ينجاح

================================================================================
[2026-06-28 01:09:59.911] REQUEST
Method: POST
Endpoint: http://localhost:8081/api/GL/ImportJournal
Body: [{"docSerExternal":"2598445","branchNo":1,"docDate":"2026-04-27","docNo":null,"jvType":1,"amountLocal":156.1,"referenceNo":"0","beneficiaryName":"","receiver":"","manualDocNo":"","description":"","addTerminalName":"1","details":[{"docDueDate":"2026-04-27","accountCode":"214310001","accountCodeDtl":"100076","accountCodeDtlSub":"","currencyCode":"SAR","exchangeRate":0,"drOrCr":1,"amountLocal":156.1,"amountForeign":0,"costCenterCode":null,"chequeNo":"0","referenceNo":"0","billNo":"","billSer":"","i...
Status: 200
Response: {"code":2000,"message":"nok","content":[{"referenceId":"2550235","message":"لم ينجاح","errorNo":"0"}]}
Response Time: 1ms
================================================================================

[2026-06-28 01:09:59.914] FAILURE | Serial: 2598445 | Error: nok | لم ينجاح

================================================================================
[2026-06-28 01:10:00.776] REQUEST
Method: POST
Endpoint: http://localhost:8081/api/GL/ImportJournal
Body: [{"docSerExternal":"2598446","branchNo":1,"docDate":"2026-04-27","docNo":null,"jvType":1,"amountLocal":169.67,"referenceNo":"0","beneficiaryName":"","receiver":"","manualDocNo":"","description":"","addTerminalName":"1","details":[{"docDueDate":"2026-04-27","accountCode":"214310001","accountCodeDtl":"100014","accountCodeDtlSub":"","currencyCode":"SAR","exchangeRate":0,"drOrCr":1,"amountLocal":169.67,"amountForeign":0,"costCenterCode":"101014","chequeNo":"0","referenceNo":"0","billNo":"","billSer"...
Status: 200
Response: {"code":2000,"message":"nok","content":[{"referenceId":"2550235","message":"لم ينجاح","errorNo":"0"}]}
Response Time: 1ms
================================================================================

[2026-06-28 01:10:00.779] FAILURE | Serial: 2598446 | Error: nok | لم ينجاح

================================================================================
[2026-06-28 01:10:01.678] REQUEST
Method: POST
Endpoint: http://localhost:8081/api/GL/ImportJournal
Body: [{"docSerExternal":"2598447","branchNo":1,"docDate":"2026-04-27","docNo":null,"jvType":1,"amountLocal":156.1,"referenceNo":"0","beneficiaryName":"","receiver":"","manualDocNo":"","description":"","addTerminalName":"1","details":[{"docDueDate":"2026-04-27","accountCode":"214310001","accountCodeDtl":"100019","accountCodeDtlSub":"","currencyCode":"SAR","exchangeRate":0,"drOrCr":1,"amountLocal":156.1,"amountForeign":0,"costCenterCode":"101019","chequeNo":"0","referenceNo":"0","billNo":"","billSer":"...
Status: 200
Response: {"code":2000,"message":"nok","content":[{"referenceId":"2550235","message":"لم ينجاح","errorNo":"0"}]}
Response Time: 1ms
================================================================================

[2026-06-28 01:10:01.680] FAILURE | Serial: 2598447 | Error: nok | لم ينجاح

================================================================================
[2026-06-28 01:10:02.577] REQUEST
Method: POST
Endpoint: http://localhost:8081/api/GL/ImportJournal
Body: [{"docSerExternal":"2598448","branchNo":1,"docDate":"2026-04-27","docNo":null,"jvType":1,"amountLocal":152.7,"referenceNo":"0","beneficiaryName":"","receiver":"","manualDocNo":"","description":"","addTerminalName":"1","details":[{"docDueDate":"2026-04-27","accountCode":"214310001","accountCodeDtl":"100028","accountCodeDtlSub":"","currencyCode":"SAR","exchangeRate":0,"drOrCr":1,"amountLocal":152.7,"amountForeign":0,"costCenterCode":null,"chequeNo":"0","referenceNo":"0","billNo":"","billSer":"","i...
Status: 200
Response: {"code":2000,"message":"nok","content":[{"referenceId":"2550235","message":"لم ينجاح","errorNo":"0"}]}
Response Time: 1ms
================================================================================

[2026-06-28 01:10:02.580] FAILURE | Serial: 2598448 | Error: nok | لم ينجاح

================================================================================
[2026-06-28 01:10:03.467] REQUEST
Method: POST
Endpoint: http://localhost:8081/api/GL/ImportJournal
Body: [{"docSerExternal":"2598449","branchNo":1,"docDate":"2026-04-27","docNo":null,"jvType":1,"amountLocal":169.67,"referenceNo":"0","beneficiaryName":"","receiver":"","manualDocNo":"","description":"","addTerminalName":"1","details":[{"docDueDate":"2026-04-27","accountCode":"214310001","accountCodeDtl":"100038","accountCodeDtlSub":"","currencyCode":"SAR","exchangeRate":0,"drOrCr":1,"amountLocal":169.67,"amountForeign":0,"costCenterCode":null,"chequeNo":"0","referenceNo":"0","billNo":"","billSer":"",...
Status: 200
Response: {"code":2000,"message":"nok","content":[{"referenceId":"2550235","message":"لم ينجاح","errorNo":"0"}]}
Response Time: 1ms
================================================================================

[2026-06-28 01:10:03.470] FAILURE | Serial: 2598449 | Error: nok | لم ينجاح

================================================================================
[2026-06-28 01:10:04.354] REQUEST
Method: POST
Endpoint: http://localhost:8081/api/GL/ImportJournal
Body: [{"docSerExternal":"2598450","branchNo":1,"docDate":"2026-04-27","docNo":null,"jvType":1,"amountLocal":154.4,"referenceNo":"0","beneficiaryName":"","receiver":"","manualDocNo":"","description":"","addTerminalName":"1","details":[{"docDueDate":"2026-04-27","accountCode":"214310001","accountCodeDtl":"100044","accountCodeDtlSub":"","currencyCode":"SAR","exchangeRate":0,"drOrCr":1,"amountLocal":154.4,"amountForeign":0,"costCenterCode":null,"chequeNo":"0","referenceNo":"0","billNo":"","billSer":"","i...
Status: 200
Response: {"code":2000,"message":"nok","content":[{"referenceId":"2550235","message":"لم ينجاح","errorNo":"0"}]}
Response Time: 2ms
================================================================================

[2026-06-28 01:10:04.357] FAILURE | Serial: 2598450 | Error: nok | لم ينجاح

================================================================================
[2026-06-28 01:10:05.243] REQUEST
Method: POST
Endpoint: http://localhost:8081/api/GL/ImportJournal
Body: [{"docSerExternal":"2598451","branchNo":1,"docDate":"2026-04-27","docNo":null,"jvType":1,"amountLocal":169.67,"referenceNo":"0","beneficiaryName":"","receiver":"","manualDocNo":"","description":"","addTerminalName":"1","details":[{"docDueDate":"2026-04-27","accountCode":"214310001","accountCodeDtl":"100046","accountCodeDtlSub":"","currencyCode":"SAR","exchangeRate":0,"drOrCr":1,"amountLocal":169.67,"amountForeign":0,"costCenterCode":null,"chequeNo":"0","referenceNo":"0","billNo":"","billSer":"",...
Status: 200
Response: {"code":2000,"message":"nok","content":[{"referenceId":"2550235","message":"لم ينجاح","errorNo":"0"}]}
Response Time: 1ms
================================================================================

[2026-06-28 01:10:05.246] FAILURE | Serial: 2598451 | Error: nok | لم ينجاح

================================================================================
[2026-06-28 01:10:06.167] REQUEST
Method: POST
Endpoint: http://localhost:8081/api/GL/ImportJournal
Body: [{"docSerExternal":"2598452","branchNo":1,"docDate":"2026-04-27","docNo":null,"jvType":1,"amountLocal":312,"referenceNo":"0","beneficiaryName":"","receiver":"","manualDocNo":"","description":"","addTerminalName":"1","details":[{"docDueDate":"2026-04-27","accountCode":"214310001","accountCodeDtl":"100048","accountCodeDtlSub":"","currencyCode":"SAR","exchangeRate":0,"drOrCr":1,"amountLocal":312,"amountForeign":0,"costCenterCode":"101048","chequeNo":"0","referenceNo":"0","billNo":"","billSer":"","i...
Status: 200
Response: {"code":2000,"message":"nok","content":[{"referenceId":"2550235","message":"لم ينجاح","errorNo":"0"}]}
Response Time: 1ms
================================================================================

[2026-06-28 01:10:06.169] FAILURE | Serial: 2598452 | Error: nok | لم ينجاح

================================================================================
[2026-06-28 01:10:07.062] REQUEST
Method: POST
Endpoint: http://localhost:8081/api/GL/ImportJournal
Body: [{"docSerExternal":"2598453","branchNo":1,"docDate":"2026-04-27","docNo":null,"jvType":1,"amountLocal":156.1,"referenceNo":"0","beneficiaryName":"","receiver":"","manualDocNo":"","description":"","addTerminalName":"1","details":[{"docDueDate":"2026-04-27","accountCode":"214310001","accountCodeDtl":"100050","accountCodeDtlSub":"","currencyCode":"SAR","exchangeRate":0,"drOrCr":1,"amountLocal":156.1,"amountForeign":0,"costCenterCode":"101050","chequeNo":"0","referenceNo":"0","billNo":"","billSer":"...
Status: 200
Response: {"code":2000,"message":"nok","content":[{"referenceId":"2550235","message":"لم ينجاح","errorNo":"0"}]}
Response Time: 1ms
================================================================================

[2026-06-28 01:10:07.065] FAILURE | Serial: 2598453 | Error: nok | لم ينجاح

================================================================================
[2026-06-28 01:10:07.953] REQUEST
Method: POST
Endpoint: http://localhost:8081/api/GL/ImportJournal
Body: [{"docSerExternal":"2598454","branchNo":1,"docDate":"2026-04-27","docNo":null,"jvType":1,"amountLocal":152.7,"referenceNo":"0","beneficiaryName":"","receiver":"","manualDocNo":"","description":"","addTerminalName":"1","details":[{"docDueDate":"2026-04-27","accountCode":"214310001","accountCodeDtl":"100053","accountCodeDtlSub":"","currencyCode":"SAR","exchangeRate":0,"drOrCr":1,"amountLocal":152.7,"amountForeign":0,"costCenterCode":"101053","chequeNo":"0","referenceNo":"0","billNo":"","billSer":"...
Status: 200
Response: {"code":2000,"message":"nok","content":[{"referenceId":"2550235","message":"لم ينجاح","errorNo":"0"}]}
Response Time: 1ms
================================================================================

[2026-06-28 01:10:07.956] FAILURE | Serial: 2598454 | Error: nok | لم ينجاح

================================================================================
[2026-06-28 01:10:08.852] REQUEST
Method: POST
Endpoint: http://localhost:8081/api/GL/ImportJournal
Body: [{"docSerExternal":"2598455","branchNo":1,"docDate":"2026-04-27","docNo":null,"jvType":1,"amountLocal":169.67,"referenceNo":"0","beneficiaryName":"","receiver":"","manualDocNo":"","description":"","addTerminalName":"1","details":[{"docDueDate":"2026-04-27","accountCode":"214310001","accountCodeDtl":"100056","accountCodeDtlSub":"","currencyCode":"SAR","exchangeRate":0,"drOrCr":1,"amountLocal":169.67,"amountForeign":0,"costCenterCode":"101056","chequeNo":"0","referenceNo":"0","billNo":"","billSer"...
Status: 200
Response: {"code":2000,"message":"nok","content":[{"referenceId":"2550235","message":"لم ينجاح","errorNo":"0"}]}
Response Time: 2ms
================================================================================

[2026-06-28 01:10:08.855] FAILURE | Serial: 2598455 | Error: nok | لم ينجاح

================================================================================
[2026-06-28 01:10:09.769] REQUEST
Method: POST
Endpoint: http://localhost:8081/api/GL/ImportJournal
Body: [{"docSerExternal":"2598456","branchNo":1,"docDate":"2026-04-27","docNo":null,"jvType":1,"amountLocal":152.7,"referenceNo":"0","beneficiaryName":"","receiver":"","manualDocNo":"","description":"","addTerminalName":"1","details":[{"docDueDate":"2026-04-27","accountCode":"214310001","accountCodeDtl":"100063","accountCodeDtlSub":"","currencyCode":"SAR","exchangeRate":0,"drOrCr":1,"amountLocal":152.7,"amountForeign":0,"costCenterCode":null,"chequeNo":"0","referenceNo":"0","billNo":"","billSer":"","i...
Status: 200
Response: {"code":2000,"message":"nok","content":[{"referenceId":"2550235","message":"لم ينجاح","errorNo":"0"}]}
Response Time: 2ms
================================================================================

[2026-06-28 01:10:09.773] FAILURE | Serial: 2598456 | Error: nok | لم ينجاح

================================================================================
[2026-06-28 01:10:10.638] REQUEST
Method: POST
Endpoint: http://localhost:8081/api/GL/ImportJournal
Body: [{"docSerExternal":"2598457","branchNo":1,"docDate":"2026-04-27","docNo":null,"jvType":1,"amountLocal":169.67,"referenceNo":"0","beneficiaryName":"","receiver":"","manualDocNo":"","description":"","addTerminalName":"1","details":[{"docDueDate":"2026-04-27","accountCode":"214310001","accountCodeDtl":"100071","accountCodeDtlSub":"","currencyCode":"SAR","exchangeRate":0,"drOrCr":1,"amountLocal":169.67,"amountForeign":0,"costCenterCode":null,"chequeNo":"0","referenceNo":"0","billNo":"","billSer":"",...
Status: 200
Response: {"code":2000,"message":"nok","content":[{"referenceId":"2550235","message":"لم ينجاح","errorNo":"0"}]}
Response Time: 1ms
================================================================================

[2026-06-28 01:10:10.641] FAILURE | Serial: 2598457 | Error: nok | لم ينجاح

================================================================================
[2026-06-28 01:10:11.544] REQUEST
Method: POST
Endpoint: http://localhost:8081/api/GL/ImportJournal
Body: [{"docSerExternal":"2598458","branchNo":1,"docDate":"2026-04-27","docNo":null,"jvType":1,"amountLocal":197.67,"referenceNo":"0","beneficiaryName":"","receiver":"","manualDocNo":"","description":"","addTerminalName":"1","details":[{"docDueDate":"2026-04-27","accountCode":"214310001","accountCodeDtl":"100073","accountCodeDtlSub":"","currencyCode":"SAR","exchangeRate":0,"drOrCr":1,"amountLocal":197.67,"amountForeign":0,"costCenterCode":null,"chequeNo":"0","referenceNo":"0","billNo":"","billSer":"",...
Status: 200
Response: {"code":2000,"message":"nok","content":[{"referenceId":"2550235","message":"لم ينجاح","errorNo":"0"}]}
Response Time: 1ms
================================================================================

[2026-06-28 01:10:11.547] FAILURE | Serial: 2598458 | Error: nok | لم ينجاح

================================================================================
[2026-06-28 01:10:12.454] REQUEST
Method: POST
Endpoint: http://localhost:8081/api/GL/ImportJournal
Body: [{"docSerExternal":"2598459","branchNo":1,"docDate":"2026-04-27","docNo":null,"jvType":1,"amountLocal":4.2417,"referenceNo":"0","beneficiaryName":"","receiver":"","manualDocNo":"","description":"","addTerminalName":"1","details":[{"docDueDate":"2026-04-27","accountCode":"4111010001","accountCodeDtl":"100008","accountCodeDtlSub":"","currencyCode":"SAR","exchangeRate":0,"drOrCr":1,"amountLocal":4.2417,"amountForeign":0,"costCenterCode":"101008","chequeNo":"0","referenceNo":"0","billNo":"","billSer...
Status: 200
Response: {"code":2000,"message":"nok","content":[{"referenceId":"2550235","message":"لم ينجاح","errorNo":"0"}]}
Response Time: 1ms
================================================================================

[2026-06-28 01:10:12.457] FAILURE | Serial: 2598459 | Error: nok | لم ينجاح

================================================================================
[2026-06-28 01:10:13.334] REQUEST
Method: POST
Endpoint: http://localhost:8081/api/GL/ImportJournal
Body: [{"docSerExternal":"2598460","branchNo":1,"docDate":"2026-04-27","docNo":null,"jvType":1,"amountLocal":3.86,"referenceNo":"0","beneficiaryName":"","receiver":"","manualDocNo":"","description":"","addTerminalName":"1","details":[{"docDueDate":"2026-04-27","accountCode":"4111010001","accountCodeDtl":"100066","accountCodeDtlSub":"","currencyCode":"SAR","exchangeRate":0,"drOrCr":1,"amountLocal":3.86,"amountForeign":0,"costCenterCode":"101066","chequeNo":"0","referenceNo":"0","billNo":"","billSer":""...
Status: 200
Response: {"code":2000,"message":"nok","content":[{"referenceId":"2550235","message":"لم ينجاح","errorNo":"0"}]}
Response Time: 1ms
================================================================================

[2026-06-28 01:10:13.337] FAILURE | Serial: 2598460 | Error: nok | لم ينجاح

================================================================================
[2026-06-28 01:10:14.240] REQUEST
Method: POST
Endpoint: http://localhost:8081/api/GL/ImportJournal
Body: [{"docSerExternal":"2598461","branchNo":1,"docDate":"2026-04-27","docNo":null,"jvType":1,"amountLocal":3.9025,"referenceNo":"0","beneficiaryName":"","receiver":"","manualDocNo":"","description":"","addTerminalName":"1","details":[{"docDueDate":"2026-04-27","accountCode":"4111010001","accountCodeDtl":"100076","accountCodeDtlSub":"","currencyCode":"SAR","exchangeRate":0,"drOrCr":1,"amountLocal":3.9025,"amountForeign":0,"costCenterCode":"101076","chequeNo":"0","referenceNo":"0","billNo":"","billSer...
Status: 200
Response: {"code":2000,"message":"nok","content":[{"referenceId":"2550235","message":"لم ينجاح","errorNo":"0"}]}
Response Time: 2ms
================================================================================

[2026-06-28 01:10:14.243] FAILURE | Serial: 2598461 | Error: nok | لم ينجاح

================================================================================
[2026-06-28 01:10:15.159] REQUEST
Method: POST
Endpoint: http://localhost:8081/api/GL/ImportJournal
Body: [{"docSerExternal":"2598462","branchNo":1,"docDate":"2026-04-27","docNo":null,"jvType":1,"amountLocal":4.2417,"referenceNo":"0","beneficiaryName":"","receiver":"","manualDocNo":"","description":"","addTerminalName":"1","details":[{"docDueDate":"2026-04-27","accountCode":"4111010001","accountCodeDtl":"100014","accountCodeDtlSub":"","currencyCode":"SAR","exchangeRate":0,"drOrCr":1,"amountLocal":4.2417,"amountForeign":0,"costCenterCode":"101014","chequeNo":"0","referenceNo":"0","billNo":"","billSer...
Status: 200
Response: {"code":2000,"message":"nok","content":[{"referenceId":"2550235","message":"لم ينجاح","errorNo":"0"}]}
Response Time: 1ms
================================================================================

[2026-06-28 01:10:15.161] FAILURE | Serial: 2598462 | Error: nok | لم ينجاح

================================================================================
[2026-06-28 01:10:16.020] REQUEST
Method: POST
Endpoint: http://localhost:8081/api/GL/ImportJournal
Body: [{"docSerExternal":"2598463","branchNo":1,"docDate":"2026-04-27","docNo":null,"jvType":1,"amountLocal":3.9025,"referenceNo":"0","beneficiaryName":"","receiver":"","manualDocNo":"","description":"","addTerminalName":"1","details":[{"docDueDate":"2026-04-27","accountCode":"4111010001","accountCodeDtl":"100018","accountCodeDtlSub":"","currencyCode":"SAR","exchangeRate":0,"drOrCr":1,"amountLocal":3.9025,"amountForeign":0,"costCenterCode":"101018","chequeNo":"0","referenceNo":"0","billNo":"","billSer...
Status: 200
Response: {"code":2000,"message":"nok","content":[{"referenceId":"2550235","message":"لم ينجاح","errorNo":"0"}]}
Response Time: 1ms
================================================================================

[2026-06-28 01:10:16.022] FAILURE | Serial: 2598463 | Error: nok | لم ينجاح

================================================================================
[2026-06-28 01:10:16.869] REQUEST
Method: POST
Endpoint: http://localhost:8081/api/GL/ImportJournal
Body: [{"docSerExternal":"2598464","branchNo":1,"docDate":"2026-04-27","docNo":null,"jvType":1,"amountLocal":3.8175,"referenceNo":"0","beneficiaryName":"","receiver":"","manualDocNo":"","description":"","addTerminalName":"1","details":[{"docDueDate":"2026-04-27","accountCode":"4111010001","accountCodeDtl":"100028","accountCodeDtlSub":"","currencyCode":"SAR","exchangeRate":0,"drOrCr":1,"amountLocal":3.8175,"amountForeign":0,"costCenterCode":"101028","chequeNo":"0","referenceNo":"0","billNo":"","billSer...
Status: 200
Response: {"code":2000,"message":"nok","content":[{"referenceId":"2550235","message":"لم ينجاح","errorNo":"0"}]}
Response Time: 1ms
================================================================================

[2026-06-28 01:10:16.872] FAILURE | Serial: 2598464 | Error: nok | لم ينجاح

================================================================================
[2026-06-28 01:10:17.772] REQUEST
Method: POST
Endpoint: http://localhost:8081/api/GL/ImportJournal
Body: [{"docSerExternal":"2598465","branchNo":1,"docDate":"2026-04-27","docNo":null,"jvType":1,"amountLocal":4.2417,"referenceNo":"0","beneficiaryName":"","receiver":"","manualDocNo":"","description":"","addTerminalName":"1","details":[{"docDueDate":"2026-04-27","accountCode":"4111010001","accountCodeDtl":"100038","accountCodeDtlSub":"","currencyCode":"SAR","exchangeRate":0,"drOrCr":1,"amountLocal":4.2417,"amountForeign":0,"costCenterCode":"101038","chequeNo":"0","referenceNo":"0","billNo":"","billSer...
Status: 200
Response: {"code":2000,"message":"nok","content":[{"referenceId":"2550235","message":"لم ينجاح","errorNo":"0"}]}
Response Time: 1ms
================================================================================

[2026-06-28 01:10:17.774] FAILURE | Serial: 2598465 | Error: nok | لم ينجاح

================================================================================
[2026-06-28 01:10:18.688] REQUEST
Method: POST
Endpoint: http://localhost:8081/api/GL/ImportJournal
Body: [{"docSerExternal":"2598466","branchNo":1,"docDate":"2026-04-27","docNo":null,"jvType":1,"amountLocal":3.86,"referenceNo":"0","beneficiaryName":"","receiver":"","manualDocNo":"","description":"","addTerminalName":"1","details":[{"docDueDate":"2026-04-27","accountCode":"4111010001","accountCodeDtl":"100044","accountCodeDtlSub":"","currencyCode":"SAR","exchangeRate":0,"drOrCr":1,"amountLocal":3.86,"amountForeign":0,"costCenterCode":"101044","chequeNo":"0","referenceNo":"0","billNo":"","billSer":""...
Status: 200
Response: {"code":2000,"message":"nok","content":[{"referenceId":"2550235","message":"لم ينجاح","errorNo":"0"}]}
Response Time: 1ms
================================================================================

[2026-06-28 01:10:18.691] FAILURE | Serial: 2598466 | Error: nok | لم ينجاح

================================================================================
[2026-06-28 01:10:19.582] REQUEST
Method: POST
Endpoint: http://localhost:8081/api/GL/ImportJournal
Body: [{"docSerExternal":"2598467","branchNo":1,"docDate":"2026-04-27","docNo":null,"jvType":1,"amountLocal":4.2417,"referenceNo":"0","beneficiaryName":"","receiver":"","manualDocNo":"","description":"","addTerminalName":"1","details":[{"docDueDate":"2026-04-27","accountCode":"4111010001","accountCodeDtl":"100046","accountCodeDtlSub":"","currencyCode":"SAR","exchangeRate":0,"drOrCr":1,"amountLocal":4.2417,"amountForeign":0,"costCenterCode":"101046","chequeNo":"0","referenceNo":"0","billNo":"","billSer...
Status: 200
Response: {"code":2000,"message":"nok","content":[{"referenceId":"2550235","message":"لم ينجاح","errorNo":"0"}]}
Response Time: 1ms
================================================================================

[2026-06-28 01:10:19.585] FAILURE | Serial: 2598467 | Error: nok | لم ينجاح

================================================================================
[2026-06-28 01:10:20.520] REQUEST
Method: POST
Endpoint: http://localhost:8081/api/GL/ImportJournal
Body: [{"docSerExternal":"2598468","branchNo":1,"docDate":"2026-04-27","docNo":null,"jvType":1,"amountLocal":7.8,"referenceNo":"0","beneficiaryName":"","receiver":"","manualDocNo":"","description":"","addTerminalName":"1","details":[{"docDueDate":"2026-04-27","accountCode":"4111010001","accountCodeDtl":"100048","accountCodeDtlSub":"","currencyCode":"SAR","exchangeRate":0,"drOrCr":1,"amountLocal":7.8,"amountForeign":0,"costCenterCode":"101048","chequeNo":"0","referenceNo":"0","billNo":"","billSer":"","...
Status: 200
Response: {"code":2000,"message":"nok","content":[{"referenceId":"2550235","message":"لم ينجاح","errorNo":"0"}]}
Response Time: 1ms
================================================================================

[2026-06-28 01:10:20.523] FAILURE | Serial: 2598468 | Error: nok | لم ينجاح

================================================================================
[2026-06-28 01:10:21.415] REQUEST
Method: POST
Endpoint: http://localhost:8081/api/GL/ImportJournal
Body: [{"docSerExternal":"2598469","branchNo":1,"docDate":"2026-04-27","docNo":null,"jvType":1,"amountLocal":3.9025,"referenceNo":"0","beneficiaryName":"","receiver":"","manualDocNo":"","description":"","addTerminalName":"1","details":[{"docDueDate":"2026-04-27","accountCode":"4111010001","accountCodeDtl":"100050","accountCodeDtlSub":"","currencyCode":"SAR","exchangeRate":0,"drOrCr":1,"amountLocal":3.9025,"amountForeign":0,"costCenterCode":"101050","chequeNo":"0","referenceNo":"0","billNo":"","billSer...
Status: 200
Response: {"code":2000,"message":"nok","content":[{"referenceId":"2550235","message":"لم ينجاح","errorNo":"0"}]}
Response Time: 1ms
================================================================================

[2026-06-28 01:10:21.418] FAILURE | Serial: 2598469 | Error: nok | لم ينجاح

================================================================================
[2026-06-28 01:10:22.355] REQUEST
Method: POST
Endpoint: http://localhost:8081/api/GL/ImportJournal
Body: [{"docSerExternal":"2598470","branchNo":1,"docDate":"2026-04-27","docNo":null,"jvType":1,"amountLocal":3.8175,"referenceNo":"0","beneficiaryName":"","receiver":"","manualDocNo":"","description":"","addTerminalName":"1","details":[{"docDueDate":"2026-04-27","accountCode":"4111010001","accountCodeDtl":"100053","accountCodeDtlSub":"","currencyCode":"SAR","exchangeRate":0,"drOrCr":1,"amountLocal":3.8175,"amountForeign":0,"costCenterCode":"101053","chequeNo":"0","referenceNo":"0","billNo":"","billSer...
Status: 200
Response: {"code":2000,"message":"nok","content":[{"referenceId":"2550235","message":"لم ينجاح","errorNo":"0"}]}
Response Time: 1ms
================================================================================

[2026-06-28 01:10:22.357] FAILURE | Serial: 2598470 | Error: nok | لم ينجاح

================================================================================
[2026-06-28 01:10:23.259] REQUEST
Method: POST
Endpoint: http://localhost:8081/api/GL/ImportJournal
Body: [{"docSerExternal":"2598471","branchNo":1,"docDate":"2026-04-27","docNo":null,"jvType":1,"amountLocal":4.2417,"referenceNo":"0","beneficiaryName":"","receiver":"","manualDocNo":"","description":"","addTerminalName":"1","details":[{"docDueDate":"2026-04-27","accountCode":"4111010001","accountCodeDtl":"100056","accountCodeDtlSub":"","currencyCode":"SAR","exchangeRate":0,"drOrCr":1,"amountLocal":4.2417,"amountForeign":0,"costCenterCode":"101056","chequeNo":"0","referenceNo":"0","billNo":"","billSer...
Status: 200
Response: {"code":2000,"message":"nok","content":[{"referenceId":"2550235","message":"لم ينجاح","errorNo":"0"}]}
Response Time: 1ms
================================================================================

[2026-06-28 01:10:23.262] FAILURE | Serial: 2598471 | Error: nok | لم ينجاح

================================================================================
[2026-06-28 01:10:24.205] REQUEST
Method: POST
Endpoint: http://localhost:8081/api/GL/ImportJournal
Body: [{"docSerExternal":"2598472","branchNo":1,"docDate":"2026-04-27","docNo":null,"jvType":1,"amountLocal":3.8175,"referenceNo":"0","beneficiaryName":"","receiver":"","manualDocNo":"","description":"","addTerminalName":"1","details":[{"docDueDate":"2026-04-27","accountCode":"4111010001","accountCodeDtl":"100063","accountCodeDtlSub":"","currencyCode":"SAR","exchangeRate":0,"drOrCr":1,"amountLocal":3.8175,"amountForeign":0,"costCenterCode":"101063","chequeNo":"0","referenceNo":"0","billNo":"","billSer...
Status: 200
Response: {"code":2000,"message":"nok","content":[{"referenceId":"2550235","message":"لم ينجاح","errorNo":"0"}]}
Response Time: 1ms
================================================================================

[2026-06-28 01:10:24.208] FAILURE | Serial: 2598472 | Error: nok | لم ينجاح

================================================================================
[2026-06-28 01:10:25.111] REQUEST
Method: POST
Endpoint: http://localhost:8081/api/GL/ImportJournal
Body: [{"docSerExternal":"2598473","branchNo":1,"docDate":"2026-04-27","docNo":null,"jvType":1,"amountLocal":4.2417,"referenceNo":"0","beneficiaryName":"","receiver":"","manualDocNo":"","description":"","addTerminalName":"1","details":[{"docDueDate":"2026-04-27","accountCode":"4111010001","accountCodeDtl":"100071","accountCodeDtlSub":"","currencyCode":"SAR","exchangeRate":0,"drOrCr":1,"amountLocal":4.2417,"amountForeign":0,"costCenterCode":"101071","chequeNo":"0","referenceNo":"0","billNo":"","billSer...
Status: 200
Response: {"code":2000,"message":"nok","content":[{"referenceId":"2550235","message":"لم ينجاح","errorNo":"0"}]}
Response Time: 1ms
================================================================================

[2026-06-28 01:10:25.113] FAILURE | Serial: 2598473 | Error: nok | لم ينجاح

================================================================================
[2026-06-28 01:10:26.105] REQUEST
Method: POST
Endpoint: http://localhost:8081/api/GL/ImportJournal
Body: [{"docSerExternal":"2598474","branchNo":1,"docDate":"2026-04-27","docNo":null,"jvType":1,"amountLocal":4.9417,"referenceNo":"0","beneficiaryName":"","receiver":"","manualDocNo":"","description":"","addTerminalName":"1","details":[{"docDueDate":"2026-04-27","accountCode":"4111010001","accountCodeDtl":"100073","accountCodeDtlSub":"","currencyCode":"SAR","exchangeRate":0,"drOrCr":1,"amountLocal":4.9417,"amountForeign":0,"costCenterCode":"101073","chequeNo":"0","referenceNo":"0","billNo":"","billSer...
Status: 200
Response: {"code":2000,"message":"nok","content":[{"referenceId":"2550235","message":"لم ينجاح","errorNo":"0"}]}
Response Time: 1ms
================================================================================

[2026-06-28 01:10:26.108] FAILURE | Serial: 2598474 | Error: nok | لم ينجاح

================================================================================
[2026-06-28 01:10:27.036] REQUEST
Method: POST
Endpoint: http://localhost:8081/api/GL/ImportJournal
Body: [{"docSerExternal":"2598476","branchNo":1,"docDate":"2026-04-27","docNo":null,"jvType":1,"amountLocal":169.67,"referenceNo":"0","beneficiaryName":"","receiver":"","manualDocNo":"","description":"","addTerminalName":"1","details":[{"docDueDate":"2026-04-27","accountCode":"214310001","accountCodeDtl":"100019","accountCodeDtlSub":"","currencyCode":"SAR","exchangeRate":0,"drOrCr":1,"amountLocal":169.67,"amountForeign":0,"costCenterCode":"101019","chequeNo":"0","referenceNo":"0","billNo":"","billSer"...
Status: 200
Response: {"code":2000,"message":"nok","content":[{"referenceId":"2550235","message":"لم ينجاح","errorNo":"0"}]}
Response Time: 1ms
================================================================================

[2026-06-28 01:10:27.039] FAILURE | Serial: 2598476 | Error: nok | لم ينجاح

================================================================================
[2026-06-28 01:10:27.934] REQUEST
Method: POST
Endpoint: http://localhost:8081/api/GL/ImportJournal
Body: [{"docSerExternal":"2598477","branchNo":1,"docDate":"2026-04-27","docNo":null,"jvType":1,"amountLocal":4.2417,"referenceNo":"0","beneficiaryName":"","receiver":"","manualDocNo":"","description":"","addTerminalName":"1","details":[{"docDueDate":"2026-04-27","accountCode":"4111010001","accountCodeDtl":"100029","accountCodeDtlSub":"","currencyCode":"SAR","exchangeRate":0,"drOrCr":1,"amountLocal":4.2417,"amountForeign":0,"costCenterCode":"101029","chequeNo":"0","referenceNo":"0","billNo":"","billSer...
Status: 200
Response: {"code":2000,"message":"nok","content":[{"referenceId":"2550235","message":"لم ينجاح","errorNo":"0"}]}
Response Time: 1ms
================================================================================

[2026-06-28 01:10:27.936] FAILURE | Serial: 2598477 | Error: nok | لم ينجاح

================================================================================
[2026-06-28 01:10:28.820] REQUEST
Method: POST
Endpoint: http://localhost:8081/api/GL/ImportJournal
Body: [{"docSerExternal":"2598479","branchNo":1,"docDate":"2026-04-27","docNo":null,"jvType":1,"amountLocal":157.79,"referenceNo":"0","beneficiaryName":"","receiver":"","manualDocNo":"","description":"","addTerminalName":"1","details":[{"docDueDate":"2026-04-27","accountCode":"214310001","accountCodeDtl":"100052","accountCodeDtlSub":"","currencyCode":"SAR","exchangeRate":0,"drOrCr":1,"amountLocal":157.79,"amountForeign":0,"costCenterCode":"101052","chequeNo":"0","referenceNo":"0","billNo":"","billSer"...
Status: 200
Response: {"code":2000,"message":"nok","content":[{"referenceId":"2550235","message":"لم ينجاح","errorNo":"0"}]}
Response Time: 1ms
================================================================================

[2026-06-28 01:10:28.823] FAILURE | Serial: 2598479 | Error: nok | لم ينجاح

================================================================================
[2026-06-28 01:10:29.732] REQUEST
Method: POST
Endpoint: http://localhost:8081/api/GL/ImportJournal
Body: [{"docSerExternal":"2598480","branchNo":1,"docDate":"2026-04-27","docNo":null,"jvType":1,"amountLocal":3.9447,"referenceNo":"0","beneficiaryName":"","receiver":"","manualDocNo":"","description":"","addTerminalName":"1","details":[{"docDueDate":"2026-04-27","accountCode":"4111010001","accountCodeDtl":"100052","accountCodeDtlSub":"","currencyCode":"SAR","exchangeRate":0,"drOrCr":1,"amountLocal":3.9447,"amountForeign":0,"costCenterCode":"101052","chequeNo":"0","referenceNo":"0","billNo":"","billSer...
Status: 200
Response: {"code":2000,"message":"nok","content":[{"referenceId":"2550235","message":"لم ينجاح","errorNo":"0"}]}
Response Time: 2ms
================================================================================

[2026-06-28 01:10:29.735] FAILURE | Serial: 2598480 | Error: nok | لم ينجاح

================================================================================
[2026-06-28 01:10:30.654] REQUEST
Method: POST
Endpoint: http://localhost:8081/api/GL/ImportJournal
Body: [{"docSerExternal":"2598482","branchNo":1,"docDate":"2026-04-27","docNo":null,"jvType":1,"amountLocal":152.7,"referenceNo":"0","beneficiaryName":"","receiver":"","manualDocNo":"","description":"","addTerminalName":"1","details":[{"docDueDate":"2026-04-27","accountCode":"214310001","accountCodeDtl":"100001","accountCodeDtlSub":"","currencyCode":"SAR","exchangeRate":0,"drOrCr":1,"amountLocal":152.7,"amountForeign":0,"costCenterCode":"101001","chequeNo":"0","referenceNo":"0","billNo":"","billSer":"...
Status: 200
Response: {"code":2000,"message":"nok","content":[{"referenceId":"2550235","message":"لم ينجاح","errorNo":"0"}]}
Response Time: 1ms
================================================================================

[2026-06-28 01:10:30.656] FAILURE | Serial: 2598482 | Error: nok | لم ينجاح

================================================================================
[2026-06-28 01:10:31.588] REQUEST
Method: POST
Endpoint: http://localhost:8081/api/GL/ImportJournal
Body: [{"docSerExternal":"2598483","branchNo":1,"docDate":"2026-04-27","docNo":null,"jvType":1,"amountLocal":3.8175,"referenceNo":"0","beneficiaryName":"","receiver":"","manualDocNo":"","description":"","addTerminalName":"1","details":[{"docDueDate":"2026-04-27","accountCode":"4111010001","accountCodeDtl":"100001","accountCodeDtlSub":"","currencyCode":"SAR","exchangeRate":0,"drOrCr":1,"amountLocal":3.8175,"amountForeign":0,"costCenterCode":"101001","chequeNo":"0","referenceNo":"0","billNo":"","billSer...
Status: 200
Response: {"code":2000,"message":"nok","content":[{"referenceId":"2550235","message":"لم ينجاح","errorNo":"0"}]}
Response Time: 1ms
================================================================================

[2026-06-28 01:10:31.590] FAILURE | Serial: 2598483 | Error: nok | لم ينجاح

================================================================================
[2026-06-28 01:10:32.517] REQUEST
Method: POST
Endpoint: http://localhost:8081/api/GL/ImportJournal
Body: [{"docSerExternal":"2598485","branchNo":1,"docDate":"2026-04-27","docNo":null,"jvType":1,"amountLocal":157.79,"referenceNo":"0","beneficiaryName":"","receiver":"","manualDocNo":"","description":"","addTerminalName":"1","details":[{"docDueDate":"2026-04-27","accountCode":"214310001","accountCodeDtl":"100041","accountCodeDtlSub":"","currencyCode":"SAR","exchangeRate":0,"drOrCr":1,"amountLocal":157.79,"amountForeign":0,"costCenterCode":null,"chequeNo":"0","referenceNo":"0","billNo":"","billSer":"",...
Status: 200
Response: {"code":2000,"message":"nok","content":[{"referenceId":"2550235","message":"لم ينجاح","errorNo":"0"}]}
Response Time: 1ms
================================================================================

[2026-06-28 01:10:32.520] FAILURE | Serial: 2598485 | Error: nok | لم ينجاح

================================================================================
[2026-06-28 01:10:33.361] REQUEST
Method: POST
Endpoint: http://localhost:8081/api/GL/ImportJournal
Body: [{"docSerExternal":"2598486","branchNo":1,"docDate":"2026-04-27","docNo":null,"jvType":1,"amountLocal":3.9447,"referenceNo":"0","beneficiaryName":"","receiver":"","manualDocNo":"","description":"","addTerminalName":"1","details":[{"docDueDate":"2026-04-27","accountCode":"4111010001","accountCodeDtl":"100041","accountCodeDtlSub":"","currencyCode":"SAR","exchangeRate":0,"drOrCr":1,"amountLocal":3.9447,"amountForeign":0,"costCenterCode":"101041","chequeNo":"0","referenceNo":"0","billNo":"","billSer...
Status: 200
Response: {"code":2000,"message":"nok","content":[{"referenceId":"2550235","message":"لم ينجاح","errorNo":"0"}]}
Response Time: 2ms
================================================================================

[2026-06-28 01:10:33.364] FAILURE | Serial: 2598486 | Error: nok | لم ينجاح

================================================================================
[2026-06-28 01:10:34.264] REQUEST
Method: POST
Endpoint: http://localhost:8081/api/GL/ImportJournal
Body: [{"docSerExternal":"2598488","branchNo":1,"docDate":"2026-04-27","docNo":null,"jvType":1,"amountLocal":339.34,"referenceNo":"0","beneficiaryName":"","receiver":"","manualDocNo":"","description":"","addTerminalName":"1","details":[{"docDueDate":"2026-04-27","accountCode":"214310001","accountCodeDtl":"100010","accountCodeDtlSub":"","currencyCode":"SAR","exchangeRate":0,"drOrCr":1,"amountLocal":339.34,"amountForeign":0,"costCenterCode":"101010","chequeNo":"0","referenceNo":"0","billNo":"","billSer"...
Status: 200
Response: {"code":2000,"message":"nok","content":[{"referenceId":"2550235","message":"لم ينجاح","errorNo":"0"}]}
Response Time: 1ms
================================================================================

[2026-06-28 01:10:34.266] FAILURE | Serial: 2598488 | Error: nok | لم ينجاح

================================================================================
[2026-06-28 01:10:35.128] REQUEST
Method: POST
Endpoint: http://localhost:8081/api/GL/ImportJournal
Body: [{"docSerExternal":"2598489","branchNo":1,"docDate":"2026-04-27","docNo":null,"jvType":1,"amountLocal":8.4835,"referenceNo":"0","beneficiaryName":"","receiver":"","manualDocNo":"","description":"","addTerminalName":"1","details":[{"docDueDate":"2026-04-27","accountCode":"4111010001","accountCodeDtl":"100010","accountCodeDtlSub":"","currencyCode":"SAR","exchangeRate":0,"drOrCr":1,"amountLocal":8.4835,"amountForeign":0,"costCenterCode":"101010","chequeNo":"0","referenceNo":"0","billNo":"","billSer...
Status: 200
Response: {"code":2000,"message":"nok","content":[{"referenceId":"2550235","message":"لم ينجاح","errorNo":"0"}]}
Response Time: 2ms
================================================================================

[2026-06-28 01:10:35.131] FAILURE | Serial: 2598489 | Error: nok | لم ينجاح

================================================================================
[2026-06-28 01:10:36.086] REQUEST
Method: POST
Endpoint: http://localhost:8081/api/GL/ImportJournal
Body: [{"docSerExternal":"2598491","branchNo":1,"docDate":"2026-04-27","docNo":null,"jvType":1,"amountLocal":169.67,"referenceNo":"0","beneficiaryName":"","receiver":"","manualDocNo":"","description":"","addTerminalName":"1","details":[{"docDueDate":"2026-04-27","accountCode":"214310001","accountCodeDtl":"100013","accountCodeDtlSub":"","currencyCode":"SAR","exchangeRate":0,"drOrCr":1,"amountLocal":169.67,"amountForeign":0,"costCenterCode":"101013","chequeNo":"0","referenceNo":"0","billNo":"","billSer"...
Status: 200
Response: {"code":2000,"message":"nok","content":[{"referenceId":"2550235","message":"لم ينجاح","errorNo":"0"}]}
Response Time: 3ms
================================================================================

[2026-06-28 01:10:36.091] FAILURE | Serial: 2598491 | Error: nok | لم ينجاح

================================================================================
[2026-06-28 01:10:37.026] REQUEST
Method: POST
Endpoint: http://localhost:8081/api/GL/ImportJournal
Body: [{"docSerExternal":"2598492","branchNo":1,"docDate":"2026-04-27","docNo":null,"jvType":1,"amountLocal":4.2417,"referenceNo":"0","beneficiaryName":"","receiver":"","manualDocNo":"","description":"","addTerminalName":"1","details":[{"docDueDate":"2026-04-27","accountCode":"4111010001","accountCodeDtl":"100013","accountCodeDtlSub":"","currencyCode":"SAR","exchangeRate":0,"drOrCr":1,"amountLocal":4.2417,"amountForeign":0,"costCenterCode":"101013","chequeNo":"0","referenceNo":"0","billNo":"","billSer...
Status: 200
Response: {"code":2000,"message":"nok","content":[{"referenceId":"2550235","message":"لم ينجاح","errorNo":"0"}]}
Response Time: 1ms
================================================================================

[2026-06-28 01:10:37.028] FAILURE | Serial: 2598492 | Error: nok | لم ينجاح

================================================================================
[2026-06-28 01:10:37.923] REQUEST
Method: POST
Endpoint: http://localhost:8081/api/GL/ImportJournal
Body: [{"docSerExternal":"2598385","branchNo":1,"docDate":"2026-04-27","docNo":null,"jvType":1,"amountLocal":212.09,"referenceNo":"0","beneficiaryName":"","receiver":"","manualDocNo":"","description":"","addTerminalName":"1","details":[{"docDueDate":"2026-04-27","accountCode":"214310001","accountCodeDtl":"100040","accountCodeDtlSub":"","currencyCode":"SAR","exchangeRate":0,"drOrCr":1,"amountLocal":212.09,"amountForeign":0,"costCenterCode":null,"chequeNo":"0","referenceNo":"0","billNo":"","billSer":"",...
Status: 200
Response: {"code":2000,"message":"nok","content":[{"referenceId":"2550235","message":"لم ينجاح","errorNo":"0"}]}
Response Time: 1ms
================================================================================

[2026-06-28 01:10:37.926] FAILURE | Serial: 2598385 | Error: nok | لم ينجاح

================================================================================
[2026-06-28 01:10:38.856] REQUEST
Method: POST
Endpoint: http://localhost:8081/api/GL/ImportJournal
Body: [{"docSerExternal":"2598386","branchNo":1,"docDate":"2026-04-27","docNo":null,"jvType":1,"amountLocal":5.3022,"referenceNo":"0","beneficiaryName":"","receiver":"","manualDocNo":"","description":"","addTerminalName":"1","details":[{"docDueDate":"2026-04-27","accountCode":"4111010001","accountCodeDtl":"100040","accountCodeDtlSub":"","currencyCode":"SAR","exchangeRate":0,"drOrCr":1,"amountLocal":5.3022,"amountForeign":0,"costCenterCode":"101040","chequeNo":"0","referenceNo":"0","billNo":"","billSer...
Status: 200
Response: {"code":2000,"message":"nok","content":[{"referenceId":"2550235","message":"لم ينجاح","errorNo":"0"}]}
Response Time: 1ms
================================================================================

[2026-06-28 01:10:38.859] FAILURE | Serial: 2598386 | Error: nok | لم ينجاح

================================================================================
[2026-06-28 01:10:39.780] REQUEST
Method: POST
Endpoint: http://localhost:8081/api/GL/ImportJournal
Body: [{"docSerExternal":"2598388","branchNo":1,"docDate":"2026-04-27","docNo":null,"jvType":1,"amountLocal":169.67,"referenceNo":"0","beneficiaryName":"","receiver":"","manualDocNo":"","description":"","addTerminalName":"1","details":[{"docDueDate":"2026-04-27","accountCode":"214310001","accountCodeDtl":"100060","accountCodeDtlSub":"","currencyCode":"SAR","exchangeRate":0,"drOrCr":1,"amountLocal":169.67,"amountForeign":0,"costCenterCode":null,"chequeNo":"0","referenceNo":"0","billNo":"","billSer":"",...
Status: 200
Response: {"code":2000,"message":"nok","content":[{"referenceId":"2550235","message":"لم ينجاح","errorNo":"0"}]}
Response Time: 1ms
================================================================================

[2026-06-28 01:10:39.783] FAILURE | Serial: 2598388 | Error: nok | لم ينجاح

================================================================================
[2026-06-28 01:10:40.756] REQUEST
Method: POST
Endpoint: http://localhost:8081/api/GL/ImportJournal
Body: [{"docSerExternal":"2598389","branchNo":1,"docDate":"2026-04-27","docNo":null,"jvType":1,"amountLocal":4.2417,"referenceNo":"0","beneficiaryName":"","receiver":"","manualDocNo":"","description":"","addTerminalName":"1","details":[{"docDueDate":"2026-04-27","accountCode":"4111010001","accountCodeDtl":"100060","accountCodeDtlSub":"","currencyCode":"SAR","exchangeRate":0,"drOrCr":1,"amountLocal":4.2417,"amountForeign":0,"costCenterCode":"101060","chequeNo":"0","referenceNo":"0","billNo":"","billSer...
Status: 200
Response: {"code":2000,"message":"nok","content":[{"referenceId":"2550235","message":"لم ينجاح","errorNo":"0"}]}
Response Time: 1ms
================================================================================

[2026-06-28 01:10:40.758] FAILURE | Serial: 2598389 | Error: nok | لم ينجاح

================================================================================
[2026-06-28 01:10:41.689] REQUEST
Method: POST
Endpoint: http://localhost:8081/api/GL/ImportJournal
Body: [{"docSerExternal":"2598391","branchNo":1,"docDate":"2026-04-27","docNo":null,"jvType":1,"amountLocal":169.67,"referenceNo":"0","beneficiaryName":"","receiver":"","manualDocNo":"","description":"","addTerminalName":"1","details":[{"docDueDate":"2026-04-27","accountCode":"214310001","accountCodeDtl":"100004","accountCodeDtlSub":"","currencyCode":"SAR","exchangeRate":0,"drOrCr":1,"amountLocal":169.67,"amountForeign":0,"costCenterCode":"101004","chequeNo":"0","referenceNo":"0","billNo":"","billSer"...
Status: 200
Response: {"code":2000,"message":"nok","content":[{"referenceId":"2550235","message":"لم ينجاح","errorNo":"0"}]}
Response Time: 1ms
================================================================================

[2026-06-28 01:10:41.692] FAILURE | Serial: 2598391 | Error: nok | لم ينجاح

================================================================================
[2026-06-28 01:10:42.577] REQUEST
Method: POST
Endpoint: http://localhost:8081/api/GL/ImportJournal
Body: [{"docSerExternal":"2598392","branchNo":1,"docDate":"2026-04-27","docNo":null,"jvType":1,"amountLocal":4.2417,"referenceNo":"0","beneficiaryName":"","receiver":"","manualDocNo":"","description":"","addTerminalName":"1","details":[{"docDueDate":"2026-04-27","accountCode":"4111010001","accountCodeDtl":"100004","accountCodeDtlSub":"","currencyCode":"SAR","exchangeRate":0,"drOrCr":1,"amountLocal":4.2417,"amountForeign":0,"costCenterCode":"101004","chequeNo":"0","referenceNo":"0","billNo":"","billSer...
Status: 200
Response: {"code":2000,"message":"nok","content":[{"referenceId":"2550235","message":"لم ينجاح","errorNo":"0"}]}
Response Time: 1ms
================================================================================

[2026-06-28 01:10:42.580] FAILURE | Serial: 2598392 | Error: nok | لم ينجاح

================================================================================
[2026-06-28 01:10:43.529] REQUEST
Method: POST
Endpoint: http://localhost:8081/api/GL/ImportJournal
Body: [{"docSerExternal":"2598394","branchNo":1,"docDate":"2026-04-27","docNo":null,"jvType":1,"amountLocal":169.67,"referenceNo":"0","beneficiaryName":"","receiver":"","manualDocNo":"","description":"","addTerminalName":"1","details":[{"docDueDate":"2026-04-27","accountCode":"214310001","accountCodeDtl":"100062","accountCodeDtlSub":"","currencyCode":"SAR","exchangeRate":0,"drOrCr":1,"amountLocal":169.67,"amountForeign":0,"costCenterCode":null,"chequeNo":"0","referenceNo":"0","billNo":"","billSer":"",...
Status: 200
Response: {"code":2000,"message":"nok","content":[{"referenceId":"2550235","message":"لم ينجاح","errorNo":"0"}]}
Response Time: 1ms
================================================================================

[2026-06-28 01:10:43.532] FAILURE | Serial: 2598394 | Error: nok | لم ينجاح

================================================================================
[2026-06-28 01:10:44.493] REQUEST
Method: POST
Endpoint: http://localhost:8081/api/GL/ImportJournal
Body: [{"docSerExternal":"2598395","branchNo":1,"docDate":"2026-04-27","docNo":null,"jvType":1,"amountLocal":4.2417,"referenceNo":"0","beneficiaryName":"","receiver":"","manualDocNo":"","description":"","addTerminalName":"1","details":[{"docDueDate":"2026-04-27","accountCode":"4111010001","accountCodeDtl":"100062","accountCodeDtlSub":"","currencyCode":"SAR","exchangeRate":0,"drOrCr":1,"amountLocal":4.2417,"amountForeign":0,"costCenterCode":"101062","chequeNo":"0","referenceNo":"0","billNo":"","billSer...
Status: 200
Response: {"code":2000,"message":"nok","content":[{"referenceId":"2550235","message":"لم ينجاح","errorNo":"0"}]}
Response Time: 1ms
================================================================================

[2026-06-28 01:10:44.496] FAILURE | Serial: 2598395 | Error: nok | لم ينجاح

================================================================================
[2026-06-28 01:10:45.569] REQUEST
Method: POST
Endpoint: http://localhost:8081/api/GL/ImportJournal
Body: [{"docSerExternal":"2598401","branchNo":1,"docDate":"2026-04-27","docNo":null,"jvType":1,"amountLocal":160.34,"referenceNo":"0","beneficiaryName":"","receiver":"","manualDocNo":"","description":"","addTerminalName":"1","details":[{"docDueDate":"2026-04-27","accountCode":"214310001","accountCodeDtl":"100070","accountCodeDtlSub":"","currencyCode":"SAR","exchangeRate":0,"drOrCr":1,"amountLocal":160.34,"amountForeign":0,"costCenterCode":null,"chequeNo":"0","referenceNo":"0","billNo":"","billSer":"",...
Status: 200
Response: {"code":2000,"message":"nok","content":[{"referenceId":"2550235","message":"لم ينجاح","errorNo":"0"}]}
Response Time: 2ms
================================================================================

[2026-06-28 01:10:45.573] FAILURE | Serial: 2598401 | Error: nok | لم ينجاح

================================================================================
[2026-06-28 01:10:46.637] REQUEST
Method: POST
Endpoint: http://localhost:8081/api/GL/ImportJournal
Body: [{"docSerExternal":"2598402","branchNo":1,"docDate":"2026-04-27","docNo":null,"jvType":1,"amountLocal":4.0085,"referenceNo":"0","beneficiaryName":"","receiver":"","manualDocNo":"","description":"","addTerminalName":"1","details":[{"docDueDate":"2026-04-27","accountCode":"4111010001","accountCodeDtl":"100070","accountCodeDtlSub":"","currencyCode":"SAR","exchangeRate":0,"drOrCr":1,"amountLocal":4.0085,"amountForeign":0,"costCenterCode":"101070","chequeNo":"0","referenceNo":"0","billNo":"","billSer...
Status: 200
Response: {"code":2000,"message":"nok","content":[{"referenceId":"2550235","message":"لم ينجاح","errorNo":"0"}]}
Response Time: 1ms
================================================================================

[2026-06-28 01:10:46.640] FAILURE | Serial: 2598402 | Error: nok | لم ينجاح

================================================================================
[2026-06-28 01:10:47.725] REQUEST
Method: POST
Endpoint: http://localhost:8081/api/GL/ImportJournal
Body: [{"docSerExternal":"2598410","branchNo":1,"docDate":"2026-04-27","docNo":null,"jvType":1,"amountLocal":195.12,"referenceNo":"0","beneficiaryName":"","receiver":"","manualDocNo":"","description":"","addTerminalName":"1","details":[{"docDueDate":"2026-04-27","accountCode":"214310001","accountCodeDtl":"100036","accountCodeDtlSub":"","currencyCode":"SAR","exchangeRate":0,"drOrCr":1,"amountLocal":195.12,"amountForeign":0,"costCenterCode":null,"chequeNo":"0","referenceNo":"0","billNo":"","billSer":"",...
Status: 200
Response: {"code":2000,"message":"nok","content":[{"referenceId":"2550235","message":"لم ينجاح","errorNo":"0"}]}
Response Time: 1ms
================================================================================

[2026-06-28 01:10:47.728] FAILURE | Serial: 2598410 | Error: nok | لم ينجاح

================================================================================
[2026-06-28 01:10:48.720] REQUEST
Method: POST
Endpoint: http://localhost:8081/api/GL/ImportJournal
Body: [{"docSerExternal":"2598411","branchNo":1,"docDate":"2026-04-27","docNo":null,"jvType":1,"amountLocal":4.878,"referenceNo":"0","beneficiaryName":"","receiver":"","manualDocNo":"","description":"","addTerminalName":"1","details":[{"docDueDate":"2026-04-27","accountCode":"4111010001","accountCodeDtl":"100036","accountCodeDtlSub":"","currencyCode":"SAR","exchangeRate":0,"drOrCr":1,"amountLocal":4.878,"amountForeign":0,"costCenterCode":"101036","chequeNo":"0","referenceNo":"0","billNo":"","billSer":...
Status: 200
Response: {"code":2000,"message":"nok","content":[{"referenceId":"2550235","message":"لم ينجاح","errorNo":"0"}]}
Response Time: 2ms
================================================================================

[2026-06-28 01:10:48.723] FAILURE | Serial: 2598411 | Error: nok | لم ينجاح

================================================================================
[2026-06-28 01:10:49.765] REQUEST
Method: POST
Endpoint: http://localhost:8081/api/GL/ImportJournal
Body: [{"docSerExternal":"2598417","branchNo":1,"docDate":"2026-04-27","docNo":null,"jvType":1,"amountLocal":160.34,"referenceNo":"0","beneficiaryName":"","receiver":"","manualDocNo":"","description":"","addTerminalName":"1","details":[{"docDueDate":"2026-04-27","accountCode":"214310001","accountCodeDtl":"100034","accountCodeDtlSub":"","currencyCode":"SAR","exchangeRate":0,"drOrCr":1,"amountLocal":160.34,"amountForeign":0,"costCenterCode":null,"chequeNo":"0","referenceNo":"0","billNo":"","billSer":"",...
Status: 200
Response: {"code":2000,"message":"nok","content":[{"referenceId":"2550235","message":"لم ينجاح","errorNo":"0"}]}
Response Time: 4ms
================================================================================

[2026-06-28 01:10:49.770] FAILURE | Serial: 2598417 | Error: nok | لم ينجاح

================================================================================
[2026-06-28 01:10:50.740] REQUEST
Method: POST
Endpoint: http://localhost:8081/api/GL/ImportJournal
Body: [{"docSerExternal":"2598418","branchNo":1,"docDate":"2026-04-27","docNo":null,"jvType":1,"amountLocal":4.0085,"referenceNo":"0","beneficiaryName":"","receiver":"","manualDocNo":"","description":"","addTerminalName":"1","details":[{"docDueDate":"2026-04-27","accountCode":"4111010001","accountCodeDtl":"100034","accountCodeDtlSub":"","currencyCode":"SAR","exchangeRate":0,"drOrCr":1,"amountLocal":4.0085,"amountForeign":0,"costCenterCode":"101034","chequeNo":"0","referenceNo":"0","billNo":"","billSer...
Status: 200
Response: {"code":2000,"message":"nok","content":[{"referenceId":"2550235","message":"لم ينجاح","errorNo":"0"}]}
Response Time: 2ms
================================================================================

[2026-06-28 01:10:50.743] FAILURE | Serial: 2598418 | Error: nok | لم ينجاح

================================================================================
[2026-06-28 01:10:51.755] REQUEST
Method: POST
Endpoint: http://localhost:8081/api/GL/ImportJournal
Body: [{"docSerExternal":"2598420","branchNo":1,"docDate":"2026-04-27","docNo":null,"jvType":1,"amountLocal":160.34,"referenceNo":"0","beneficiaryName":"","receiver":"","manualDocNo":"","description":"","addTerminalName":"1","details":[{"docDueDate":"2026-04-27","accountCode":"214310001","accountCodeDtl":"100049","accountCodeDtlSub":"","currencyCode":"SAR","exchangeRate":0,"drOrCr":1,"amountLocal":160.34,"amountForeign":0,"costCenterCode":"101049","chequeNo":"0","referenceNo":"0","billNo":"","billSer"...
Status: 200
Response: {"code":2000,"message":"nok","content":[{"referenceId":"2550235","message":"لم ينجاح","errorNo":"0"}]}
Response Time: 2ms
================================================================================

[2026-06-28 01:10:51.758] FAILURE | Serial: 2598420 | Error: nok | لم ينجاح

================================================================================
[2026-06-28 01:10:52.670] REQUEST
Method: POST
Endpoint: http://localhost:8081/api/GL/ImportJournal
Body: [{"docSerExternal":"2598421","branchNo":1,"docDate":"2026-04-27","docNo":null,"jvType":1,"amountLocal":4.0085,"referenceNo":"0","beneficiaryName":"","receiver":"","manualDocNo":"","description":"","addTerminalName":"1","details":[{"docDueDate":"2026-04-27","accountCode":"4111010001","accountCodeDtl":"100049","accountCodeDtlSub":"","currencyCode":"SAR","exchangeRate":0,"drOrCr":1,"amountLocal":4.0085,"amountForeign":0,"costCenterCode":"101049","chequeNo":"0","referenceNo":"0","billNo":"","billSer...
Status: 200
Response: {"code":2000,"message":"nok","content":[{"referenceId":"2550235","message":"لم ينجاح","errorNo":"0"}]}
Response Time: 1ms
================================================================================

[2026-06-28 01:10:52.673] FAILURE | Serial: 2598421 | Error: nok | لم ينجاح

================================================================================
[2026-06-28 01:36:17.215] REQUEST
Method: POST
Endpoint: http://localhost:8081/api/Auth/login
Body: {"userId":"1","password":"1"}
Status: 200
Response: {"token":"HARDCODED_TEST_TOKEN_12345"}
Response Time: 82ms
================================================================================


================================================================================
[2026-06-28 01:36:17.304] REQUEST
Method: POST
Endpoint: http://localhost:8081/api/GL/ImportJournal
Body: [{"docSerExternal":"2598425","branchNo":1,"docDate":"2026-04-27","docNo":null,"jvType":1,"amountLocal":157.79,"referenceNo":"0","beneficiaryName":"","receiver":"","manualDocNo":"","description":"","addTerminalName":"1","details":[{"docDueDate":"2026-04-27","accountCode":"214310001","accountCodeDtl":"100009","accountCodeDtlSub":"","currencyCode":"SAR","exchangeRate":0,"drOrCr":1,"amountLocal":0,"amountForeign":0,"costCenterCode":"101009","chequeNo":"0","referenceNo":"0","billNo":"","billSer":"","...
Status: 200
Response: {"code":2000,"message":"nok","content":[{"referenceId":"2550235","message":"لم ينجاح","errorNo":"0"}]}
Response Time: 3ms
================================================================================

[2026-06-28 01:36:17.310] FAILURE | Serial: 2598425 | Error: nok | لم ينجاح

================================================================================
[2026-06-28 01:36:17.886] REQUEST
Method: POST
Endpoint: http://localhost:8081/api/GL/ImportJournal
Body: [{"docSerExternal":"2598426","branchNo":1,"docDate":"2026-04-27","docNo":null,"jvType":1,"amountLocal":3.9447,"referenceNo":"0","beneficiaryName":"","receiver":"","manualDocNo":"","description":"","addTerminalName":"1","details":[{"docDueDate":"2026-04-27","accountCode":"4111010001","accountCodeDtl":"100009","accountCodeDtlSub":"","currencyCode":"SAR","exchangeRate":0,"drOrCr":1,"amountLocal":0,"amountForeign":0,"costCenterCode":"101009","chequeNo":"0","referenceNo":"0","billNo":"","billSer":"",...
Status: 200
Response: {"code":2000,"message":"nok","content":[{"referenceId":"2550235","message":"لم ينجاح","errorNo":"0"}]}
Response Time: 3ms
================================================================================

[2026-06-28 01:36:17.890] FAILURE | Serial: 2598426 | Error: nok | لم ينجاح

================================================================================
[2026-06-28 01:36:18.442] REQUEST
Method: POST
Endpoint: http://localhost:8081/api/GL/ImportJournal
Body: [{"docSerExternal":"2598430","branchNo":1,"docDate":"2026-04-27","docNo":null,"jvType":1,"amountLocal":157.79,"referenceNo":"0","beneficiaryName":"","receiver":"","manualDocNo":"","description":"","addTerminalName":"1","details":[{"docDueDate":"2026-04-27","accountCode":"214310001","accountCodeDtl":"100007","accountCodeDtlSub":"","currencyCode":"SAR","exchangeRate":0,"drOrCr":1,"amountLocal":0,"amountForeign":0,"costCenterCode":"101007","chequeNo":"0","referenceNo":"0","billNo":"","billSer":"","...
Status: 200
Response: {"code":2000,"message":"nok","content":[{"referenceId":"2550235","message":"لم ينجاح","errorNo":"0"}]}
Response Time: 2ms
================================================================================

[2026-06-28 01:36:18.445] FAILURE | Serial: 2598430 | Error: nok | لم ينجاح

================================================================================
[2026-06-28 01:36:19.013] REQUEST
Method: POST
Endpoint: http://localhost:8081/api/GL/ImportJournal
Body: [{"docSerExternal":"2598431","branchNo":1,"docDate":"2026-04-27","docNo":null,"jvType":1,"amountLocal":3.9447,"referenceNo":"0","beneficiaryName":"","receiver":"","manualDocNo":"","description":"","addTerminalName":"1","details":[{"docDueDate":"2026-04-27","accountCode":"4111010001","accountCodeDtl":"100007","accountCodeDtlSub":"","currencyCode":"SAR","exchangeRate":0,"drOrCr":1,"amountLocal":0,"amountForeign":0,"costCenterCode":"101007","chequeNo":"0","referenceNo":"0","billNo":"","billSer":"",...
Status: 200
Response: {"code":2000,"message":"nok","content":[{"referenceId":"2550235","message":"لم ينجاح","errorNo":"0"}]}
Response Time: 2ms
================================================================================

[2026-06-28 01:36:19.016] FAILURE | Serial: 2598431 | Error: nok | لم ينجاح

================================================================================
[2026-06-28 01:36:19.591] REQUEST
Method: POST
Endpoint: http://localhost:8081/api/GL/ImportJournal
Body: [{"docSerExternal":"2598432","branchNo":1,"docDate":"2026-04-27","docNo":null,"jvType":1,"amountLocal":169.67,"referenceNo":"0","beneficiaryName":"","receiver":"","manualDocNo":"","description":"","addTerminalName":"1","details":[{"docDueDate":"2026-04-27","accountCode":"214310001","accountCodeDtl":"100061","accountCodeDtlSub":"","currencyCode":"SAR","exchangeRate":0,"drOrCr":1,"amountLocal":0,"amountForeign":0,"costCenterCode":null,"chequeNo":"0","referenceNo":"0","billNo":"","billSer":"","inst...
Status: 200
Response: {"code":2000,"message":"nok","content":[{"referenceId":"2550235","message":"لم ينجاح","errorNo":"0"}]}
Response Time: 2ms
================================================================================

[2026-06-28 01:36:19.595] FAILURE | Serial: 2598432 | Error: nok | لم ينجاح

================================================================================
[2026-06-28 01:36:20.164] REQUEST
Method: POST
Endpoint: http://localhost:8081/api/GL/ImportJournal
Body: [{"docSerExternal":"2598433","branchNo":1,"docDate":"2026-04-27","docNo":null,"jvType":1,"amountLocal":4.2417,"referenceNo":"0","beneficiaryName":"","receiver":"","manualDocNo":"","description":"","addTerminalName":"1","details":[{"docDueDate":"2026-04-27","accountCode":"4111010001","accountCodeDtl":"100061","accountCodeDtlSub":"","currencyCode":"SAR","exchangeRate":0,"drOrCr":1,"amountLocal":0,"amountForeign":0,"costCenterCode":"101061","chequeNo":"0","referenceNo":"0","billNo":"","billSer":"",...
Status: 200
Response: {"code":2000,"message":"nok","content":[{"referenceId":"2550235","message":"لم ينجاح","errorNo":"0"}]}
Response Time: 3ms
================================================================================

[2026-06-28 01:36:20.168] FAILURE | Serial: 2598433 | Error: nok | لم ينجاح

================================================================================
[2026-06-28 01:36:20.744] REQUEST
Method: POST
Endpoint: http://localhost:8081/api/GL/ImportJournal
Body: [{"docSerExternal":"2598435","branchNo":1,"docDate":"2026-04-27","docNo":null,"jvType":1,"amountLocal":152.7,"referenceNo":"0","beneficiaryName":"","receiver":"","manualDocNo":"","description":"","addTerminalName":"1","details":[{"docDueDate":"2026-04-27","accountCode":"214310001","accountCodeDtl":"100072","accountCodeDtlSub":"","currencyCode":"SAR","exchangeRate":0,"drOrCr":1,"amountLocal":0,"amountForeign":0,"costCenterCode":null,"chequeNo":"0","referenceNo":"0","billNo":"","billSer":"","insta...
Status: 200
Response: {"code":2000,"message":"nok","content":[{"referenceId":"2550235","message":"لم ينجاح","errorNo":"0"}]}
Response Time: 2ms
================================================================================

[2026-06-28 01:36:20.747] FAILURE | Serial: 2598435 | Error: nok | لم ينجاح

================================================================================
[2026-06-28 01:36:21.319] REQUEST
Method: POST
Endpoint: http://localhost:8081/api/GL/ImportJournal
Body: [{"docSerExternal":"2598436","branchNo":1,"docDate":"2026-04-27","docNo":null,"jvType":1,"amountLocal":3.8175,"referenceNo":"0","beneficiaryName":"","receiver":"","manualDocNo":"","description":"","addTerminalName":"1","details":[{"docDueDate":"2026-04-27","accountCode":"4111010001","accountCodeDtl":"100072","accountCodeDtlSub":"","currencyCode":"SAR","exchangeRate":0,"drOrCr":1,"amountLocal":0,"amountForeign":0,"costCenterCode":"101072","chequeNo":"0","referenceNo":"0","billNo":"","billSer":"",...
Status: 200
Response: {"code":2000,"message":"nok","content":[{"referenceId":"2550235","message":"لم ينجاح","errorNo":"0"}]}
Response Time: 2ms
================================================================================

[2026-06-28 01:36:21.322] FAILURE | Serial: 2598436 | Error: nok | لم ينجاح

================================================================================
[2026-06-28 01:36:21.868] REQUEST
Method: POST
Endpoint: http://localhost:8081/api/GL/ImportJournal
Body: [{"docSerExternal":"2598438","branchNo":1,"docDate":"2026-04-27","docNo":null,"jvType":1,"amountLocal":157.79,"referenceNo":"0","beneficiaryName":"","receiver":"","manualDocNo":"","description":"","addTerminalName":"1","details":[{"docDueDate":"2026-04-27","accountCode":"214310001","accountCodeDtl":"100012","accountCodeDtlSub":"","currencyCode":"SAR","exchangeRate":0,"drOrCr":1,"amountLocal":0,"amountForeign":0,"costCenterCode":"101012","chequeNo":"0","referenceNo":"0","billNo":"","billSer":"","...
Status: 200
Response: {"code":2000,"message":"nok","content":[{"referenceId":"2550235","message":"لم ينجاح","errorNo":"0"}]}
Response Time: 2ms
================================================================================

[2026-06-28 01:36:21.872] FAILURE | Serial: 2598438 | Error: nok | لم ينجاح

================================================================================
[2026-06-28 01:36:22.422] REQUEST
Method: POST
Endpoint: http://localhost:8081/api/GL/ImportJournal
Body: [{"docSerExternal":"2598439","branchNo":1,"docDate":"2026-04-27","docNo":null,"jvType":1,"amountLocal":3.9447,"referenceNo":"0","beneficiaryName":"","receiver":"","manualDocNo":"","description":"","addTerminalName":"1","details":[{"docDueDate":"2026-04-27","accountCode":"4111010001","accountCodeDtl":"100012","accountCodeDtlSub":"","currencyCode":"SAR","exchangeRate":0,"drOrCr":1,"amountLocal":0,"amountForeign":0,"costCenterCode":"101012","chequeNo":"0","referenceNo":"0","billNo":"","billSer":"",...
Status: 200
Response: {"code":2000,"message":"nok","content":[{"referenceId":"2550235","message":"لم ينجاح","errorNo":"0"}]}
Response Time: 2ms
================================================================================

[2026-06-28 01:36:22.426] FAILURE | Serial: 2598439 | Error: nok | لم ينجاح

================================================================================
[2026-06-28 01:36:22.976] REQUEST
Method: POST
Endpoint: http://localhost:8081/api/GL/ImportJournal
Body: [{"docSerExternal":"2598441","branchNo":1,"docDate":"2026-04-27","docNo":null,"jvType":1,"amountLocal":169.67,"referenceNo":"0","beneficiaryName":"","receiver":"","manualDocNo":"","description":"","addTerminalName":"1","details":[{"docDueDate":"2026-04-27","accountCode":"214310001","accountCodeDtl":"100021","accountCodeDtlSub":"","currencyCode":"SAR","exchangeRate":0,"drOrCr":1,"amountLocal":0,"amountForeign":0,"costCenterCode":null,"chequeNo":"0","referenceNo":"0","billNo":"","billSer":"","inst...
Status: 200
Response: {"code":2000,"message":"nok","content":[{"referenceId":"2550235","message":"لم ينجاح","errorNo":"0"}]}
Response Time: 2ms
================================================================================

[2026-06-28 01:36:22.979] FAILURE | Serial: 2598441 | Error: nok | لم ينجاح

================================================================================
[2026-06-28 01:36:23.545] REQUEST
Method: POST
Endpoint: http://localhost:8081/api/GL/ImportJournal
Body: [{"docSerExternal":"2598442","branchNo":1,"docDate":"2026-04-27","docNo":null,"jvType":1,"amountLocal":4.2417,"referenceNo":"0","beneficiaryName":"","receiver":"","manualDocNo":"","description":"","addTerminalName":"1","details":[{"docDueDate":"2026-04-27","accountCode":"4111010001","accountCodeDtl":"100021","accountCodeDtlSub":"","currencyCode":"SAR","exchangeRate":0,"drOrCr":1,"amountLocal":0,"amountForeign":0,"costCenterCode":"101021","chequeNo":"0","referenceNo":"0","billNo":"","billSer":"",...
Status: 200
Response: {"code":2000,"message":"nok","content":[{"referenceId":"2550235","message":"لم ينجاح","errorNo":"0"}]}
Response Time: 2ms
================================================================================

[2026-06-28 01:36:23.549] FAILURE | Serial: 2598442 | Error: nok | لم ينجاح

================================================================================
[2026-06-28 01:36:24.139] REQUEST
Method: POST
Endpoint: http://localhost:8081/api/GL/ImportJournal
Body: [{"docSerExternal":"2598443","branchNo":1,"docDate":"2026-04-27","docNo":null,"jvType":1,"amountLocal":169.67,"referenceNo":"0","beneficiaryName":"","receiver":"","manualDocNo":"","description":"","addTerminalName":"1","details":[{"docDueDate":"2026-04-27","accountCode":"214310001","accountCodeDtl":"100008","accountCodeDtlSub":"","currencyCode":"SAR","exchangeRate":0,"drOrCr":1,"amountLocal":0,"amountForeign":0,"costCenterCode":"101008","chequeNo":"0","referenceNo":"0","billNo":"","billSer":"","...
Status: 200
Response: {"code":2000,"message":"nok","content":[{"referenceId":"2550235","message":"لم ينجاح","errorNo":"0"}]}
Response Time: 2ms
================================================================================

[2026-06-28 01:36:24.143] FAILURE | Serial: 2598443 | Error: nok | لم ينجاح

================================================================================
[2026-06-28 01:36:24.684] REQUEST
Method: POST
Endpoint: http://localhost:8081/api/GL/ImportJournal
Body: [{"docSerExternal":"2598444","branchNo":1,"docDate":"2026-04-27","docNo":null,"jvType":1,"amountLocal":154.4,"referenceNo":"0","beneficiaryName":"","receiver":"","manualDocNo":"","description":"","addTerminalName":"1","details":[{"docDueDate":"2026-04-27","accountCode":"214310001","accountCodeDtl":"100066","accountCodeDtlSub":"","currencyCode":"SAR","exchangeRate":0,"drOrCr":1,"amountLocal":0,"amountForeign":0,"costCenterCode":null,"chequeNo":"0","referenceNo":"0","billNo":"","billSer":"","insta...
Status: 200
Response: {"code":2000,"message":"nok","content":[{"referenceId":"2550235","message":"لم ينجاح","errorNo":"0"}]}
Response Time: 2ms
================================================================================

[2026-06-28 01:36:24.687] FAILURE | Serial: 2598444 | Error: nok | لم ينجاح

================================================================================
[2026-06-28 01:36:25.253] REQUEST
Method: POST
Endpoint: http://localhost:8081/api/GL/ImportJournal
Body: [{"docSerExternal":"2598445","branchNo":1,"docDate":"2026-04-27","docNo":null,"jvType":1,"amountLocal":156.1,"referenceNo":"0","beneficiaryName":"","receiver":"","manualDocNo":"","description":"","addTerminalName":"1","details":[{"docDueDate":"2026-04-27","accountCode":"214310001","accountCodeDtl":"100076","accountCodeDtlSub":"","currencyCode":"SAR","exchangeRate":0,"drOrCr":1,"amountLocal":0,"amountForeign":0,"costCenterCode":null,"chequeNo":"0","referenceNo":"0","billNo":"","billSer":"","insta...
Status: 200
Response: {"code":2000,"message":"nok","content":[{"referenceId":"2550235","message":"لم ينجاح","errorNo":"0"}]}
Response Time: 2ms
================================================================================

[2026-06-28 01:36:25.257] FAILURE | Serial: 2598445 | Error: nok | لم ينجاح

================================================================================
[2026-06-28 01:36:25.843] REQUEST
Method: POST
Endpoint: http://localhost:8081/api/GL/ImportJournal
Body: [{"docSerExternal":"2598446","branchNo":1,"docDate":"2026-04-27","docNo":null,"jvType":1,"amountLocal":169.67,"referenceNo":"0","beneficiaryName":"","receiver":"","manualDocNo":"","description":"","addTerminalName":"1","details":[{"docDueDate":"2026-04-27","accountCode":"214310001","accountCodeDtl":"100014","accountCodeDtlSub":"","currencyCode":"SAR","exchangeRate":0,"drOrCr":1,"amountLocal":0,"amountForeign":0,"costCenterCode":"101014","chequeNo":"0","referenceNo":"0","billNo":"","billSer":"","...
Status: 200
Response: {"code":2000,"message":"nok","content":[{"referenceId":"2550235","message":"لم ينجاح","errorNo":"0"}]}
Response Time: 2ms
================================================================================

[2026-06-28 01:36:25.847] FAILURE | Serial: 2598446 | Error: nok | لم ينجاح

================================================================================
[2026-06-28 01:36:26.426] REQUEST
Method: POST
Endpoint: http://localhost:8081/api/GL/ImportJournal
Body: [{"docSerExternal":"2598447","branchNo":1,"docDate":"2026-04-27","docNo":null,"jvType":1,"amountLocal":156.1,"referenceNo":"0","beneficiaryName":"","receiver":"","manualDocNo":"","description":"","addTerminalName":"1","details":[{"docDueDate":"2026-04-27","accountCode":"214310001","accountCodeDtl":"100019","accountCodeDtlSub":"","currencyCode":"SAR","exchangeRate":0,"drOrCr":1,"amountLocal":0,"amountForeign":0,"costCenterCode":"101019","chequeNo":"0","referenceNo":"0","billNo":"","billSer":"","i...
Status: 200
Response: {"code":2000,"message":"nok","content":[{"referenceId":"2550235","message":"لم ينجاح","errorNo":"0"}]}
Response Time: 2ms
================================================================================

[2026-06-28 01:36:26.429] FAILURE | Serial: 2598447 | Error: nok | لم ينجاح

================================================================================
[2026-06-28 01:36:26.975] REQUEST
Method: POST
Endpoint: http://localhost:8081/api/GL/ImportJournal
Body: [{"docSerExternal":"2598448","branchNo":1,"docDate":"2026-04-27","docNo":null,"jvType":1,"amountLocal":152.7,"referenceNo":"0","beneficiaryName":"","receiver":"","manualDocNo":"","description":"","addTerminalName":"1","details":[{"docDueDate":"2026-04-27","accountCode":"214310001","accountCodeDtl":"100028","accountCodeDtlSub":"","currencyCode":"SAR","exchangeRate":0,"drOrCr":1,"amountLocal":0,"amountForeign":0,"costCenterCode":null,"chequeNo":"0","referenceNo":"0","billNo":"","billSer":"","insta...
Status: 200
Response: {"code":2000,"message":"nok","content":[{"referenceId":"2550235","message":"لم ينجاح","errorNo":"0"}]}
Response Time: 1ms
================================================================================

[2026-06-28 01:36:26.978] FAILURE | Serial: 2598448 | Error: nok | لم ينجاح

================================================================================
[2026-06-28 01:36:27.545] REQUEST
Method: POST
Endpoint: http://localhost:8081/api/GL/ImportJournal
Body: [{"docSerExternal":"2598449","branchNo":1,"docDate":"2026-04-27","docNo":null,"jvType":1,"amountLocal":169.67,"referenceNo":"0","beneficiaryName":"","receiver":"","manualDocNo":"","description":"","addTerminalName":"1","details":[{"docDueDate":"2026-04-27","accountCode":"214310001","accountCodeDtl":"100038","accountCodeDtlSub":"","currencyCode":"SAR","exchangeRate":0,"drOrCr":1,"amountLocal":0,"amountForeign":0,"costCenterCode":null,"chequeNo":"0","referenceNo":"0","billNo":"","billSer":"","inst...
Status: 200
Response: {"code":2000,"message":"nok","content":[{"referenceId":"2550235","message":"لم ينجاح","errorNo":"0"}]}
Response Time: 2ms
================================================================================

[2026-06-28 01:36:27.548] FAILURE | Serial: 2598449 | Error: nok | لم ينجاح

================================================================================
[2026-06-28 01:36:28.100] REQUEST
Method: POST
Endpoint: http://localhost:8081/api/GL/ImportJournal
Body: [{"docSerExternal":"2598450","branchNo":1,"docDate":"2026-04-27","docNo":null,"jvType":1,"amountLocal":154.4,"referenceNo":"0","beneficiaryName":"","receiver":"","manualDocNo":"","description":"","addTerminalName":"1","details":[{"docDueDate":"2026-04-27","accountCode":"214310001","accountCodeDtl":"100044","accountCodeDtlSub":"","currencyCode":"SAR","exchangeRate":0,"drOrCr":1,"amountLocal":0,"amountForeign":0,"costCenterCode":null,"chequeNo":"0","referenceNo":"0","billNo":"","billSer":"","insta...
Status: 200
Response: {"code":2000,"message":"nok","content":[{"referenceId":"2550235","message":"لم ينجاح","errorNo":"0"}]}
Response Time: 2ms
================================================================================

[2026-06-28 01:36:28.103] FAILURE | Serial: 2598450 | Error: nok | لم ينجاح

================================================================================
[2026-06-28 01:36:28.662] REQUEST
Method: POST
Endpoint: http://localhost:8081/api/GL/ImportJournal
Body: [{"docSerExternal":"2598451","branchNo":1,"docDate":"2026-04-27","docNo":null,"jvType":1,"amountLocal":169.67,"referenceNo":"0","beneficiaryName":"","receiver":"","manualDocNo":"","description":"","addTerminalName":"1","details":[{"docDueDate":"2026-04-27","accountCode":"214310001","accountCodeDtl":"100046","accountCodeDtlSub":"","currencyCode":"SAR","exchangeRate":0,"drOrCr":1,"amountLocal":0,"amountForeign":0,"costCenterCode":null,"chequeNo":"0","referenceNo":"0","billNo":"","billSer":"","inst...
Status: 200
Response: {"code":2000,"message":"nok","content":[{"referenceId":"2550235","message":"لم ينجاح","errorNo":"0"}]}
Response Time: 2ms
================================================================================

[2026-06-28 01:36:28.665] FAILURE | Serial: 2598451 | Error: nok | لم ينجاح

================================================================================
[2026-06-28 01:36:29.232] REQUEST
Method: POST
Endpoint: http://localhost:8081/api/GL/ImportJournal
Body: [{"docSerExternal":"2598452","branchNo":1,"docDate":"2026-04-27","docNo":null,"jvType":1,"amountLocal":312,"referenceNo":"0","beneficiaryName":"","receiver":"","manualDocNo":"","description":"","addTerminalName":"1","details":[{"docDueDate":"2026-04-27","accountCode":"214310001","accountCodeDtl":"100048","accountCodeDtlSub":"","currencyCode":"SAR","exchangeRate":0,"drOrCr":1,"amountLocal":0,"amountForeign":0,"costCenterCode":"101048","chequeNo":"0","referenceNo":"0","billNo":"","billSer":"","ins...
Status: 200
Response: {"code":2000,"message":"nok","content":[{"referenceId":"2550235","message":"لم ينجاح","errorNo":"0"}]}
Response Time: 2ms
================================================================================

[2026-06-28 01:36:29.235] FAILURE | Serial: 2598452 | Error: nok | لم ينجاح

================================================================================
[2026-06-28 01:36:29.788] REQUEST
Method: POST
Endpoint: http://localhost:8081/api/GL/ImportJournal
Body: [{"docSerExternal":"2598453","branchNo":1,"docDate":"2026-04-27","docNo":null,"jvType":1,"amountLocal":156.1,"referenceNo":"0","beneficiaryName":"","receiver":"","manualDocNo":"","description":"","addTerminalName":"1","details":[{"docDueDate":"2026-04-27","accountCode":"214310001","accountCodeDtl":"100050","accountCodeDtlSub":"","currencyCode":"SAR","exchangeRate":0,"drOrCr":1,"amountLocal":0,"amountForeign":0,"costCenterCode":"101050","chequeNo":"0","referenceNo":"0","billNo":"","billSer":"","i...
Status: 200
Response: {"code":2000,"message":"nok","content":[{"referenceId":"2550235","message":"لم ينجاح","errorNo":"0"}]}
Response Time: 2ms
================================================================================

[2026-06-28 01:36:29.791] FAILURE | Serial: 2598453 | Error: nok | لم ينجاح

================================================================================
[2026-06-28 01:36:30.343] REQUEST
Method: POST
Endpoint: http://localhost:8081/api/GL/ImportJournal
Body: [{"docSerExternal":"2598454","branchNo":1,"docDate":"2026-04-27","docNo":null,"jvType":1,"amountLocal":152.7,"referenceNo":"0","beneficiaryName":"","receiver":"","manualDocNo":"","description":"","addTerminalName":"1","details":[{"docDueDate":"2026-04-27","accountCode":"214310001","accountCodeDtl":"100053","accountCodeDtlSub":"","currencyCode":"SAR","exchangeRate":0,"drOrCr":1,"amountLocal":0,"amountForeign":0,"costCenterCode":"101053","chequeNo":"0","referenceNo":"0","billNo":"","billSer":"","i...
Status: 200
Response: {"code":2000,"message":"nok","content":[{"referenceId":"2550235","message":"لم ينجاح","errorNo":"0"}]}
Response Time: 2ms
================================================================================

[2026-06-28 01:36:30.346] FAILURE | Serial: 2598454 | Error: nok | لم ينجاح

================================================================================
[2026-06-28 01:36:30.924] REQUEST
Method: POST
Endpoint: http://localhost:8081/api/GL/ImportJournal
Body: [{"docSerExternal":"2598455","branchNo":1,"docDate":"2026-04-27","docNo":null,"jvType":1,"amountLocal":169.67,"referenceNo":"0","beneficiaryName":"","receiver":"","manualDocNo":"","description":"","addTerminalName":"1","details":[{"docDueDate":"2026-04-27","accountCode":"214310001","accountCodeDtl":"100056","accountCodeDtlSub":"","currencyCode":"SAR","exchangeRate":0,"drOrCr":1,"amountLocal":0,"amountForeign":0,"costCenterCode":"101056","chequeNo":"0","referenceNo":"0","billNo":"","billSer":"","...
Status: 200
Response: {"code":2000,"message":"nok","content":[{"referenceId":"2550235","message":"لم ينجاح","errorNo":"0"}]}
Response Time: 1ms
================================================================================

[2026-06-28 01:36:30.927] FAILURE | Serial: 2598455 | Error: nok | لم ينجاح

================================================================================
[2026-06-28 01:36:31.497] REQUEST
Method: POST
Endpoint: http://localhost:8081/api/GL/ImportJournal
Body: [{"docSerExternal":"2598456","branchNo":1,"docDate":"2026-04-27","docNo":null,"jvType":1,"amountLocal":152.7,"referenceNo":"0","beneficiaryName":"","receiver":"","manualDocNo":"","description":"","addTerminalName":"1","details":[{"docDueDate":"2026-04-27","accountCode":"214310001","accountCodeDtl":"100063","accountCodeDtlSub":"","currencyCode":"SAR","exchangeRate":0,"drOrCr":1,"amountLocal":0,"amountForeign":0,"costCenterCode":null,"chequeNo":"0","referenceNo":"0","billNo":"","billSer":"","insta...
Status: 200
Response: {"code":2000,"message":"nok","content":[{"referenceId":"2550235","message":"لم ينجاح","errorNo":"0"}]}
Response Time: 1ms
================================================================================

[2026-06-28 01:36:31.500] FAILURE | Serial: 2598456 | Error: nok | لم ينجاح

================================================================================
[2026-06-28 01:36:32.073] REQUEST
Method: POST
Endpoint: http://localhost:8081/api/GL/ImportJournal
Body: [{"docSerExternal":"2598457","branchNo":1,"docDate":"2026-04-27","docNo":null,"jvType":1,"amountLocal":169.67,"referenceNo":"0","beneficiaryName":"","receiver":"","manualDocNo":"","description":"","addTerminalName":"1","details":[{"docDueDate":"2026-04-27","accountCode":"214310001","accountCodeDtl":"100071","accountCodeDtlSub":"","currencyCode":"SAR","exchangeRate":0,"drOrCr":1,"amountLocal":0,"amountForeign":0,"costCenterCode":null,"chequeNo":"0","referenceNo":"0","billNo":"","billSer":"","inst...
Status: 200
Response: {"code":2000,"message":"nok","content":[{"referenceId":"2550235","message":"لم ينجاح","errorNo":"0"}]}
Response Time: 2ms
================================================================================

[2026-06-28 01:36:32.076] FAILURE | Serial: 2598457 | Error: nok | لم ينجاح

================================================================================
[2026-06-28 01:36:32.631] REQUEST
Method: POST
Endpoint: http://localhost:8081/api/GL/ImportJournal
Body: [{"docSerExternal":"2598458","branchNo":1,"docDate":"2026-04-27","docNo":null,"jvType":1,"amountLocal":197.67,"referenceNo":"0","beneficiaryName":"","receiver":"","manualDocNo":"","description":"","addTerminalName":"1","details":[{"docDueDate":"2026-04-27","accountCode":"214310001","accountCodeDtl":"100073","accountCodeDtlSub":"","currencyCode":"SAR","exchangeRate":0,"drOrCr":1,"amountLocal":0,"amountForeign":0,"costCenterCode":null,"chequeNo":"0","referenceNo":"0","billNo":"","billSer":"","inst...
Status: 200
Response: {"code":2000,"message":"nok","content":[{"referenceId":"2550235","message":"لم ينجاح","errorNo":"0"}]}
Response Time: 2ms
================================================================================

[2026-06-28 01:36:32.635] FAILURE | Serial: 2598458 | Error: nok | لم ينجاح

================================================================================
[2026-06-28 01:36:33.203] REQUEST
Method: POST
Endpoint: http://localhost:8081/api/GL/ImportJournal
Body: [{"docSerExternal":"2598459","branchNo":1,"docDate":"2026-04-27","docNo":null,"jvType":1,"amountLocal":4.2417,"referenceNo":"0","beneficiaryName":"","receiver":"","manualDocNo":"","description":"","addTerminalName":"1","details":[{"docDueDate":"2026-04-27","accountCode":"4111010001","accountCodeDtl":"100008","accountCodeDtlSub":"","currencyCode":"SAR","exchangeRate":0,"drOrCr":1,"amountLocal":0,"amountForeign":0,"costCenterCode":"101008","chequeNo":"0","referenceNo":"0","billNo":"","billSer":"",...
Status: 200
Response: {"code":2000,"message":"nok","content":[{"referenceId":"2550235","message":"لم ينجاح","errorNo":"0"}]}
Response Time: 2ms
================================================================================

[2026-06-28 01:36:33.206] FAILURE | Serial: 2598459 | Error: nok | لم ينجاح

================================================================================
[2026-06-28 01:36:33.788] REQUEST
Method: POST
Endpoint: http://localhost:8081/api/GL/ImportJournal
Body: [{"docSerExternal":"2598460","branchNo":1,"docDate":"2026-04-27","docNo":null,"jvType":1,"amountLocal":3.86,"referenceNo":"0","beneficiaryName":"","receiver":"","manualDocNo":"","description":"","addTerminalName":"1","details":[{"docDueDate":"2026-04-27","accountCode":"4111010001","accountCodeDtl":"100066","accountCodeDtlSub":"","currencyCode":"SAR","exchangeRate":0,"drOrCr":1,"amountLocal":0,"amountForeign":0,"costCenterCode":"101066","chequeNo":"0","referenceNo":"0","billNo":"","billSer":"","i...
Status: 200
Response: {"code":2000,"message":"nok","content":[{"referenceId":"2550235","message":"لم ينجاح","errorNo":"0"}]}
Response Time: 2ms
================================================================================

[2026-06-28 01:36:33.792] FAILURE | Serial: 2598460 | Error: nok | لم ينجاح

================================================================================
[2026-06-28 01:36:34.391] REQUEST
Method: POST
Endpoint: http://localhost:8081/api/GL/ImportJournal
Body: [{"docSerExternal":"2598461","branchNo":1,"docDate":"2026-04-27","docNo":null,"jvType":1,"amountLocal":3.9025,"referenceNo":"0","beneficiaryName":"","receiver":"","manualDocNo":"","description":"","addTerminalName":"1","details":[{"docDueDate":"2026-04-27","accountCode":"4111010001","accountCodeDtl":"100076","accountCodeDtlSub":"","currencyCode":"SAR","exchangeRate":0,"drOrCr":1,"amountLocal":0,"amountForeign":0,"costCenterCode":"101076","chequeNo":"0","referenceNo":"0","billNo":"","billSer":"",...
Status: 200
Response: {"code":2000,"message":"nok","content":[{"referenceId":"2550235","message":"لم ينجاح","errorNo":"0"}]}
Response Time: 2ms
================================================================================

[2026-06-28 01:36:34.394] FAILURE | Serial: 2598461 | Error: nok | لم ينجاح

================================================================================
[2026-06-28 01:36:34.962] REQUEST
Method: POST
Endpoint: http://localhost:8081/api/GL/ImportJournal
Body: [{"docSerExternal":"2598462","branchNo":1,"docDate":"2026-04-27","docNo":null,"jvType":1,"amountLocal":4.2417,"referenceNo":"0","beneficiaryName":"","receiver":"","manualDocNo":"","description":"","addTerminalName":"1","details":[{"docDueDate":"2026-04-27","accountCode":"4111010001","accountCodeDtl":"100014","accountCodeDtlSub":"","currencyCode":"SAR","exchangeRate":0,"drOrCr":1,"amountLocal":0,"amountForeign":0,"costCenterCode":"101014","chequeNo":"0","referenceNo":"0","billNo":"","billSer":"",...
Status: 200
Response: {"code":2000,"message":"nok","content":[{"referenceId":"2550235","message":"لم ينجاح","errorNo":"0"}]}
Response Time: 2ms
================================================================================

[2026-06-28 01:36:34.965] FAILURE | Serial: 2598462 | Error: nok | لم ينجاح

================================================================================
[2026-06-28 01:36:35.533] REQUEST
Method: POST
Endpoint: http://localhost:8081/api/GL/ImportJournal
Body: [{"docSerExternal":"2598463","branchNo":1,"docDate":"2026-04-27","docNo":null,"jvType":1,"amountLocal":3.9025,"referenceNo":"0","beneficiaryName":"","receiver":"","manualDocNo":"","description":"","addTerminalName":"1","details":[{"docDueDate":"2026-04-27","accountCode":"4111010001","accountCodeDtl":"100018","accountCodeDtlSub":"","currencyCode":"SAR","exchangeRate":0,"drOrCr":1,"amountLocal":0,"amountForeign":0,"costCenterCode":"101018","chequeNo":"0","referenceNo":"0","billNo":"","billSer":"",...
Status: 200
Response: {"code":2000,"message":"nok","content":[{"referenceId":"2550235","message":"لم ينجاح","errorNo":"0"}]}
Response Time: 1ms
================================================================================

[2026-06-28 01:36:35.535] FAILURE | Serial: 2598463 | Error: nok | لم ينجاح

================================================================================
[2026-06-28 01:36:36.092] REQUEST
Method: POST
Endpoint: http://localhost:8081/api/GL/ImportJournal
Body: [{"docSerExternal":"2598464","branchNo":1,"docDate":"2026-04-27","docNo":null,"jvType":1,"amountLocal":3.8175,"referenceNo":"0","beneficiaryName":"","receiver":"","manualDocNo":"","description":"","addTerminalName":"1","details":[{"docDueDate":"2026-04-27","accountCode":"4111010001","accountCodeDtl":"100028","accountCodeDtlSub":"","currencyCode":"SAR","exchangeRate":0,"drOrCr":1,"amountLocal":0,"amountForeign":0,"costCenterCode":"101028","chequeNo":"0","referenceNo":"0","billNo":"","billSer":"",...
Status: 200
Response: {"code":2000,"message":"nok","content":[{"referenceId":"2550235","message":"لم ينجاح","errorNo":"0"}]}
Response Time: 1ms
================================================================================

[2026-06-28 01:36:36.095] FAILURE | Serial: 2598464 | Error: nok | لم ينجاح

================================================================================
[2026-06-28 01:36:36.671] REQUEST
Method: POST
Endpoint: http://localhost:8081/api/GL/ImportJournal
Body: [{"docSerExternal":"2598465","branchNo":1,"docDate":"2026-04-27","docNo":null,"jvType":1,"amountLocal":4.2417,"referenceNo":"0","beneficiaryName":"","receiver":"","manualDocNo":"","description":"","addTerminalName":"1","details":[{"docDueDate":"2026-04-27","accountCode":"4111010001","accountCodeDtl":"100038","accountCodeDtlSub":"","currencyCode":"SAR","exchangeRate":0,"drOrCr":1,"amountLocal":0,"amountForeign":0,"costCenterCode":"101038","chequeNo":"0","referenceNo":"0","billNo":"","billSer":"",...
Status: 200
Response: {"code":2000,"message":"nok","content":[{"referenceId":"2550235","message":"لم ينجاح","errorNo":"0"}]}
Response Time: 1ms
================================================================================

[2026-06-28 01:36:36.673] FAILURE | Serial: 2598465 | Error: nok | لم ينجاح

================================================================================
[2026-06-28 01:36:37.261] REQUEST
Method: POST
Endpoint: http://localhost:8081/api/GL/ImportJournal
Body: [{"docSerExternal":"2598466","branchNo":1,"docDate":"2026-04-27","docNo":null,"jvType":1,"amountLocal":3.86,"referenceNo":"0","beneficiaryName":"","receiver":"","manualDocNo":"","description":"","addTerminalName":"1","details":[{"docDueDate":"2026-04-27","accountCode":"4111010001","accountCodeDtl":"100044","accountCodeDtlSub":"","currencyCode":"SAR","exchangeRate":0,"drOrCr":1,"amountLocal":0,"amountForeign":0,"costCenterCode":"101044","chequeNo":"0","referenceNo":"0","billNo":"","billSer":"","i...
Status: 200
Response: {"code":2000,"message":"nok","content":[{"referenceId":"2550235","message":"لم ينجاح","errorNo":"0"}]}
Response Time: 1ms
================================================================================

[2026-06-28 01:36:37.264] FAILURE | Serial: 2598466 | Error: nok | لم ينجاح

================================================================================
[2026-06-28 01:36:37.831] REQUEST
Method: POST
Endpoint: http://localhost:8081/api/GL/ImportJournal
Body: [{"docSerExternal":"2598467","branchNo":1,"docDate":"2026-04-27","docNo":null,"jvType":1,"amountLocal":4.2417,"referenceNo":"0","beneficiaryName":"","receiver":"","manualDocNo":"","description":"","addTerminalName":"1","details":[{"docDueDate":"2026-04-27","accountCode":"4111010001","accountCodeDtl":"100046","accountCodeDtlSub":"","currencyCode":"SAR","exchangeRate":0,"drOrCr":1,"amountLocal":0,"amountForeign":0,"costCenterCode":"101046","chequeNo":"0","referenceNo":"0","billNo":"","billSer":"",...
Status: 200
Response: {"code":2000,"message":"nok","content":[{"referenceId":"2550235","message":"لم ينجاح","errorNo":"0"}]}
Response Time: 2ms
================================================================================

[2026-06-28 01:36:37.834] FAILURE | Serial: 2598467 | Error: nok | لم ينجاح

================================================================================
[2026-06-28 01:36:38.428] REQUEST
Method: POST
Endpoint: http://localhost:8081/api/GL/ImportJournal
Body: [{"docSerExternal":"2598468","branchNo":1,"docDate":"2026-04-27","docNo":null,"jvType":1,"amountLocal":7.8,"referenceNo":"0","beneficiaryName":"","receiver":"","manualDocNo":"","description":"","addTerminalName":"1","details":[{"docDueDate":"2026-04-27","accountCode":"4111010001","accountCodeDtl":"100048","accountCodeDtlSub":"","currencyCode":"SAR","exchangeRate":0,"drOrCr":1,"amountLocal":0,"amountForeign":0,"costCenterCode":"101048","chequeNo":"0","referenceNo":"0","billNo":"","billSer":"","in...
Status: 200
Response: {"code":2000,"message":"nok","content":[{"referenceId":"2550235","message":"لم ينجاح","errorNo":"0"}]}
Response Time: 1ms
================================================================================

[2026-06-28 01:36:38.431] FAILURE | Serial: 2598468 | Error: nok | لم ينجاح

================================================================================
[2026-06-28 01:36:39.017] REQUEST
Method: POST
Endpoint: http://localhost:8081/api/GL/ImportJournal
Body: [{"docSerExternal":"2598469","branchNo":1,"docDate":"2026-04-27","docNo":null,"jvType":1,"amountLocal":3.9025,"referenceNo":"0","beneficiaryName":"","receiver":"","manualDocNo":"","description":"","addTerminalName":"1","details":[{"docDueDate":"2026-04-27","accountCode":"4111010001","accountCodeDtl":"100050","accountCodeDtlSub":"","currencyCode":"SAR","exchangeRate":0,"drOrCr":1,"amountLocal":0,"amountForeign":0,"costCenterCode":"101050","chequeNo":"0","referenceNo":"0","billNo":"","billSer":"",...
Status: 200
Response: {"code":2000,"message":"nok","content":[{"referenceId":"2550235","message":"لم ينجاح","errorNo":"0"}]}
Response Time: 2ms
================================================================================

[2026-06-28 01:36:39.020] FAILURE | Serial: 2598469 | Error: nok | لم ينجاح

================================================================================
[2026-06-28 01:36:39.601] REQUEST
Method: POST
Endpoint: http://localhost:8081/api/GL/ImportJournal
Body: [{"docSerExternal":"2598470","branchNo":1,"docDate":"2026-04-27","docNo":null,"jvType":1,"amountLocal":3.8175,"referenceNo":"0","beneficiaryName":"","receiver":"","manualDocNo":"","description":"","addTerminalName":"1","details":[{"docDueDate":"2026-04-27","accountCode":"4111010001","accountCodeDtl":"100053","accountCodeDtlSub":"","currencyCode":"SAR","exchangeRate":0,"drOrCr":1,"amountLocal":0,"amountForeign":0,"costCenterCode":"101053","chequeNo":"0","referenceNo":"0","billNo":"","billSer":"",...
Status: 200
Response: {"code":2000,"message":"nok","content":[{"referenceId":"2550235","message":"لم ينجاح","errorNo":"0"}]}
Response Time: 2ms
================================================================================

[2026-06-28 01:36:39.604] FAILURE | Serial: 2598470 | Error: nok | لم ينجاح

================================================================================
[2026-06-28 01:36:40.185] REQUEST
Method: POST
Endpoint: http://localhost:8081/api/GL/ImportJournal
Body: [{"docSerExternal":"2598471","branchNo":1,"docDate":"2026-04-27","docNo":null,"jvType":1,"amountLocal":4.2417,"referenceNo":"0","beneficiaryName":"","receiver":"","manualDocNo":"","description":"","addTerminalName":"1","details":[{"docDueDate":"2026-04-27","accountCode":"4111010001","accountCodeDtl":"100056","accountCodeDtlSub":"","currencyCode":"SAR","exchangeRate":0,"drOrCr":1,"amountLocal":0,"amountForeign":0,"costCenterCode":"101056","chequeNo":"0","referenceNo":"0","billNo":"","billSer":"",...
Status: 200
Response: {"code":2000,"message":"nok","content":[{"referenceId":"2550235","message":"لم ينجاح","errorNo":"0"}]}
Response Time: 1ms
================================================================================

[2026-06-28 01:36:40.188] FAILURE | Serial: 2598471 | Error: nok | لم ينجاح

================================================================================
[2026-06-28 01:36:40.769] REQUEST
Method: POST
Endpoint: http://localhost:8081/api/GL/ImportJournal
Body: [{"docSerExternal":"2598472","branchNo":1,"docDate":"2026-04-27","docNo":null,"jvType":1,"amountLocal":3.8175,"referenceNo":"0","beneficiaryName":"","receiver":"","manualDocNo":"","description":"","addTerminalName":"1","details":[{"docDueDate":"2026-04-27","accountCode":"4111010001","accountCodeDtl":"100063","accountCodeDtlSub":"","currencyCode":"SAR","exchangeRate":0,"drOrCr":1,"amountLocal":0,"amountForeign":0,"costCenterCode":"101063","chequeNo":"0","referenceNo":"0","billNo":"","billSer":"",...
Status: 200
Response: {"code":2000,"message":"nok","content":[{"referenceId":"2550235","message":"لم ينجاح","errorNo":"0"}]}
Response Time: 1ms
================================================================================

[2026-06-28 01:36:40.772] FAILURE | Serial: 2598472 | Error: nok | لم ينجاح

================================================================================
[2026-06-28 01:36:41.357] REQUEST
Method: POST
Endpoint: http://localhost:8081/api/GL/ImportJournal
Body: [{"docSerExternal":"2598473","branchNo":1,"docDate":"2026-04-27","docNo":null,"jvType":1,"amountLocal":4.2417,"referenceNo":"0","beneficiaryName":"","receiver":"","manualDocNo":"","description":"","addTerminalName":"1","details":[{"docDueDate":"2026-04-27","accountCode":"4111010001","accountCodeDtl":"100071","accountCodeDtlSub":"","currencyCode":"SAR","exchangeRate":0,"drOrCr":1,"amountLocal":0,"amountForeign":0,"costCenterCode":"101071","chequeNo":"0","referenceNo":"0","billNo":"","billSer":"",...
Status: 200
Response: {"code":2000,"message":"nok","content":[{"referenceId":"2550235","message":"لم ينجاح","errorNo":"0"}]}
Response Time: 2ms
================================================================================

[2026-06-28 01:36:41.360] FAILURE | Serial: 2598473 | Error: nok | لم ينجاح

================================================================================
[2026-06-28 01:36:41.933] REQUEST
Method: POST
Endpoint: http://localhost:8081/api/GL/ImportJournal
Body: [{"docSerExternal":"2598474","branchNo":1,"docDate":"2026-04-27","docNo":null,"jvType":1,"amountLocal":4.9417,"referenceNo":"0","beneficiaryName":"","receiver":"","manualDocNo":"","description":"","addTerminalName":"1","details":[{"docDueDate":"2026-04-27","accountCode":"4111010001","accountCodeDtl":"100073","accountCodeDtlSub":"","currencyCode":"SAR","exchangeRate":0,"drOrCr":1,"amountLocal":0,"amountForeign":0,"costCenterCode":"101073","chequeNo":"0","referenceNo":"0","billNo":"","billSer":"",...
Status: 200
Response: {"code":2000,"message":"nok","content":[{"referenceId":"2550235","message":"لم ينجاح","errorNo":"0"}]}
Response Time: 1ms
================================================================================

[2026-06-28 01:36:41.935] FAILURE | Serial: 2598474 | Error: nok | لم ينجاح

================================================================================
[2026-06-28 01:36:42.555] REQUEST
Method: POST
Endpoint: http://localhost:8081/api/GL/ImportJournal
Body: [{"docSerExternal":"2598476","branchNo":1,"docDate":"2026-04-27","docNo":null,"jvType":1,"amountLocal":169.67,"referenceNo":"0","beneficiaryName":"","receiver":"","manualDocNo":"","description":"","addTerminalName":"1","details":[{"docDueDate":"2026-04-27","accountCode":"214310001","accountCodeDtl":"100019","accountCodeDtlSub":"","currencyCode":"SAR","exchangeRate":0,"drOrCr":1,"amountLocal":0,"amountForeign":0,"costCenterCode":"101019","chequeNo":"0","referenceNo":"0","billNo":"","billSer":"","...
Status: 200
Response: {"code":2000,"message":"nok","content":[{"referenceId":"2550235","message":"لم ينجاح","errorNo":"0"}]}
Response Time: 1ms
================================================================================

[2026-06-28 01:36:42.557] FAILURE | Serial: 2598476 | Error: nok | لم ينجاح

================================================================================
[2026-06-28 01:36:43.145] REQUEST
Method: POST
Endpoint: http://localhost:8081/api/GL/ImportJournal
Body: [{"docSerExternal":"2598477","branchNo":1,"docDate":"2026-04-27","docNo":null,"jvType":1,"amountLocal":4.2417,"referenceNo":"0","beneficiaryName":"","receiver":"","manualDocNo":"","description":"","addTerminalName":"1","details":[{"docDueDate":"2026-04-27","accountCode":"4111010001","accountCodeDtl":"100029","accountCodeDtlSub":"","currencyCode":"SAR","exchangeRate":0,"drOrCr":1,"amountLocal":0,"amountForeign":0,"costCenterCode":"101029","chequeNo":"0","referenceNo":"0","billNo":"","billSer":"",...
Status: 200
Response: {"code":2000,"message":"nok","content":[{"referenceId":"2550235","message":"لم ينجاح","errorNo":"0"}]}
Response Time: 1ms
================================================================================

[2026-06-28 01:36:43.147] FAILURE | Serial: 2598477 | Error: nok | لم ينجاح

================================================================================
[2026-06-28 01:36:43.727] REQUEST
Method: POST
Endpoint: http://localhost:8081/api/GL/ImportJournal
Body: [{"docSerExternal":"2598479","branchNo":1,"docDate":"2026-04-27","docNo":null,"jvType":1,"amountLocal":157.79,"referenceNo":"0","beneficiaryName":"","receiver":"","manualDocNo":"","description":"","addTerminalName":"1","details":[{"docDueDate":"2026-04-27","accountCode":"214310001","accountCodeDtl":"100052","accountCodeDtlSub":"","currencyCode":"SAR","exchangeRate":0,"drOrCr":1,"amountLocal":0,"amountForeign":0,"costCenterCode":"101052","chequeNo":"0","referenceNo":"0","billNo":"","billSer":"","...
Status: 200
Response: {"code":2000,"message":"nok","content":[{"referenceId":"2550235","message":"لم ينجاح","errorNo":"0"}]}
Response Time: 1ms
================================================================================

[2026-06-28 01:36:43.730] FAILURE | Serial: 2598479 | Error: nok | لم ينجاح

================================================================================
[2026-06-28 01:36:44.326] REQUEST
Method: POST
Endpoint: http://localhost:8081/api/GL/ImportJournal
Body: [{"docSerExternal":"2598480","branchNo":1,"docDate":"2026-04-27","docNo":null,"jvType":1,"amountLocal":3.9447,"referenceNo":"0","beneficiaryName":"","receiver":"","manualDocNo":"","description":"","addTerminalName":"1","details":[{"docDueDate":"2026-04-27","accountCode":"4111010001","accountCodeDtl":"100052","accountCodeDtlSub":"","currencyCode":"SAR","exchangeRate":0,"drOrCr":1,"amountLocal":0,"amountForeign":0,"costCenterCode":"101052","chequeNo":"0","referenceNo":"0","billNo":"","billSer":"",...
Status: 200
Response: {"code":2000,"message":"nok","content":[{"referenceId":"2550235","message":"لم ينجاح","errorNo":"0"}]}
Response Time: 1ms
================================================================================

[2026-06-28 01:36:44.328] FAILURE | Serial: 2598480 | Error: nok | لم ينجاح

================================================================================
[2026-06-28 01:36:44.923] REQUEST
Method: POST
Endpoint: http://localhost:8081/api/GL/ImportJournal
Body: [{"docSerExternal":"2598482","branchNo":1,"docDate":"2026-04-27","docNo":null,"jvType":1,"amountLocal":152.7,"referenceNo":"0","beneficiaryName":"","receiver":"","manualDocNo":"","description":"","addTerminalName":"1","details":[{"docDueDate":"2026-04-27","accountCode":"214310001","accountCodeDtl":"100001","accountCodeDtlSub":"","currencyCode":"SAR","exchangeRate":0,"drOrCr":1,"amountLocal":0,"amountForeign":0,"costCenterCode":"101001","chequeNo":"0","referenceNo":"0","billNo":"","billSer":"","i...
Status: 200
Response: {"code":2000,"message":"nok","content":[{"referenceId":"2550235","message":"لم ينجاح","errorNo":"0"}]}
Response Time: 1ms
================================================================================

[2026-06-28 01:36:44.925] FAILURE | Serial: 2598482 | Error: nok | لم ينجاح

================================================================================
[2026-06-28 01:36:45.508] REQUEST
Method: POST
Endpoint: http://localhost:8081/api/GL/ImportJournal
Body: [{"docSerExternal":"2598483","branchNo":1,"docDate":"2026-04-27","docNo":null,"jvType":1,"amountLocal":3.8175,"referenceNo":"0","beneficiaryName":"","receiver":"","manualDocNo":"","description":"","addTerminalName":"1","details":[{"docDueDate":"2026-04-27","accountCode":"4111010001","accountCodeDtl":"100001","accountCodeDtlSub":"","currencyCode":"SAR","exchangeRate":0,"drOrCr":1,"amountLocal":0,"amountForeign":0,"costCenterCode":"101001","chequeNo":"0","referenceNo":"0","billNo":"","billSer":"",...
Status: 200
Response: {"code":2000,"message":"nok","content":[{"referenceId":"2550235","message":"لم ينجاح","errorNo":"0"}]}
Response Time: 1ms
================================================================================

[2026-06-28 01:36:45.511] FAILURE | Serial: 2598483 | Error: nok | لم ينجاح

================================================================================
[2026-06-28 01:36:46.109] REQUEST
Method: POST
Endpoint: http://localhost:8081/api/GL/ImportJournal
Body: [{"docSerExternal":"2598485","branchNo":1,"docDate":"2026-04-27","docNo":null,"jvType":1,"amountLocal":157.79,"referenceNo":"0","beneficiaryName":"","receiver":"","manualDocNo":"","description":"","addTerminalName":"1","details":[{"docDueDate":"2026-04-27","accountCode":"214310001","accountCodeDtl":"100041","accountCodeDtlSub":"","currencyCode":"SAR","exchangeRate":0,"drOrCr":1,"amountLocal":0,"amountForeign":0,"costCenterCode":null,"chequeNo":"0","referenceNo":"0","billNo":"","billSer":"","inst...
Status: 200
Response: {"code":2000,"message":"nok","content":[{"referenceId":"2550235","message":"لم ينجاح","errorNo":"0"}]}
Response Time: 1ms
================================================================================

[2026-06-28 01:36:46.111] FAILURE | Serial: 2598485 | Error: nok | لم ينجاح

================================================================================
[2026-06-28 01:36:46.703] REQUEST
Method: POST
Endpoint: http://localhost:8081/api/GL/ImportJournal
Body: [{"docSerExternal":"2598486","branchNo":1,"docDate":"2026-04-27","docNo":null,"jvType":1,"amountLocal":3.9447,"referenceNo":"0","beneficiaryName":"","receiver":"","manualDocNo":"","description":"","addTerminalName":"1","details":[{"docDueDate":"2026-04-27","accountCode":"4111010001","accountCodeDtl":"100041","accountCodeDtlSub":"","currencyCode":"SAR","exchangeRate":0,"drOrCr":1,"amountLocal":0,"amountForeign":0,"costCenterCode":"101041","chequeNo":"0","referenceNo":"0","billNo":"","billSer":"",...
Status: 200
Response: {"code":2000,"message":"nok","content":[{"referenceId":"2550235","message":"لم ينجاح","errorNo":"0"}]}
Response Time: 1ms
================================================================================

[2026-06-28 01:36:46.705] FAILURE | Serial: 2598486 | Error: nok | لم ينجاح

================================================================================
[2026-06-28 01:36:47.285] REQUEST
Method: POST
Endpoint: http://localhost:8081/api/GL/ImportJournal
Body: [{"docSerExternal":"2598488","branchNo":1,"docDate":"2026-04-27","docNo":null,"jvType":1,"amountLocal":339.34,"referenceNo":"0","beneficiaryName":"","receiver":"","manualDocNo":"","description":"","addTerminalName":"1","details":[{"docDueDate":"2026-04-27","accountCode":"214310001","accountCodeDtl":"100010","accountCodeDtlSub":"","currencyCode":"SAR","exchangeRate":0,"drOrCr":1,"amountLocal":0,"amountForeign":0,"costCenterCode":"101010","chequeNo":"0","referenceNo":"0","billNo":"","billSer":"","...
Status: 200
Response: {"code":2000,"message":"nok","content":[{"referenceId":"2550235","message":"لم ينجاح","errorNo":"0"}]}
Response Time: 1ms
================================================================================

[2026-06-28 01:36:47.287] FAILURE | Serial: 2598488 | Error: nok | لم ينجاح

================================================================================
[2026-06-28 01:36:47.879] REQUEST
Method: POST
Endpoint: http://localhost:8081/api/GL/ImportJournal
Body: [{"docSerExternal":"2598489","branchNo":1,"docDate":"2026-04-27","docNo":null,"jvType":1,"amountLocal":8.4835,"referenceNo":"0","beneficiaryName":"","receiver":"","manualDocNo":"","description":"","addTerminalName":"1","details":[{"docDueDate":"2026-04-27","accountCode":"4111010001","accountCodeDtl":"100010","accountCodeDtlSub":"","currencyCode":"SAR","exchangeRate":0,"drOrCr":1,"amountLocal":0,"amountForeign":0,"costCenterCode":"101010","chequeNo":"0","referenceNo":"0","billNo":"","billSer":"",...
Status: 200
Response: {"code":2000,"message":"nok","content":[{"referenceId":"2550235","message":"لم ينجاح","errorNo":"0"}]}
Response Time: 1ms
================================================================================

[2026-06-28 01:36:47.882] FAILURE | Serial: 2598489 | Error: nok | لم ينجاح

================================================================================
[2026-06-28 01:36:48.486] REQUEST
Method: POST
Endpoint: http://localhost:8081/api/GL/ImportJournal
Body: [{"docSerExternal":"2598491","branchNo":1,"docDate":"2026-04-27","docNo":null,"jvType":1,"amountLocal":169.67,"referenceNo":"0","beneficiaryName":"","receiver":"","manualDocNo":"","description":"","addTerminalName":"1","details":[{"docDueDate":"2026-04-27","accountCode":"214310001","accountCodeDtl":"100013","accountCodeDtlSub":"","currencyCode":"SAR","exchangeRate":0,"drOrCr":1,"amountLocal":0,"amountForeign":0,"costCenterCode":"101013","chequeNo":"0","referenceNo":"0","billNo":"","billSer":"","...
Status: 200
Response: {"code":2000,"message":"nok","content":[{"referenceId":"2550235","message":"لم ينجاح","errorNo":"0"}]}
Response Time: 1ms
================================================================================

[2026-06-28 01:36:48.488] FAILURE | Serial: 2598491 | Error: nok | لم ينجاح

================================================================================
[2026-06-28 01:36:49.088] REQUEST
Method: POST
Endpoint: http://localhost:8081/api/GL/ImportJournal
Body: [{"docSerExternal":"2598492","branchNo":1,"docDate":"2026-04-27","docNo":null,"jvType":1,"amountLocal":4.2417,"referenceNo":"0","beneficiaryName":"","receiver":"","manualDocNo":"","description":"","addTerminalName":"1","details":[{"docDueDate":"2026-04-27","accountCode":"4111010001","accountCodeDtl":"100013","accountCodeDtlSub":"","currencyCode":"SAR","exchangeRate":0,"drOrCr":1,"amountLocal":0,"amountForeign":0,"costCenterCode":"101013","chequeNo":"0","referenceNo":"0","billNo":"","billSer":"",...
Status: 200
Response: {"code":2000,"message":"nok","content":[{"referenceId":"2550235","message":"لم ينجاح","errorNo":"0"}]}
Response Time: 1ms
================================================================================

[2026-06-28 01:36:49.091] FAILURE | Serial: 2598492 | Error: nok | لم ينجاح

================================================================================
[2026-06-28 01:36:49.694] REQUEST
Method: POST
Endpoint: http://localhost:8081/api/GL/ImportJournal
Body: [{"docSerExternal":"2598385","branchNo":1,"docDate":"2026-04-27","docNo":null,"jvType":1,"amountLocal":212.09,"referenceNo":"0","beneficiaryName":"","receiver":"","manualDocNo":"","description":"","addTerminalName":"1","details":[{"docDueDate":"2026-04-27","accountCode":"214310001","accountCodeDtl":"100040","accountCodeDtlSub":"","currencyCode":"SAR","exchangeRate":0,"drOrCr":1,"amountLocal":0,"amountForeign":0,"costCenterCode":null,"chequeNo":"0","referenceNo":"0","billNo":"","billSer":"","inst...
Status: 200
Response: {"code":2000,"message":"nok","content":[{"referenceId":"2550235","message":"لم ينجاح","errorNo":"0"}]}
Response Time: 1ms
================================================================================

[2026-06-28 01:36:49.696] FAILURE | Serial: 2598385 | Error: nok | لم ينجاح

================================================================================
[2026-06-28 01:36:50.301] REQUEST
Method: POST
Endpoint: http://localhost:8081/api/GL/ImportJournal
Body: [{"docSerExternal":"2598386","branchNo":1,"docDate":"2026-04-27","docNo":null,"jvType":1,"amountLocal":5.3022,"referenceNo":"0","beneficiaryName":"","receiver":"","manualDocNo":"","description":"","addTerminalName":"1","details":[{"docDueDate":"2026-04-27","accountCode":"4111010001","accountCodeDtl":"100040","accountCodeDtlSub":"","currencyCode":"SAR","exchangeRate":0,"drOrCr":1,"amountLocal":0,"amountForeign":0,"costCenterCode":"101040","chequeNo":"0","referenceNo":"0","billNo":"","billSer":"",...
Status: 200
Response: {"code":2000,"message":"nok","content":[{"referenceId":"2550235","message":"لم ينجاح","errorNo":"0"}]}
Response Time: 1ms
================================================================================

[2026-06-28 01:36:50.303] FAILURE | Serial: 2598386 | Error: nok | لم ينجاح

================================================================================
[2026-06-28 01:36:50.881] REQUEST
Method: POST
Endpoint: http://localhost:8081/api/GL/ImportJournal
Body: [{"docSerExternal":"2598388","branchNo":1,"docDate":"2026-04-27","docNo":null,"jvType":1,"amountLocal":169.67,"referenceNo":"0","beneficiaryName":"","receiver":"","manualDocNo":"","description":"","addTerminalName":"1","details":[{"docDueDate":"2026-04-27","accountCode":"214310001","accountCodeDtl":"100060","accountCodeDtlSub":"","currencyCode":"SAR","exchangeRate":0,"drOrCr":1,"amountLocal":0,"amountForeign":0,"costCenterCode":null,"chequeNo":"0","referenceNo":"0","billNo":"","billSer":"","inst...
Status: 200
Response: {"code":2000,"message":"nok","content":[{"referenceId":"2550235","message":"لم ينجاح","errorNo":"0"}]}
Response Time: 1ms
================================================================================

[2026-06-28 01:36:50.883] FAILURE | Serial: 2598388 | Error: nok | لم ينجاح

================================================================================
[2026-06-28 01:36:51.464] REQUEST
Method: POST
Endpoint: http://localhost:8081/api/GL/ImportJournal
Body: [{"docSerExternal":"2598389","branchNo":1,"docDate":"2026-04-27","docNo":null,"jvType":1,"amountLocal":4.2417,"referenceNo":"0","beneficiaryName":"","receiver":"","manualDocNo":"","description":"","addTerminalName":"1","details":[{"docDueDate":"2026-04-27","accountCode":"4111010001","accountCodeDtl":"100060","accountCodeDtlSub":"","currencyCode":"SAR","exchangeRate":0,"drOrCr":1,"amountLocal":0,"amountForeign":0,"costCenterCode":"101060","chequeNo":"0","referenceNo":"0","billNo":"","billSer":"",...
Status: 200
Response: {"code":2000,"message":"nok","content":[{"referenceId":"2550235","message":"لم ينجاح","errorNo":"0"}]}
Response Time: 1ms
================================================================================

[2026-06-28 01:36:51.467] FAILURE | Serial: 2598389 | Error: nok | لم ينجاح

================================================================================
[2026-06-28 01:36:52.047] REQUEST
Method: POST
Endpoint: http://localhost:8081/api/GL/ImportJournal
Body: [{"docSerExternal":"2598391","branchNo":1,"docDate":"2026-04-27","docNo":null,"jvType":1,"amountLocal":169.67,"referenceNo":"0","beneficiaryName":"","receiver":"","manualDocNo":"","description":"","addTerminalName":"1","details":[{"docDueDate":"2026-04-27","accountCode":"214310001","accountCodeDtl":"100004","accountCodeDtlSub":"","currencyCode":"SAR","exchangeRate":0,"drOrCr":1,"amountLocal":0,"amountForeign":0,"costCenterCode":"101004","chequeNo":"0","referenceNo":"0","billNo":"","billSer":"","...
Status: 200
Response: {"code":2000,"message":"nok","content":[{"referenceId":"2550235","message":"لم ينجاح","errorNo":"0"}]}
Response Time: 1ms
================================================================================

[2026-06-28 01:36:52.049] FAILURE | Serial: 2598391 | Error: nok | لم ينجاح

================================================================================
[2026-06-28 01:36:52.636] REQUEST
Method: POST
Endpoint: http://localhost:8081/api/GL/ImportJournal
Body: [{"docSerExternal":"2598392","branchNo":1,"docDate":"2026-04-27","docNo":null,"jvType":1,"amountLocal":4.2417,"referenceNo":"0","beneficiaryName":"","receiver":"","manualDocNo":"","description":"","addTerminalName":"1","details":[{"docDueDate":"2026-04-27","accountCode":"4111010001","accountCodeDtl":"100004","accountCodeDtlSub":"","currencyCode":"SAR","exchangeRate":0,"drOrCr":1,"amountLocal":0,"amountForeign":0,"costCenterCode":"101004","chequeNo":"0","referenceNo":"0","billNo":"","billSer":"",...
Status: 200
Response: {"code":2000,"message":"nok","content":[{"referenceId":"2550235","message":"لم ينجاح","errorNo":"0"}]}
Response Time: 1ms
================================================================================

[2026-06-28 01:36:52.638] FAILURE | Serial: 2598392 | Error: nok | لم ينجاح

================================================================================
[2026-06-28 01:36:53.244] REQUEST
Method: POST
Endpoint: http://localhost:8081/api/GL/ImportJournal
Body: [{"docSerExternal":"2598394","branchNo":1,"docDate":"2026-04-27","docNo":null,"jvType":1,"amountLocal":169.67,"referenceNo":"0","beneficiaryName":"","receiver":"","manualDocNo":"","description":"","addTerminalName":"1","details":[{"docDueDate":"2026-04-27","accountCode":"214310001","accountCodeDtl":"100062","accountCodeDtlSub":"","currencyCode":"SAR","exchangeRate":0,"drOrCr":1,"amountLocal":0,"amountForeign":0,"costCenterCode":null,"chequeNo":"0","referenceNo":"0","billNo":"","billSer":"","inst...
Status: 200
Response: {"code":2000,"message":"nok","content":[{"referenceId":"2550235","message":"لم ينجاح","errorNo":"0"}]}
Response Time: 1ms
================================================================================

[2026-06-28 01:36:53.247] FAILURE | Serial: 2598394 | Error: nok | لم ينجاح

================================================================================
[2026-06-28 01:36:53.840] REQUEST
Method: POST
Endpoint: http://localhost:8081/api/GL/ImportJournal
Body: [{"docSerExternal":"2598395","branchNo":1,"docDate":"2026-04-27","docNo":null,"jvType":1,"amountLocal":4.2417,"referenceNo":"0","beneficiaryName":"","receiver":"","manualDocNo":"","description":"","addTerminalName":"1","details":[{"docDueDate":"2026-04-27","accountCode":"4111010001","accountCodeDtl":"100062","accountCodeDtlSub":"","currencyCode":"SAR","exchangeRate":0,"drOrCr":1,"amountLocal":0,"amountForeign":0,"costCenterCode":"101062","chequeNo":"0","referenceNo":"0","billNo":"","billSer":"",...
Status: 200
Response: {"code":2000,"message":"nok","content":[{"referenceId":"2550235","message":"لم ينجاح","errorNo":"0"}]}
Response Time: 1ms
================================================================================

[2026-06-28 01:36:53.843] FAILURE | Serial: 2598395 | Error: nok | لم ينجاح

================================================================================
[2026-06-28 01:36:54.432] REQUEST
Method: POST
Endpoint: http://localhost:8081/api/GL/ImportJournal
Body: [{"docSerExternal":"2598401","branchNo":1,"docDate":"2026-04-27","docNo":null,"jvType":1,"amountLocal":160.34,"referenceNo":"0","beneficiaryName":"","receiver":"","manualDocNo":"","description":"","addTerminalName":"1","details":[{"docDueDate":"2026-04-27","accountCode":"214310001","accountCodeDtl":"100070","accountCodeDtlSub":"","currencyCode":"SAR","exchangeRate":0,"drOrCr":1,"amountLocal":0,"amountForeign":0,"costCenterCode":null,"chequeNo":"0","referenceNo":"0","billNo":"","billSer":"","inst...
Status: 200
Response: {"code":2000,"message":"nok","content":[{"referenceId":"2550235","message":"لم ينجاح","errorNo":"0"}]}
Response Time: 1ms
================================================================================

[2026-06-28 01:36:54.435] FAILURE | Serial: 2598401 | Error: nok | لم ينجاح

================================================================================
[2026-06-28 01:36:55.033] REQUEST
Method: POST
Endpoint: http://localhost:8081/api/GL/ImportJournal
Body: [{"docSerExternal":"2598402","branchNo":1,"docDate":"2026-04-27","docNo":null,"jvType":1,"amountLocal":4.0085,"referenceNo":"0","beneficiaryName":"","receiver":"","manualDocNo":"","description":"","addTerminalName":"1","details":[{"docDueDate":"2026-04-27","accountCode":"4111010001","accountCodeDtl":"100070","accountCodeDtlSub":"","currencyCode":"SAR","exchangeRate":0,"drOrCr":1,"amountLocal":0,"amountForeign":0,"costCenterCode":"101070","chequeNo":"0","referenceNo":"0","billNo":"","billSer":"",...
Status: 200
Response: {"code":2000,"message":"nok","content":[{"referenceId":"2550235","message":"لم ينجاح","errorNo":"0"}]}
Response Time: 1ms
================================================================================

[2026-06-28 01:36:55.035] FAILURE | Serial: 2598402 | Error: nok | لم ينجاح

================================================================================
[2026-06-28 01:36:55.643] REQUEST
Method: POST
Endpoint: http://localhost:8081/api/GL/ImportJournal
Body: [{"docSerExternal":"2598410","branchNo":1,"docDate":"2026-04-27","docNo":null,"jvType":1,"amountLocal":195.12,"referenceNo":"0","beneficiaryName":"","receiver":"","manualDocNo":"","description":"","addTerminalName":"1","details":[{"docDueDate":"2026-04-27","accountCode":"214310001","accountCodeDtl":"100036","accountCodeDtlSub":"","currencyCode":"SAR","exchangeRate":0,"drOrCr":1,"amountLocal":0,"amountForeign":0,"costCenterCode":null,"chequeNo":"0","referenceNo":"0","billNo":"","billSer":"","inst...
Status: 200
Response: {"code":2000,"message":"nok","content":[{"referenceId":"2550235","message":"لم ينجاح","errorNo":"0"}]}
Response Time: 1ms
================================================================================

[2026-06-28 01:36:55.646] FAILURE | Serial: 2598410 | Error: nok | لم ينجاح

================================================================================
[2026-06-28 01:36:56.271] REQUEST
Method: POST
Endpoint: http://localhost:8081/api/GL/ImportJournal
Body: [{"docSerExternal":"2598411","branchNo":1,"docDate":"2026-04-27","docNo":null,"jvType":1,"amountLocal":4.878,"referenceNo":"0","beneficiaryName":"","receiver":"","manualDocNo":"","description":"","addTerminalName":"1","details":[{"docDueDate":"2026-04-27","accountCode":"4111010001","accountCodeDtl":"100036","accountCodeDtlSub":"","currencyCode":"SAR","exchangeRate":0,"drOrCr":1,"amountLocal":0,"amountForeign":0,"costCenterCode":"101036","chequeNo":"0","referenceNo":"0","billNo":"","billSer":"","...
Status: 200
Response: {"code":2000,"message":"nok","content":[{"referenceId":"2550235","message":"لم ينجاح","errorNo":"0"}]}
Response Time: 1ms
================================================================================

[2026-06-28 01:36:56.274] FAILURE | Serial: 2598411 | Error: nok | لم ينجاح

================================================================================
[2026-06-28 01:36:56.876] REQUEST
Method: POST
Endpoint: http://localhost:8081/api/GL/ImportJournal
Body: [{"docSerExternal":"2598417","branchNo":1,"docDate":"2026-04-27","docNo":null,"jvType":1,"amountLocal":160.34,"referenceNo":"0","beneficiaryName":"","receiver":"","manualDocNo":"","description":"","addTerminalName":"1","details":[{"docDueDate":"2026-04-27","accountCode":"214310001","accountCodeDtl":"100034","accountCodeDtlSub":"","currencyCode":"SAR","exchangeRate":0,"drOrCr":1,"amountLocal":0,"amountForeign":0,"costCenterCode":null,"chequeNo":"0","referenceNo":"0","billNo":"","billSer":"","inst...
Status: 200
Response: {"code":2000,"message":"nok","content":[{"referenceId":"2550235","message":"لم ينجاح","errorNo":"0"}]}
Response Time: 1ms
================================================================================

[2026-06-28 01:36:56.879] FAILURE | Serial: 2598417 | Error: nok | لم ينجاح

================================================================================
[2026-06-28 01:36:57.466] REQUEST
Method: POST
Endpoint: http://localhost:8081/api/GL/ImportJournal
Body: [{"docSerExternal":"2598418","branchNo":1,"docDate":"2026-04-27","docNo":null,"jvType":1,"amountLocal":4.0085,"referenceNo":"0","beneficiaryName":"","receiver":"","manualDocNo":"","description":"","addTerminalName":"1","details":[{"docDueDate":"2026-04-27","accountCode":"4111010001","accountCodeDtl":"100034","accountCodeDtlSub":"","currencyCode":"SAR","exchangeRate":0,"drOrCr":1,"amountLocal":0,"amountForeign":0,"costCenterCode":"101034","chequeNo":"0","referenceNo":"0","billNo":"","billSer":"",...
Status: 200
Response: {"code":2000,"message":"nok","content":[{"referenceId":"2550235","message":"لم ينجاح","errorNo":"0"}]}
Response Time: 2ms
================================================================================

[2026-06-28 01:36:57.469] FAILURE | Serial: 2598418 | Error: nok | لم ينجاح

================================================================================
[2026-06-28 01:36:58.048] REQUEST
Method: POST
Endpoint: http://localhost:8081/api/GL/ImportJournal
Body: [{"docSerExternal":"2598420","branchNo":1,"docDate":"2026-04-27","docNo":null,"jvType":1,"amountLocal":160.34,"referenceNo":"0","beneficiaryName":"","receiver":"","manualDocNo":"","description":"","addTerminalName":"1","details":[{"docDueDate":"2026-04-27","accountCode":"214310001","accountCodeDtl":"100049","accountCodeDtlSub":"","currencyCode":"SAR","exchangeRate":0,"drOrCr":1,"amountLocal":0,"amountForeign":0,"costCenterCode":"101049","chequeNo":"0","referenceNo":"0","billNo":"","billSer":"","...
Status: 200
Response: {"code":2000,"message":"nok","content":[{"referenceId":"2550235","message":"لم ينجاح","errorNo":"0"}]}
Response Time: 1ms
================================================================================

[2026-06-28 01:36:58.050] FAILURE | Serial: 2598420 | Error: nok | لم ينجاح

================================================================================
[2026-06-28 01:36:58.653] REQUEST
Method: POST
Endpoint: http://localhost:8081/api/GL/ImportJournal
Body: [{"docSerExternal":"2598421","branchNo":1,"docDate":"2026-04-27","docNo":null,"jvType":1,"amountLocal":4.0085,"referenceNo":"0","beneficiaryName":"","receiver":"","manualDocNo":"","description":"","addTerminalName":"1","details":[{"docDueDate":"2026-04-27","accountCode":"4111010001","accountCodeDtl":"100049","accountCodeDtlSub":"","currencyCode":"SAR","exchangeRate":0,"drOrCr":1,"amountLocal":0,"amountForeign":0,"costCenterCode":"101049","chequeNo":"0","referenceNo":"0","billNo":"","billSer":"",...
Status: 200
Response: {"code":2000,"message":"nok","content":[{"referenceId":"2550235","message":"لم ينجاح","errorNo":"0"}]}
Response Time: 1ms
================================================================================

[2026-06-28 01:36:58.655] FAILURE | Serial: 2598421 | Error: nok | لم ينجاح

================================================================================
[2026-06-28 01:58:23.860] REQUEST
Method: POST
Endpoint: http://localhost:8081/api/Auth/login
Body: {"userId":"1","password":"1"}
Status: 200
Response: {"token":"HARDCODED_TEST_TOKEN_12345"}
Response Time: 73ms
================================================================================


================================================================================
[2026-06-28 01:58:23.939] REQUEST
Method: POST
Endpoint: http://localhost:8081/api/GL/ImportJournal
Body: [{"docSerExternal":"2598425","branchNo":1,"docDate":"2026-04-27","docNo":null,"jvType":1,"amountLocal":157.79,"referenceNo":"0","beneficiaryName":"","receiver":"","manualDocNo":"","description":"","addTerminalName":"1","details":[{"docDueDate":"2026-04-27","accountCode":"214310001","accountCodeDtl":"100009","accountCodeDtlSub":"","currencyCode":"SAR","exchangeRate":0,"drOrCr":1,"amountLocal":181.4585,"amountForeign":0,"costCenterCode":"101009","chequeNo":"0","referenceNo":"0","billNo":"","billSe...
Status: 200
Response: {"code":2000,"message":"nok","content":[{"referenceId":"2550235","message":"لم ينجاح","errorNo":"0"}]}
Response Time: 3ms
================================================================================

[2026-06-28 01:58:23.945] FAILURE | Serial: 2598425 | Error: nok | لم ينجاح

================================================================================
[2026-06-28 01:58:24.483] REQUEST
Method: POST
Endpoint: http://localhost:8081/api/GL/ImportJournal
Body: [{"docSerExternal":"2598426","branchNo":1,"docDate":"2026-04-27","docNo":null,"jvType":1,"amountLocal":3.9447,"referenceNo":"0","beneficiaryName":"","receiver":"","manualDocNo":"","description":"","addTerminalName":"1","details":[{"docDueDate":"2026-04-27","accountCode":"4111010001","accountCodeDtl":"100009","accountCodeDtlSub":"","currencyCode":"SAR","exchangeRate":0,"drOrCr":1,"amountLocal":4.5364,"amountForeign":0,"costCenterCode":"101009","chequeNo":"0","referenceNo":"0","billNo":"","billSer...
Status: 200
Response: {"code":2000,"message":"nok","content":[{"referenceId":"2550235","message":"لم ينجاح","errorNo":"0"}]}
Response Time: 2ms
================================================================================

[2026-06-28 01:58:24.486] FAILURE | Serial: 2598426 | Error: nok | لم ينجاح

================================================================================
[2026-06-28 01:58:25.035] REQUEST
Method: POST
Endpoint: http://localhost:8081/api/GL/ImportJournal
Body: [{"docSerExternal":"2598430","branchNo":1,"docDate":"2026-04-27","docNo":null,"jvType":1,"amountLocal":157.79,"referenceNo":"0","beneficiaryName":"","receiver":"","manualDocNo":"","description":"","addTerminalName":"1","details":[{"docDueDate":"2026-04-27","accountCode":"214310001","accountCodeDtl":"100007","accountCodeDtlSub":"","currencyCode":"SAR","exchangeRate":0,"drOrCr":1,"amountLocal":181.4585,"amountForeign":0,"costCenterCode":"101007","chequeNo":"0","referenceNo":"0","billNo":"","billSe...
Status: 200
Response: {"code":2000,"message":"nok","content":[{"referenceId":"2550235","message":"لم ينجاح","errorNo":"0"}]}
Response Time: 2ms
================================================================================

[2026-06-28 01:58:25.039] FAILURE | Serial: 2598430 | Error: nok | لم ينجاح

================================================================================
[2026-06-28 01:58:25.587] REQUEST
Method: POST
Endpoint: http://localhost:8081/api/GL/ImportJournal
Body: [{"docSerExternal":"2598431","branchNo":1,"docDate":"2026-04-27","docNo":null,"jvType":1,"amountLocal":3.9447,"referenceNo":"0","beneficiaryName":"","receiver":"","manualDocNo":"","description":"","addTerminalName":"1","details":[{"docDueDate":"2026-04-27","accountCode":"4111010001","accountCodeDtl":"100007","accountCodeDtlSub":"","currencyCode":"SAR","exchangeRate":0,"drOrCr":1,"amountLocal":4.5364,"amountForeign":0,"costCenterCode":"101007","chequeNo":"0","referenceNo":"0","billNo":"","billSer...
Status: 200
Response: {"code":2000,"message":"nok","content":[{"referenceId":"2550235","message":"لم ينجاح","errorNo":"0"}]}
Response Time: 2ms
================================================================================

[2026-06-28 01:58:25.590] FAILURE | Serial: 2598431 | Error: nok | لم ينجاح

================================================================================
[2026-06-28 01:58:26.142] REQUEST
Method: POST
Endpoint: http://localhost:8081/api/GL/ImportJournal
Body: [{"docSerExternal":"2598432","branchNo":1,"docDate":"2026-04-27","docNo":null,"jvType":1,"amountLocal":169.67,"referenceNo":"0","beneficiaryName":"","receiver":"","manualDocNo":"","description":"","addTerminalName":"1","details":[{"docDueDate":"2026-04-27","accountCode":"214310001","accountCodeDtl":"100061","accountCodeDtlSub":"","currencyCode":"SAR","exchangeRate":0,"drOrCr":1,"amountLocal":195.1205,"amountForeign":0,"costCenterCode":null,"chequeNo":"0","referenceNo":"0","billNo":"","billSer":"...
Status: 200
Response: {"code":2000,"message":"nok","content":[{"referenceId":"2550235","message":"لم ينجاح","errorNo":"0"}]}
Response Time: 2ms
================================================================================

[2026-06-28 01:58:26.145] FAILURE | Serial: 2598432 | Error: nok | لم ينجاح

================================================================================
[2026-06-28 01:58:26.701] REQUEST
Method: POST
Endpoint: http://localhost:8081/api/GL/ImportJournal
Body: [{"docSerExternal":"2598433","branchNo":1,"docDate":"2026-04-27","docNo":null,"jvType":1,"amountLocal":4.2417,"referenceNo":"0","beneficiaryName":"","receiver":"","manualDocNo":"","description":"","addTerminalName":"1","details":[{"docDueDate":"2026-04-27","accountCode":"4111010001","accountCodeDtl":"100061","accountCodeDtlSub":"","currencyCode":"SAR","exchangeRate":0,"drOrCr":1,"amountLocal":4.878,"amountForeign":0,"costCenterCode":"101061","chequeNo":"0","referenceNo":"0","billNo":"","billSer"...
Status: 200
Response: {"code":2000,"message":"nok","content":[{"referenceId":"2550235","message":"لم ينجاح","errorNo":"0"}]}
Response Time: 2ms
================================================================================

[2026-06-28 01:58:26.704] FAILURE | Serial: 2598433 | Error: nok | لم ينجاح

================================================================================
[2026-06-28 01:58:27.344] REQUEST
Method: POST
Endpoint: http://localhost:8081/api/GL/ImportJournal
Body: [{"docSerExternal":"2598435","branchNo":1,"docDate":"2026-04-27","docNo":null,"jvType":1,"amountLocal":152.7,"referenceNo":"0","beneficiaryName":"","receiver":"","manualDocNo":"","description":"","addTerminalName":"1","details":[{"docDueDate":"2026-04-27","accountCode":"214310001","accountCodeDtl":"100072","accountCodeDtlSub":"","currencyCode":"SAR","exchangeRate":0,"drOrCr":1,"amountLocal":175.605,"amountForeign":0,"costCenterCode":null,"chequeNo":"0","referenceNo":"0","billNo":"","billSer":"",...
Status: 200
Response: {"code":2000,"message":"nok","content":[{"referenceId":"2550235","message":"لم ينجاح","errorNo":"0"}]}
Response Time: 2ms
================================================================================

[2026-06-28 01:58:27.347] FAILURE | Serial: 2598435 | Error: nok | لم ينجاح

================================================================================
[2026-06-28 01:58:28.245] REQUEST
Method: POST
Endpoint: http://localhost:8081/api/GL/ImportJournal
Body: [{"docSerExternal":"2598436","branchNo":1,"docDate":"2026-04-27","docNo":null,"jvType":1,"amountLocal":3.8175,"referenceNo":"0","beneficiaryName":"","receiver":"","manualDocNo":"","description":"","addTerminalName":"1","details":[{"docDueDate":"2026-04-27","accountCode":"4111010001","accountCodeDtl":"100072","accountCodeDtlSub":"","currencyCode":"SAR","exchangeRate":0,"drOrCr":1,"amountLocal":4.3901,"amountForeign":0,"costCenterCode":"101072","chequeNo":"0","referenceNo":"0","billNo":"","billSer...
Status: 200
Response: {"code":2000,"message":"nok","content":[{"referenceId":"2550235","message":"لم ينجاح","errorNo":"0"}]}
Response Time: 2ms
================================================================================

[2026-06-28 01:58:28.249] FAILURE | Serial: 2598436 | Error: nok | لم ينجاح

================================================================================
[2026-06-28 01:58:29.088] REQUEST
Method: POST
Endpoint: http://localhost:8081/api/GL/ImportJournal
Body: [{"docSerExternal":"2598438","branchNo":1,"docDate":"2026-04-27","docNo":null,"jvType":1,"amountLocal":157.79,"referenceNo":"0","beneficiaryName":"","receiver":"","manualDocNo":"","description":"","addTerminalName":"1","details":[{"docDueDate":"2026-04-27","accountCode":"214310001","accountCodeDtl":"100012","accountCodeDtlSub":"","currencyCode":"SAR","exchangeRate":0,"drOrCr":1,"amountLocal":181.4585,"amountForeign":0,"costCenterCode":"101012","chequeNo":"0","referenceNo":"0","billNo":"","billSe...
Status: 200
Response: {"code":2000,"message":"nok","content":[{"referenceId":"2550235","message":"لم ينجاح","errorNo":"0"}]}
Response Time: 1ms
================================================================================

[2026-06-28 01:58:29.091] FAILURE | Serial: 2598438 | Error: nok | لم ينجاح

================================================================================
[2026-06-28 01:58:29.935] REQUEST
Method: POST
Endpoint: http://localhost:8081/api/GL/ImportJournal
Body: [{"docSerExternal":"2598439","branchNo":1,"docDate":"2026-04-27","docNo":null,"jvType":1,"amountLocal":3.9447,"referenceNo":"0","beneficiaryName":"","receiver":"","manualDocNo":"","description":"","addTerminalName":"1","details":[{"docDueDate":"2026-04-27","accountCode":"4111010001","accountCodeDtl":"100012","accountCodeDtlSub":"","currencyCode":"SAR","exchangeRate":0,"drOrCr":1,"amountLocal":4.5364,"amountForeign":0,"costCenterCode":"101012","chequeNo":"0","referenceNo":"0","billNo":"","billSer...
Status: 200
Response: {"code":2000,"message":"nok","content":[{"referenceId":"2550235","message":"لم ينجاح","errorNo":"0"}]}
Response Time: 1ms
================================================================================

[2026-06-28 01:58:29.938] FAILURE | Serial: 2598439 | Error: nok | لم ينجاح

================================================================================
[2026-06-28 01:58:30.784] REQUEST
Method: POST
Endpoint: http://localhost:8081/api/GL/ImportJournal
Body: [{"docSerExternal":"2598441","branchNo":1,"docDate":"2026-04-27","docNo":null,"jvType":1,"amountLocal":169.67,"referenceNo":"0","beneficiaryName":"","receiver":"","manualDocNo":"","description":"","addTerminalName":"1","details":[{"docDueDate":"2026-04-27","accountCode":"214310001","accountCodeDtl":"100021","accountCodeDtlSub":"","currencyCode":"SAR","exchangeRate":0,"drOrCr":1,"amountLocal":195.1205,"amountForeign":0,"costCenterCode":null,"chequeNo":"0","referenceNo":"0","billNo":"","billSer":"...
Status: 200
Response: {"code":2000,"message":"nok","content":[{"referenceId":"2550235","message":"لم ينجاح","errorNo":"0"}]}
Response Time: 1ms
================================================================================

[2026-06-28 01:58:30.787] FAILURE | Serial: 2598441 | Error: nok | لم ينجاح

================================================================================
[2026-06-28 01:58:31.657] REQUEST
Method: POST
Endpoint: http://localhost:8081/api/GL/ImportJournal
Body: [{"docSerExternal":"2598442","branchNo":1,"docDate":"2026-04-27","docNo":null,"jvType":1,"amountLocal":4.2417,"referenceNo":"0","beneficiaryName":"","receiver":"","manualDocNo":"","description":"","addTerminalName":"1","details":[{"docDueDate":"2026-04-27","accountCode":"4111010001","accountCodeDtl":"100021","accountCodeDtlSub":"","currencyCode":"SAR","exchangeRate":0,"drOrCr":1,"amountLocal":4.878,"amountForeign":0,"costCenterCode":"101021","chequeNo":"0","referenceNo":"0","billNo":"","billSer"...
Status: 200
Response: {"code":2000,"message":"nok","content":[{"referenceId":"2550235","message":"لم ينجاح","errorNo":"0"}]}
Response Time: 1ms
================================================================================

[2026-06-28 01:58:31.660] FAILURE | Serial: 2598442 | Error: nok | لم ينجاح

================================================================================
[2026-06-28 01:58:32.527] REQUEST
Method: POST
Endpoint: http://localhost:8081/api/GL/ImportJournal
Body: [{"docSerExternal":"2598443","branchNo":1,"docDate":"2026-04-27","docNo":null,"jvType":1,"amountLocal":169.67,"referenceNo":"0","beneficiaryName":"","receiver":"","manualDocNo":"","description":"","addTerminalName":"1","details":[{"docDueDate":"2026-04-27","accountCode":"214310001","accountCodeDtl":"100008","accountCodeDtlSub":"","currencyCode":"SAR","exchangeRate":0,"drOrCr":1,"amountLocal":195.1205,"amountForeign":0,"costCenterCode":"101008","chequeNo":"0","referenceNo":"0","billNo":"","billSe...
Status: 200
Response: {"code":2000,"message":"nok","content":[{"referenceId":"2550235","message":"لم ينجاح","errorNo":"0"}]}
Response Time: 1ms
================================================================================

[2026-06-28 01:58:32.530] FAILURE | Serial: 2598443 | Error: nok | لم ينجاح

================================================================================
[2026-06-28 01:58:33.392] REQUEST
Method: POST
Endpoint: http://localhost:8081/api/GL/ImportJournal
Body: [{"docSerExternal":"2598444","branchNo":1,"docDate":"2026-04-27","docNo":null,"jvType":1,"amountLocal":154.4,"referenceNo":"0","beneficiaryName":"","receiver":"","manualDocNo":"","description":"","addTerminalName":"1","details":[{"docDueDate":"2026-04-27","accountCode":"214310001","accountCodeDtl":"100066","accountCodeDtlSub":"","currencyCode":"SAR","exchangeRate":0,"drOrCr":1,"amountLocal":177.56,"amountForeign":0,"costCenterCode":null,"chequeNo":"0","referenceNo":"0","billNo":"","billSer":"","...
Status: 200
Response: {"code":2000,"message":"nok","content":[{"referenceId":"2550235","message":"لم ينجاح","errorNo":"0"}]}
Response Time: 1ms
================================================================================

[2026-06-28 01:58:33.395] FAILURE | Serial: 2598444 | Error: nok | لم ينجاح

================================================================================
[2026-06-28 01:58:34.243] REQUEST
Method: POST
Endpoint: http://localhost:8081/api/GL/ImportJournal
Body: [{"docSerExternal":"2598445","branchNo":1,"docDate":"2026-04-27","docNo":null,"jvType":1,"amountLocal":156.1,"referenceNo":"0","beneficiaryName":"","receiver":"","manualDocNo":"","description":"","addTerminalName":"1","details":[{"docDueDate":"2026-04-27","accountCode":"214310001","accountCodeDtl":"100076","accountCodeDtlSub":"","currencyCode":"SAR","exchangeRate":0,"drOrCr":1,"amountLocal":179.515,"amountForeign":0,"costCenterCode":null,"chequeNo":"0","referenceNo":"0","billNo":"","billSer":"",...
Status: 200
Response: {"code":2000,"message":"nok","content":[{"referenceId":"2550235","message":"لم ينجاح","errorNo":"0"}]}
Response Time: 1ms
================================================================================

[2026-06-28 01:58:34.246] FAILURE | Serial: 2598445 | Error: nok | لم ينجاح

================================================================================
[2026-06-28 01:58:35.083] REQUEST
Method: POST
Endpoint: http://localhost:8081/api/GL/ImportJournal
Body: [{"docSerExternal":"2598446","branchNo":1,"docDate":"2026-04-27","docNo":null,"jvType":1,"amountLocal":169.67,"referenceNo":"0","beneficiaryName":"","receiver":"","manualDocNo":"","description":"","addTerminalName":"1","details":[{"docDueDate":"2026-04-27","accountCode":"214310001","accountCodeDtl":"100014","accountCodeDtlSub":"","currencyCode":"SAR","exchangeRate":0,"drOrCr":1,"amountLocal":195.1205,"amountForeign":0,"costCenterCode":"101014","chequeNo":"0","referenceNo":"0","billNo":"","billSe...
Status: 200
Response: {"code":2000,"message":"nok","content":[{"referenceId":"2550235","message":"لم ينجاح","errorNo":"0"}]}
Response Time: 1ms
================================================================================

[2026-06-28 01:58:35.086] FAILURE | Serial: 2598446 | Error: nok | لم ينجاح

================================================================================
[2026-06-28 01:58:35.955] REQUEST
Method: POST
Endpoint: http://localhost:8081/api/GL/ImportJournal
Body: [{"docSerExternal":"2598447","branchNo":1,"docDate":"2026-04-27","docNo":null,"jvType":1,"amountLocal":156.1,"referenceNo":"0","beneficiaryName":"","receiver":"","manualDocNo":"","description":"","addTerminalName":"1","details":[{"docDueDate":"2026-04-27","accountCode":"214310001","accountCodeDtl":"100019","accountCodeDtlSub":"","currencyCode":"SAR","exchangeRate":0,"drOrCr":1,"amountLocal":179.515,"amountForeign":0,"costCenterCode":"101019","chequeNo":"0","referenceNo":"0","billNo":"","billSer"...
Status: 200
Response: {"code":2000,"message":"nok","content":[{"referenceId":"2550235","message":"لم ينجاح","errorNo":"0"}]}
Response Time: 1ms
================================================================================

[2026-06-28 01:58:35.958] FAILURE | Serial: 2598447 | Error: nok | لم ينجاح

================================================================================
[2026-06-28 01:58:36.641] REQUEST
Method: POST
Endpoint: http://localhost:8081/api/GL/ImportJournal
Body: [{"docSerExternal":"2598448","branchNo":1,"docDate":"2026-04-27","docNo":null,"jvType":1,"amountLocal":152.7,"referenceNo":"0","beneficiaryName":"","receiver":"","manualDocNo":"","description":"","addTerminalName":"1","details":[{"docDueDate":"2026-04-27","accountCode":"214310001","accountCodeDtl":"100028","accountCodeDtlSub":"","currencyCode":"SAR","exchangeRate":0,"drOrCr":1,"amountLocal":175.605,"amountForeign":0,"costCenterCode":null,"chequeNo":"0","referenceNo":"0","billNo":"","billSer":"",...
Status: 200
Response: {"code":2000,"message":"nok","content":[{"referenceId":"2550235","message":"لم ينجاح","errorNo":"0"}]}
Response Time: 1ms
================================================================================

[2026-06-28 01:58:36.643] FAILURE | Serial: 2598448 | Error: nok | لم ينجاح

================================================================================
[2026-06-28 01:58:37.211] REQUEST
Method: POST
Endpoint: http://localhost:8081/api/GL/ImportJournal
Body: [{"docSerExternal":"2598449","branchNo":1,"docDate":"2026-04-27","docNo":null,"jvType":1,"amountLocal":169.67,"referenceNo":"0","beneficiaryName":"","receiver":"","manualDocNo":"","description":"","addTerminalName":"1","details":[{"docDueDate":"2026-04-27","accountCode":"214310001","accountCodeDtl":"100038","accountCodeDtlSub":"","currencyCode":"SAR","exchangeRate":0,"drOrCr":1,"amountLocal":195.1205,"amountForeign":0,"costCenterCode":null,"chequeNo":"0","referenceNo":"0","billNo":"","billSer":"...
Status: 200
Response: {"code":2000,"message":"nok","content":[{"referenceId":"2550235","message":"لم ينجاح","errorNo":"0"}]}
Response Time: 1ms
================================================================================

[2026-06-28 01:58:37.214] FAILURE | Serial: 2598449 | Error: nok | لم ينجاح

================================================================================
[2026-06-28 01:58:37.764] REQUEST
Method: POST
Endpoint: http://localhost:8081/api/GL/ImportJournal
Body: [{"docSerExternal":"2598450","branchNo":1,"docDate":"2026-04-27","docNo":null,"jvType":1,"amountLocal":154.4,"referenceNo":"0","beneficiaryName":"","receiver":"","manualDocNo":"","description":"","addTerminalName":"1","details":[{"docDueDate":"2026-04-27","accountCode":"214310001","accountCodeDtl":"100044","accountCodeDtlSub":"","currencyCode":"SAR","exchangeRate":0,"drOrCr":1,"amountLocal":177.56,"amountForeign":0,"costCenterCode":null,"chequeNo":"0","referenceNo":"0","billNo":"","billSer":"","...
Status: 200
Response: {"code":2000,"message":"nok","content":[{"referenceId":"2550235","message":"لم ينجاح","errorNo":"0"}]}
Response Time: 1ms
================================================================================

[2026-06-28 01:58:37.766] FAILURE | Serial: 2598450 | Error: nok | لم ينجاح

================================================================================
[2026-06-28 01:58:38.301] REQUEST
Method: POST
Endpoint: http://localhost:8081/api/GL/ImportJournal
Body: [{"docSerExternal":"2598451","branchNo":1,"docDate":"2026-04-27","docNo":null,"jvType":1,"amountLocal":169.67,"referenceNo":"0","beneficiaryName":"","receiver":"","manualDocNo":"","description":"","addTerminalName":"1","details":[{"docDueDate":"2026-04-27","accountCode":"214310001","accountCodeDtl":"100046","accountCodeDtlSub":"","currencyCode":"SAR","exchangeRate":0,"drOrCr":1,"amountLocal":195.1205,"amountForeign":0,"costCenterCode":null,"chequeNo":"0","referenceNo":"0","billNo":"","billSer":"...
Status: 200
Response: {"code":2000,"message":"nok","content":[{"referenceId":"2550235","message":"لم ينجاح","errorNo":"0"}]}
Response Time: 1ms
================================================================================

[2026-06-28 01:58:38.304] FAILURE | Serial: 2598451 | Error: nok | لم ينجاح

================================================================================
[2026-06-28 01:58:38.897] REQUEST
Method: POST
Endpoint: http://localhost:8081/api/GL/ImportJournal
Body: [{"docSerExternal":"2598452","branchNo":1,"docDate":"2026-04-27","docNo":null,"jvType":1,"amountLocal":312,"referenceNo":"0","beneficiaryName":"","receiver":"","manualDocNo":"","description":"","addTerminalName":"1","details":[{"docDueDate":"2026-04-27","accountCode":"214310001","accountCodeDtl":"100048","accountCodeDtlSub":"","currencyCode":"SAR","exchangeRate":0,"drOrCr":1,"amountLocal":358.8,"amountForeign":0,"costCenterCode":"101048","chequeNo":"0","referenceNo":"0","billNo":"","billSer":"",...
Status: 200
Response: {"code":2000,"message":"nok","content":[{"referenceId":"2550235","message":"لم ينجاح","errorNo":"0"}]}
Response Time: 2ms
================================================================================

[2026-06-28 01:58:38.900] FAILURE | Serial: 2598452 | Error: nok | لم ينجاح

================================================================================
[2026-06-28 01:58:39.513] REQUEST
Method: POST
Endpoint: http://localhost:8081/api/GL/ImportJournal
Body: [{"docSerExternal":"2598453","branchNo":1,"docDate":"2026-04-27","docNo":null,"jvType":1,"amountLocal":156.1,"referenceNo":"0","beneficiaryName":"","receiver":"","manualDocNo":"","description":"","addTerminalName":"1","details":[{"docDueDate":"2026-04-27","accountCode":"214310001","accountCodeDtl":"100050","accountCodeDtlSub":"","currencyCode":"SAR","exchangeRate":0,"drOrCr":1,"amountLocal":179.515,"amountForeign":0,"costCenterCode":"101050","chequeNo":"0","referenceNo":"0","billNo":"","billSer"...
Status: 200
Response: {"code":2000,"message":"nok","content":[{"referenceId":"2550235","message":"لم ينجاح","errorNo":"0"}]}
Response Time: 2ms
================================================================================

[2026-06-28 01:58:39.517] FAILURE | Serial: 2598453 | Error: nok | لم ينجاح

================================================================================
[2026-06-28 01:58:40.144] REQUEST
Method: POST
Endpoint: http://localhost:8081/api/GL/ImportJournal
Body: [{"docSerExternal":"2598454","branchNo":1,"docDate":"2026-04-27","docNo":null,"jvType":1,"amountLocal":152.7,"referenceNo":"0","beneficiaryName":"","receiver":"","manualDocNo":"","description":"","addTerminalName":"1","details":[{"docDueDate":"2026-04-27","accountCode":"214310001","accountCodeDtl":"100053","accountCodeDtlSub":"","currencyCode":"SAR","exchangeRate":0,"drOrCr":1,"amountLocal":175.605,"amountForeign":0,"costCenterCode":"101053","chequeNo":"0","referenceNo":"0","billNo":"","billSer"...
Status: 200
Response: {"code":2000,"message":"nok","content":[{"referenceId":"2550235","message":"لم ينجاح","errorNo":"0"}]}
Response Time: 2ms
================================================================================

[2026-06-28 01:58:40.147] FAILURE | Serial: 2598454 | Error: nok | لم ينجاح

================================================================================
[2026-06-28 01:58:40.758] REQUEST
Method: POST
Endpoint: http://localhost:8081/api/GL/ImportJournal
Body: [{"docSerExternal":"2598455","branchNo":1,"docDate":"2026-04-27","docNo":null,"jvType":1,"amountLocal":169.67,"referenceNo":"0","beneficiaryName":"","receiver":"","manualDocNo":"","description":"","addTerminalName":"1","details":[{"docDueDate":"2026-04-27","accountCode":"214310001","accountCodeDtl":"100056","accountCodeDtlSub":"","currencyCode":"SAR","exchangeRate":0,"drOrCr":1,"amountLocal":195.1205,"amountForeign":0,"costCenterCode":"101056","chequeNo":"0","referenceNo":"0","billNo":"","billSe...
Status: 200
Response: {"code":2000,"message":"nok","content":[{"referenceId":"2550235","message":"لم ينجاح","errorNo":"0"}]}
Response Time: 1ms
================================================================================

[2026-06-28 01:58:40.761] FAILURE | Serial: 2598455 | Error: nok | لم ينجاح

================================================================================
[2026-06-28 01:58:41.301] REQUEST
Method: POST
Endpoint: http://localhost:8081/api/GL/ImportJournal
Body: [{"docSerExternal":"2598456","branchNo":1,"docDate":"2026-04-27","docNo":null,"jvType":1,"amountLocal":152.7,"referenceNo":"0","beneficiaryName":"","receiver":"","manualDocNo":"","description":"","addTerminalName":"1","details":[{"docDueDate":"2026-04-27","accountCode":"214310001","accountCodeDtl":"100063","accountCodeDtlSub":"","currencyCode":"SAR","exchangeRate":0,"drOrCr":1,"amountLocal":175.605,"amountForeign":0,"costCenterCode":null,"chequeNo":"0","referenceNo":"0","billNo":"","billSer":"",...
Status: 200
Response: {"code":2000,"message":"nok","content":[{"referenceId":"2550235","message":"لم ينجاح","errorNo":"0"}]}
Response Time: 2ms
================================================================================

[2026-06-28 01:58:41.304] FAILURE | Serial: 2598456 | Error: nok | لم ينجاح

================================================================================
[2026-06-28 01:58:41.865] REQUEST
Method: POST
Endpoint: http://localhost:8081/api/GL/ImportJournal
Body: [{"docSerExternal":"2598457","branchNo":1,"docDate":"2026-04-27","docNo":null,"jvType":1,"amountLocal":169.67,"referenceNo":"0","beneficiaryName":"","receiver":"","manualDocNo":"","description":"","addTerminalName":"1","details":[{"docDueDate":"2026-04-27","accountCode":"214310001","accountCodeDtl":"100071","accountCodeDtlSub":"","currencyCode":"SAR","exchangeRate":0,"drOrCr":1,"amountLocal":195.1205,"amountForeign":0,"costCenterCode":null,"chequeNo":"0","referenceNo":"0","billNo":"","billSer":"...
Status: 200
Response: {"code":2000,"message":"nok","content":[{"referenceId":"2550235","message":"لم ينجاح","errorNo":"0"}]}
Response Time: 2ms
================================================================================

[2026-06-28 01:58:41.868] FAILURE | Serial: 2598457 | Error: nok | لم ينجاح

================================================================================
[2026-06-28 01:58:42.412] REQUEST
Method: POST
Endpoint: http://localhost:8081/api/GL/ImportJournal
Body: [{"docSerExternal":"2598458","branchNo":1,"docDate":"2026-04-27","docNo":null,"jvType":1,"amountLocal":197.67,"referenceNo":"0","beneficiaryName":"","receiver":"","manualDocNo":"","description":"","addTerminalName":"1","details":[{"docDueDate":"2026-04-27","accountCode":"214310001","accountCodeDtl":"100073","accountCodeDtlSub":"","currencyCode":"SAR","exchangeRate":0,"drOrCr":1,"amountLocal":227.3205,"amountForeign":0,"costCenterCode":null,"chequeNo":"0","referenceNo":"0","billNo":"","billSer":"...
Status: 200
Response: {"code":2000,"message":"nok","content":[{"referenceId":"2550235","message":"لم ينجاح","errorNo":"0"}]}
Response Time: 1ms
================================================================================

[2026-06-28 01:58:42.414] FAILURE | Serial: 2598458 | Error: nok | لم ينجاح

================================================================================
[2026-06-28 01:58:42.954] REQUEST
Method: POST
Endpoint: http://localhost:8081/api/GL/ImportJournal
Body: [{"docSerExternal":"2598459","branchNo":1,"docDate":"2026-04-27","docNo":null,"jvType":1,"amountLocal":4.2417,"referenceNo":"0","beneficiaryName":"","receiver":"","manualDocNo":"","description":"","addTerminalName":"1","details":[{"docDueDate":"2026-04-27","accountCode":"4111010001","accountCodeDtl":"100008","accountCodeDtlSub":"","currencyCode":"SAR","exchangeRate":0,"drOrCr":1,"amountLocal":4.878,"amountForeign":0,"costCenterCode":"101008","chequeNo":"0","referenceNo":"0","billNo":"","billSer"...
Status: 200
Response: {"code":2000,"message":"nok","content":[{"referenceId":"2550235","message":"لم ينجاح","errorNo":"0"}]}
Response Time: 1ms
================================================================================

[2026-06-28 01:58:42.956] FAILURE | Serial: 2598459 | Error: nok | لم ينجاح

================================================================================
[2026-06-28 01:58:43.502] REQUEST
Method: POST
Endpoint: http://localhost:8081/api/GL/ImportJournal
Body: [{"docSerExternal":"2598460","branchNo":1,"docDate":"2026-04-27","docNo":null,"jvType":1,"amountLocal":3.86,"referenceNo":"0","beneficiaryName":"","receiver":"","manualDocNo":"","description":"","addTerminalName":"1","details":[{"docDueDate":"2026-04-27","accountCode":"4111010001","accountCodeDtl":"100066","accountCodeDtlSub":"","currencyCode":"SAR","exchangeRate":0,"drOrCr":1,"amountLocal":4.439,"amountForeign":0,"costCenterCode":"101066","chequeNo":"0","referenceNo":"0","billNo":"","billSer":"...
Status: 200
Response: {"code":2000,"message":"nok","content":[{"referenceId":"2550235","message":"لم ينجاح","errorNo":"0"}]}
Response Time: 1ms
================================================================================

[2026-06-28 01:58:43.505] FAILURE | Serial: 2598460 | Error: nok | لم ينجاح

================================================================================
[2026-06-28 01:58:44.095] REQUEST
Method: POST
Endpoint: http://localhost:8081/api/GL/ImportJournal
Body: [{"docSerExternal":"2598461","branchNo":1,"docDate":"2026-04-27","docNo":null,"jvType":1,"amountLocal":3.9025,"referenceNo":"0","beneficiaryName":"","receiver":"","manualDocNo":"","description":"","addTerminalName":"1","details":[{"docDueDate":"2026-04-27","accountCode":"4111010001","accountCodeDtl":"100076","accountCodeDtlSub":"","currencyCode":"SAR","exchangeRate":0,"drOrCr":1,"amountLocal":4.4879,"amountForeign":0,"costCenterCode":"101076","chequeNo":"0","referenceNo":"0","billNo":"","billSer...
Status: 200
Response: {"code":2000,"message":"nok","content":[{"referenceId":"2550235","message":"لم ينجاح","errorNo":"0"}]}
Response Time: 2ms
================================================================================

[2026-06-28 01:58:44.098] FAILURE | Serial: 2598461 | Error: nok | لم ينجاح

================================================================================
[2026-06-28 01:58:44.655] REQUEST
Method: POST
Endpoint: http://localhost:8081/api/GL/ImportJournal
Body: [{"docSerExternal":"2598462","branchNo":1,"docDate":"2026-04-27","docNo":null,"jvType":1,"amountLocal":4.2417,"referenceNo":"0","beneficiaryName":"","receiver":"","manualDocNo":"","description":"","addTerminalName":"1","details":[{"docDueDate":"2026-04-27","accountCode":"4111010001","accountCodeDtl":"100014","accountCodeDtlSub":"","currencyCode":"SAR","exchangeRate":0,"drOrCr":1,"amountLocal":4.878,"amountForeign":0,"costCenterCode":"101014","chequeNo":"0","referenceNo":"0","billNo":"","billSer"...
Status: 200
Response: {"code":2000,"message":"nok","content":[{"referenceId":"2550235","message":"لم ينجاح","errorNo":"0"}]}
Response Time: 1ms
================================================================================

[2026-06-28 01:58:44.658] FAILURE | Serial: 2598462 | Error: nok | لم ينجاح

================================================================================
[2026-06-28 01:58:45.206] REQUEST
Method: POST
Endpoint: http://localhost:8081/api/GL/ImportJournal
Body: [{"docSerExternal":"2598463","branchNo":1,"docDate":"2026-04-27","docNo":null,"jvType":1,"amountLocal":3.9025,"referenceNo":"0","beneficiaryName":"","receiver":"","manualDocNo":"","description":"","addTerminalName":"1","details":[{"docDueDate":"2026-04-27","accountCode":"4111010001","accountCodeDtl":"100018","accountCodeDtlSub":"","currencyCode":"SAR","exchangeRate":0,"drOrCr":1,"amountLocal":4.4879,"amountForeign":0,"costCenterCode":"101018","chequeNo":"0","referenceNo":"0","billNo":"","billSer...
Status: 200
Response: {"code":2000,"message":"nok","content":[{"referenceId":"2550235","message":"لم ينجاح","errorNo":"0"}]}
Response Time: 1ms
================================================================================

[2026-06-28 01:58:45.208] FAILURE | Serial: 2598463 | Error: nok | لم ينجاح

================================================================================
[2026-06-28 01:58:45.763] REQUEST
Method: POST
Endpoint: http://localhost:8081/api/GL/ImportJournal
Body: [{"docSerExternal":"2598464","branchNo":1,"docDate":"2026-04-27","docNo":null,"jvType":1,"amountLocal":3.8175,"referenceNo":"0","beneficiaryName":"","receiver":"","manualDocNo":"","description":"","addTerminalName":"1","details":[{"docDueDate":"2026-04-27","accountCode":"4111010001","accountCodeDtl":"100028","accountCodeDtlSub":"","currencyCode":"SAR","exchangeRate":0,"drOrCr":1,"amountLocal":4.3901,"amountForeign":0,"costCenterCode":"101028","chequeNo":"0","referenceNo":"0","billNo":"","billSer...
Status: 200
Response: {"code":2000,"message":"nok","content":[{"referenceId":"2550235","message":"لم ينجاح","errorNo":"0"}]}
Response Time: 1ms
================================================================================

[2026-06-28 01:58:45.765] FAILURE | Serial: 2598464 | Error: nok | لم ينجاح

================================================================================
[2026-06-28 01:58:46.317] REQUEST
Method: POST
Endpoint: http://localhost:8081/api/GL/ImportJournal
Body: [{"docSerExternal":"2598465","branchNo":1,"docDate":"2026-04-27","docNo":null,"jvType":1,"amountLocal":4.2417,"referenceNo":"0","beneficiaryName":"","receiver":"","manualDocNo":"","description":"","addTerminalName":"1","details":[{"docDueDate":"2026-04-27","accountCode":"4111010001","accountCodeDtl":"100038","accountCodeDtlSub":"","currencyCode":"SAR","exchangeRate":0,"drOrCr":1,"amountLocal":4.878,"amountForeign":0,"costCenterCode":"101038","chequeNo":"0","referenceNo":"0","billNo":"","billSer"...
Status: 200
Response: {"code":2000,"message":"nok","content":[{"referenceId":"2550235","message":"لم ينجاح","errorNo":"0"}]}
Response Time: 1ms
================================================================================

[2026-06-28 01:58:46.320] FAILURE | Serial: 2598465 | Error: nok | لم ينجاح

================================================================================
[2026-06-28 01:58:46.874] REQUEST
Method: POST
Endpoint: http://localhost:8081/api/GL/ImportJournal
Body: [{"docSerExternal":"2598466","branchNo":1,"docDate":"2026-04-27","docNo":null,"jvType":1,"amountLocal":3.86,"referenceNo":"0","beneficiaryName":"","receiver":"","manualDocNo":"","description":"","addTerminalName":"1","details":[{"docDueDate":"2026-04-27","accountCode":"4111010001","accountCodeDtl":"100044","accountCodeDtlSub":"","currencyCode":"SAR","exchangeRate":0,"drOrCr":1,"amountLocal":4.439,"amountForeign":0,"costCenterCode":"101044","chequeNo":"0","referenceNo":"0","billNo":"","billSer":"...
Status: 200
Response: {"code":2000,"message":"nok","content":[{"referenceId":"2550235","message":"لم ينجاح","errorNo":"0"}]}
Response Time: 1ms
================================================================================

[2026-06-28 01:58:46.876] FAILURE | Serial: 2598466 | Error: nok | لم ينجاح

================================================================================
[2026-06-28 01:58:47.425] REQUEST
Method: POST
Endpoint: http://localhost:8081/api/GL/ImportJournal
Body: [{"docSerExternal":"2598467","branchNo":1,"docDate":"2026-04-27","docNo":null,"jvType":1,"amountLocal":4.2417,"referenceNo":"0","beneficiaryName":"","receiver":"","manualDocNo":"","description":"","addTerminalName":"1","details":[{"docDueDate":"2026-04-27","accountCode":"4111010001","accountCodeDtl":"100046","accountCodeDtlSub":"","currencyCode":"SAR","exchangeRate":0,"drOrCr":1,"amountLocal":4.878,"amountForeign":0,"costCenterCode":"101046","chequeNo":"0","referenceNo":"0","billNo":"","billSer"...
Status: 200
Response: {"code":2000,"message":"nok","content":[{"referenceId":"2550235","message":"لم ينجاح","errorNo":"0"}]}
Response Time: 1ms
================================================================================

[2026-06-28 01:58:47.427] FAILURE | Serial: 2598467 | Error: nok | لم ينجاح

================================================================================
[2026-06-28 01:58:47.995] REQUEST
Method: POST
Endpoint: http://localhost:8081/api/GL/ImportJournal
Body: [{"docSerExternal":"2598468","branchNo":1,"docDate":"2026-04-27","docNo":null,"jvType":1,"amountLocal":7.8,"referenceNo":"0","beneficiaryName":"","receiver":"","manualDocNo":"","description":"","addTerminalName":"1","details":[{"docDueDate":"2026-04-27","accountCode":"4111010001","accountCodeDtl":"100048","accountCodeDtlSub":"","currencyCode":"SAR","exchangeRate":0,"drOrCr":1,"amountLocal":8.97,"amountForeign":0,"costCenterCode":"101048","chequeNo":"0","referenceNo":"0","billNo":"","billSer":"",...
Status: 200
Response: {"code":2000,"message":"nok","content":[{"referenceId":"2550235","message":"لم ينجاح","errorNo":"0"}]}
Response Time: 1ms
================================================================================

[2026-06-28 01:58:47.998] FAILURE | Serial: 2598468 | Error: nok | لم ينجاح

================================================================================
[2026-06-28 01:58:48.553] REQUEST
Method: POST
Endpoint: http://localhost:8081/api/GL/ImportJournal
Body: [{"docSerExternal":"2598469","branchNo":1,"docDate":"2026-04-27","docNo":null,"jvType":1,"amountLocal":3.9025,"referenceNo":"0","beneficiaryName":"","receiver":"","manualDocNo":"","description":"","addTerminalName":"1","details":[{"docDueDate":"2026-04-27","accountCode":"4111010001","accountCodeDtl":"100050","accountCodeDtlSub":"","currencyCode":"SAR","exchangeRate":0,"drOrCr":1,"amountLocal":4.4879,"amountForeign":0,"costCenterCode":"101050","chequeNo":"0","referenceNo":"0","billNo":"","billSer...
Status: 200
Response: {"code":2000,"message":"nok","content":[{"referenceId":"2550235","message":"لم ينجاح","errorNo":"0"}]}
Response Time: 2ms
================================================================================

[2026-06-28 01:58:48.556] FAILURE | Serial: 2598469 | Error: nok | لم ينجاح

================================================================================
[2026-06-28 01:58:49.118] REQUEST
Method: POST
Endpoint: http://localhost:8081/api/GL/ImportJournal
Body: [{"docSerExternal":"2598470","branchNo":1,"docDate":"2026-04-27","docNo":null,"jvType":1,"amountLocal":3.8175,"referenceNo":"0","beneficiaryName":"","receiver":"","manualDocNo":"","description":"","addTerminalName":"1","details":[{"docDueDate":"2026-04-27","accountCode":"4111010001","accountCodeDtl":"100053","accountCodeDtlSub":"","currencyCode":"SAR","exchangeRate":0,"drOrCr":1,"amountLocal":4.3901,"amountForeign":0,"costCenterCode":"101053","chequeNo":"0","referenceNo":"0","billNo":"","billSer...
Status: 200
Response: {"code":2000,"message":"nok","content":[{"referenceId":"2550235","message":"لم ينجاح","errorNo":"0"}]}
Response Time: 2ms
================================================================================

[2026-06-28 01:58:49.121] FAILURE | Serial: 2598470 | Error: nok | لم ينجاح

================================================================================
[2026-06-28 01:58:49.681] REQUEST
Method: POST
Endpoint: http://localhost:8081/api/GL/ImportJournal
Body: [{"docSerExternal":"2598471","branchNo":1,"docDate":"2026-04-27","docNo":null,"jvType":1,"amountLocal":4.2417,"referenceNo":"0","beneficiaryName":"","receiver":"","manualDocNo":"","description":"","addTerminalName":"1","details":[{"docDueDate":"2026-04-27","accountCode":"4111010001","accountCodeDtl":"100056","accountCodeDtlSub":"","currencyCode":"SAR","exchangeRate":0,"drOrCr":1,"amountLocal":4.878,"amountForeign":0,"costCenterCode":"101056","chequeNo":"0","referenceNo":"0","billNo":"","billSer"...
Status: 200
Response: {"code":2000,"message":"nok","content":[{"referenceId":"2550235","message":"لم ينجاح","errorNo":"0"}]}
Response Time: 2ms
================================================================================

[2026-06-28 01:58:49.683] FAILURE | Serial: 2598471 | Error: nok | لم ينجاح

================================================================================
[2026-06-28 01:58:50.244] REQUEST
Method: POST
Endpoint: http://localhost:8081/api/GL/ImportJournal
Body: [{"docSerExternal":"2598472","branchNo":1,"docDate":"2026-04-27","docNo":null,"jvType":1,"amountLocal":3.8175,"referenceNo":"0","beneficiaryName":"","receiver":"","manualDocNo":"","description":"","addTerminalName":"1","details":[{"docDueDate":"2026-04-27","accountCode":"4111010001","accountCodeDtl":"100063","accountCodeDtlSub":"","currencyCode":"SAR","exchangeRate":0,"drOrCr":1,"amountLocal":4.3901,"amountForeign":0,"costCenterCode":"101063","chequeNo":"0","referenceNo":"0","billNo":"","billSer...
Status: 200
Response: {"code":2000,"message":"nok","content":[{"referenceId":"2550235","message":"لم ينجاح","errorNo":"0"}]}
Response Time: 1ms
================================================================================

[2026-06-28 01:58:50.247] FAILURE | Serial: 2598472 | Error: nok | لم ينجاح

================================================================================
[2026-06-28 01:58:50.836] REQUEST
Method: POST
Endpoint: http://localhost:8081/api/GL/ImportJournal
Body: [{"docSerExternal":"2598473","branchNo":1,"docDate":"2026-04-27","docNo":null,"jvType":1,"amountLocal":4.2417,"referenceNo":"0","beneficiaryName":"","receiver":"","manualDocNo":"","description":"","addTerminalName":"1","details":[{"docDueDate":"2026-04-27","accountCode":"4111010001","accountCodeDtl":"100071","accountCodeDtlSub":"","currencyCode":"SAR","exchangeRate":0,"drOrCr":1,"amountLocal":4.878,"amountForeign":0,"costCenterCode":"101071","chequeNo":"0","referenceNo":"0","billNo":"","billSer"...
Status: 200
Response: {"code":2000,"message":"nok","content":[{"referenceId":"2550235","message":"لم ينجاح","errorNo":"0"}]}
Response Time: 1ms
================================================================================

[2026-06-28 01:58:50.839] FAILURE | Serial: 2598473 | Error: nok | لم ينجاح

================================================================================
[2026-06-28 01:58:51.403] REQUEST
Method: POST
Endpoint: http://localhost:8081/api/GL/ImportJournal
Body: [{"docSerExternal":"2598474","branchNo":1,"docDate":"2026-04-27","docNo":null,"jvType":1,"amountLocal":4.9417,"referenceNo":"0","beneficiaryName":"","receiver":"","manualDocNo":"","description":"","addTerminalName":"1","details":[{"docDueDate":"2026-04-27","accountCode":"4111010001","accountCodeDtl":"100073","accountCodeDtlSub":"","currencyCode":"SAR","exchangeRate":0,"drOrCr":1,"amountLocal":5.683,"amountForeign":0,"costCenterCode":"101073","chequeNo":"0","referenceNo":"0","billNo":"","billSer"...
Status: 200
Response: {"code":2000,"message":"nok","content":[{"referenceId":"2550235","message":"لم ينجاح","errorNo":"0"}]}
Response Time: 1ms
================================================================================

[2026-06-28 01:58:51.405] FAILURE | Serial: 2598474 | Error: nok | لم ينجاح

================================================================================
[2026-06-28 01:58:51.965] REQUEST
Method: POST
Endpoint: http://localhost:8081/api/GL/ImportJournal
Body: [{"docSerExternal":"2598476","branchNo":1,"docDate":"2026-04-27","docNo":null,"jvType":1,"amountLocal":169.67,"referenceNo":"0","beneficiaryName":"","receiver":"","manualDocNo":"","description":"","addTerminalName":"1","details":[{"docDueDate":"2026-04-27","accountCode":"214310001","accountCodeDtl":"100019","accountCodeDtlSub":"","currencyCode":"SAR","exchangeRate":0,"drOrCr":1,"amountLocal":195.1205,"amountForeign":0,"costCenterCode":"101019","chequeNo":"0","referenceNo":"0","billNo":"","billSe...
Status: 200
Response: {"code":2000,"message":"nok","content":[{"referenceId":"2550235","message":"لم ينجاح","errorNo":"0"}]}
Response Time: 2ms
================================================================================

[2026-06-28 01:58:51.968] FAILURE | Serial: 2598476 | Error: nok | لم ينجاح

================================================================================
[2026-06-28 01:58:52.520] REQUEST
Method: POST
Endpoint: http://localhost:8081/api/GL/ImportJournal
Body: [{"docSerExternal":"2598477","branchNo":1,"docDate":"2026-04-27","docNo":null,"jvType":1,"amountLocal":4.2417,"referenceNo":"0","beneficiaryName":"","receiver":"","manualDocNo":"","description":"","addTerminalName":"1","details":[{"docDueDate":"2026-04-27","accountCode":"4111010001","accountCodeDtl":"100029","accountCodeDtlSub":"","currencyCode":"SAR","exchangeRate":0,"drOrCr":1,"amountLocal":4.878,"amountForeign":0,"costCenterCode":"101029","chequeNo":"0","referenceNo":"0","billNo":"","billSer"...
Status: 200
Response: {"code":2000,"message":"nok","content":[{"referenceId":"2550235","message":"لم ينجاح","errorNo":"0"}]}
Response Time: 1ms
================================================================================

[2026-06-28 01:58:52.522] FAILURE | Serial: 2598477 | Error: nok | لم ينجاح

================================================================================
[2026-06-28 01:58:53.086] REQUEST
Method: POST
Endpoint: http://localhost:8081/api/GL/ImportJournal
Body: [{"docSerExternal":"2598479","branchNo":1,"docDate":"2026-04-27","docNo":null,"jvType":1,"amountLocal":157.79,"referenceNo":"0","beneficiaryName":"","receiver":"","manualDocNo":"","description":"","addTerminalName":"1","details":[{"docDueDate":"2026-04-27","accountCode":"214310001","accountCodeDtl":"100052","accountCodeDtlSub":"","currencyCode":"SAR","exchangeRate":0,"drOrCr":1,"amountLocal":181.4585,"amountForeign":0,"costCenterCode":"101052","chequeNo":"0","referenceNo":"0","billNo":"","billSe...
Status: 200
Response: {"code":2000,"message":"nok","content":[{"referenceId":"2550235","message":"لم ينجاح","errorNo":"0"}]}
Response Time: 2ms
================================================================================

[2026-06-28 01:58:53.089] FAILURE | Serial: 2598479 | Error: nok | لم ينجاح

================================================================================
[2026-06-28 01:58:53.644] REQUEST
Method: POST
Endpoint: http://localhost:8081/api/GL/ImportJournal
Body: [{"docSerExternal":"2598480","branchNo":1,"docDate":"2026-04-27","docNo":null,"jvType":1,"amountLocal":3.9447,"referenceNo":"0","beneficiaryName":"","receiver":"","manualDocNo":"","description":"","addTerminalName":"1","details":[{"docDueDate":"2026-04-27","accountCode":"4111010001","accountCodeDtl":"100052","accountCodeDtlSub":"","currencyCode":"SAR","exchangeRate":0,"drOrCr":1,"amountLocal":4.5364,"amountForeign":0,"costCenterCode":"101052","chequeNo":"0","referenceNo":"0","billNo":"","billSer...
Status: 200
Response: {"code":2000,"message":"nok","content":[{"referenceId":"2550235","message":"لم ينجاح","errorNo":"0"}]}
Response Time: 2ms
================================================================================

[2026-06-28 01:58:53.647] FAILURE | Serial: 2598480 | Error: nok | لم ينجاح

================================================================================
[2026-06-28 01:58:54.210] REQUEST
Method: POST
Endpoint: http://localhost:8081/api/GL/ImportJournal
Body: [{"docSerExternal":"2598482","branchNo":1,"docDate":"2026-04-27","docNo":null,"jvType":1,"amountLocal":152.7,"referenceNo":"0","beneficiaryName":"","receiver":"","manualDocNo":"","description":"","addTerminalName":"1","details":[{"docDueDate":"2026-04-27","accountCode":"214310001","accountCodeDtl":"100001","accountCodeDtlSub":"","currencyCode":"SAR","exchangeRate":0,"drOrCr":1,"amountLocal":175.605,"amountForeign":0,"costCenterCode":"101001","chequeNo":"0","referenceNo":"0","billNo":"","billSer"...
Status: 200
Response: {"code":2000,"message":"nok","content":[{"referenceId":"2550235","message":"لم ينجاح","errorNo":"0"}]}
Response Time: 1ms
================================================================================

[2026-06-28 01:58:54.212] FAILURE | Serial: 2598482 | Error: nok | لم ينجاح

================================================================================
[2026-06-28 01:58:54.786] REQUEST
Method: POST
Endpoint: http://localhost:8081/api/GL/ImportJournal
Body: [{"docSerExternal":"2598483","branchNo":1,"docDate":"2026-04-27","docNo":null,"jvType":1,"amountLocal":3.8175,"referenceNo":"0","beneficiaryName":"","receiver":"","manualDocNo":"","description":"","addTerminalName":"1","details":[{"docDueDate":"2026-04-27","accountCode":"4111010001","accountCodeDtl":"100001","accountCodeDtlSub":"","currencyCode":"SAR","exchangeRate":0,"drOrCr":1,"amountLocal":4.3901,"amountForeign":0,"costCenterCode":"101001","chequeNo":"0","referenceNo":"0","billNo":"","billSer...
Status: 200
Response: {"code":2000,"message":"nok","content":[{"referenceId":"2550235","message":"لم ينجاح","errorNo":"0"}]}
Response Time: 1ms
================================================================================

[2026-06-28 01:58:54.788] FAILURE | Serial: 2598483 | Error: nok | لم ينجاح

================================================================================
[2026-06-28 01:58:55.348] REQUEST
Method: POST
Endpoint: http://localhost:8081/api/GL/ImportJournal
Body: [{"docSerExternal":"2598485","branchNo":1,"docDate":"2026-04-27","docNo":null,"jvType":1,"amountLocal":157.79,"referenceNo":"0","beneficiaryName":"","receiver":"","manualDocNo":"","description":"","addTerminalName":"1","details":[{"docDueDate":"2026-04-27","accountCode":"214310001","accountCodeDtl":"100041","accountCodeDtlSub":"","currencyCode":"SAR","exchangeRate":0,"drOrCr":1,"amountLocal":181.4585,"amountForeign":0,"costCenterCode":null,"chequeNo":"0","referenceNo":"0","billNo":"","billSer":"...
Status: 200
Response: {"code":2000,"message":"nok","content":[{"referenceId":"2550235","message":"لم ينجاح","errorNo":"0"}]}
Response Time: 2ms
================================================================================

[2026-06-28 01:58:55.352] FAILURE | Serial: 2598485 | Error: nok | لم ينجاح

================================================================================
[2026-06-28 01:58:55.959] REQUEST
Method: POST
Endpoint: http://localhost:8081/api/GL/ImportJournal
Body: [{"docSerExternal":"2598486","branchNo":1,"docDate":"2026-04-27","docNo":null,"jvType":1,"amountLocal":3.9447,"referenceNo":"0","beneficiaryName":"","receiver":"","manualDocNo":"","description":"","addTerminalName":"1","details":[{"docDueDate":"2026-04-27","accountCode":"4111010001","accountCodeDtl":"100041","accountCodeDtlSub":"","currencyCode":"SAR","exchangeRate":0,"drOrCr":1,"amountLocal":4.5364,"amountForeign":0,"costCenterCode":"101041","chequeNo":"0","referenceNo":"0","billNo":"","billSer...
Status: 200
Response: {"code":2000,"message":"nok","content":[{"referenceId":"2550235","message":"لم ينجاح","errorNo":"0"}]}
Response Time: 1ms
================================================================================

[2026-06-28 01:58:55.962] FAILURE | Serial: 2598486 | Error: nok | لم ينجاح

================================================================================
[2026-06-28 01:58:56.553] REQUEST
Method: POST
Endpoint: http://localhost:8081/api/GL/ImportJournal
Body: [{"docSerExternal":"2598488","branchNo":1,"docDate":"2026-04-27","docNo":null,"jvType":1,"amountLocal":339.34,"referenceNo":"0","beneficiaryName":"","receiver":"","manualDocNo":"","description":"","addTerminalName":"1","details":[{"docDueDate":"2026-04-27","accountCode":"214310001","accountCodeDtl":"100010","accountCodeDtlSub":"","currencyCode":"SAR","exchangeRate":0,"drOrCr":1,"amountLocal":390.241,"amountForeign":0,"costCenterCode":"101010","chequeNo":"0","referenceNo":"0","billNo":"","billSer...
Status: 200
Response: {"code":2000,"message":"nok","content":[{"referenceId":"2550235","message":"لم ينجاح","errorNo":"0"}]}
Response Time: 1ms
================================================================================

[2026-06-28 01:58:56.556] FAILURE | Serial: 2598488 | Error: nok | لم ينجاح

================================================================================
[2026-06-28 01:58:57.118] REQUEST
Method: POST
Endpoint: http://localhost:8081/api/GL/ImportJournal
Body: [{"docSerExternal":"2598489","branchNo":1,"docDate":"2026-04-27","docNo":null,"jvType":1,"amountLocal":8.4835,"referenceNo":"0","beneficiaryName":"","receiver":"","manualDocNo":"","description":"","addTerminalName":"1","details":[{"docDueDate":"2026-04-27","accountCode":"4111010001","accountCodeDtl":"100010","accountCodeDtlSub":"","currencyCode":"SAR","exchangeRate":0,"drOrCr":1,"amountLocal":9.756,"amountForeign":0,"costCenterCode":"101010","chequeNo":"0","referenceNo":"0","billNo":"","billSer"...
Status: 200
Response: {"code":2000,"message":"nok","content":[{"referenceId":"2550235","message":"لم ينجاح","errorNo":"0"}]}
Response Time: 2ms
================================================================================

[2026-06-28 01:58:57.121] FAILURE | Serial: 2598489 | Error: nok | لم ينجاح

================================================================================
[2026-06-28 01:58:57.697] REQUEST
Method: POST
Endpoint: http://localhost:8081/api/GL/ImportJournal
Body: [{"docSerExternal":"2598491","branchNo":1,"docDate":"2026-04-27","docNo":null,"jvType":1,"amountLocal":169.67,"referenceNo":"0","beneficiaryName":"","receiver":"","manualDocNo":"","description":"","addTerminalName":"1","details":[{"docDueDate":"2026-04-27","accountCode":"214310001","accountCodeDtl":"100013","accountCodeDtlSub":"","currencyCode":"SAR","exchangeRate":0,"drOrCr":1,"amountLocal":195.1205,"amountForeign":0,"costCenterCode":"101013","chequeNo":"0","referenceNo":"0","billNo":"","billSe...
Status: 200
Response: {"code":2000,"message":"nok","content":[{"referenceId":"2550235","message":"لم ينجاح","errorNo":"0"}]}
Response Time: 1ms
================================================================================

[2026-06-28 01:58:57.699] FAILURE | Serial: 2598491 | Error: nok | لم ينجاح

================================================================================
[2026-06-28 01:58:58.250] REQUEST
Method: POST
Endpoint: http://localhost:8081/api/GL/ImportJournal
Body: [{"docSerExternal":"2598492","branchNo":1,"docDate":"2026-04-27","docNo":null,"jvType":1,"amountLocal":4.2417,"referenceNo":"0","beneficiaryName":"","receiver":"","manualDocNo":"","description":"","addTerminalName":"1","details":[{"docDueDate":"2026-04-27","accountCode":"4111010001","accountCodeDtl":"100013","accountCodeDtlSub":"","currencyCode":"SAR","exchangeRate":0,"drOrCr":1,"amountLocal":4.878,"amountForeign":0,"costCenterCode":"101013","chequeNo":"0","referenceNo":"0","billNo":"","billSer"...
Status: 200
Response: {"code":2000,"message":"nok","content":[{"referenceId":"2550235","message":"لم ينجاح","errorNo":"0"}]}
Response Time: 1ms
================================================================================

[2026-06-28 01:58:58.253] FAILURE | Serial: 2598492 | Error: nok | لم ينجاح

================================================================================
[2026-06-28 01:58:58.809] REQUEST
Method: POST
Endpoint: http://localhost:8081/api/GL/ImportJournal
Body: [{"docSerExternal":"2598385","branchNo":1,"docDate":"2026-04-27","docNo":null,"jvType":1,"amountLocal":212.09,"referenceNo":"0","beneficiaryName":"","receiver":"","manualDocNo":"","description":"","addTerminalName":"1","details":[{"docDueDate":"2026-04-27","accountCode":"214310001","accountCodeDtl":"100040","accountCodeDtlSub":"","currencyCode":"SAR","exchangeRate":0,"drOrCr":1,"amountLocal":243.9035,"amountForeign":0,"costCenterCode":null,"chequeNo":"0","referenceNo":"0","billNo":"","billSer":"...
Status: 200
Response: {"code":2000,"message":"nok","content":[{"referenceId":"2550235","message":"لم ينجاح","errorNo":"0"}]}
Response Time: 1ms
================================================================================

[2026-06-28 01:58:58.811] FAILURE | Serial: 2598385 | Error: nok | لم ينجاح

================================================================================
[2026-06-28 01:58:59.376] REQUEST
Method: POST
Endpoint: http://localhost:8081/api/GL/ImportJournal
Body: [{"docSerExternal":"2598386","branchNo":1,"docDate":"2026-04-27","docNo":null,"jvType":1,"amountLocal":5.3022,"referenceNo":"0","beneficiaryName":"","receiver":"","manualDocNo":"","description":"","addTerminalName":"1","details":[{"docDueDate":"2026-04-27","accountCode":"4111010001","accountCodeDtl":"100040","accountCodeDtlSub":"","currencyCode":"SAR","exchangeRate":0,"drOrCr":1,"amountLocal":6.0975,"amountForeign":0,"costCenterCode":"101040","chequeNo":"0","referenceNo":"0","billNo":"","billSer...
Status: 200
Response: {"code":2000,"message":"nok","content":[{"referenceId":"2550235","message":"لم ينجاح","errorNo":"0"}]}
Response Time: 2ms
================================================================================

[2026-06-28 01:58:59.379] FAILURE | Serial: 2598386 | Error: nok | لم ينجاح

================================================================================
[2026-06-28 01:58:59.949] REQUEST
Method: POST
Endpoint: http://localhost:8081/api/GL/ImportJournal
Body: [{"docSerExternal":"2598388","branchNo":1,"docDate":"2026-04-27","docNo":null,"jvType":1,"amountLocal":169.67,"referenceNo":"0","beneficiaryName":"","receiver":"","manualDocNo":"","description":"","addTerminalName":"1","details":[{"docDueDate":"2026-04-27","accountCode":"214310001","accountCodeDtl":"100060","accountCodeDtlSub":"","currencyCode":"SAR","exchangeRate":0,"drOrCr":1,"amountLocal":195.1205,"amountForeign":0,"costCenterCode":null,"chequeNo":"0","referenceNo":"0","billNo":"","billSer":"...
Status: 200
Response: {"code":2000,"message":"nok","content":[{"referenceId":"2550235","message":"لم ينجاح","errorNo":"0"}]}
Response Time: 1ms
================================================================================

[2026-06-28 01:58:59.951] FAILURE | Serial: 2598388 | Error: nok | لم ينجاح

================================================================================
[2026-06-28 01:59:00.536] REQUEST
Method: POST
Endpoint: http://localhost:8081/api/GL/ImportJournal
Body: [{"docSerExternal":"2598389","branchNo":1,"docDate":"2026-04-27","docNo":null,"jvType":1,"amountLocal":4.2417,"referenceNo":"0","beneficiaryName":"","receiver":"","manualDocNo":"","description":"","addTerminalName":"1","details":[{"docDueDate":"2026-04-27","accountCode":"4111010001","accountCodeDtl":"100060","accountCodeDtlSub":"","currencyCode":"SAR","exchangeRate":0,"drOrCr":1,"amountLocal":4.878,"amountForeign":0,"costCenterCode":"101060","chequeNo":"0","referenceNo":"0","billNo":"","billSer"...
Status: 200
Response: {"code":2000,"message":"nok","content":[{"referenceId":"2550235","message":"لم ينجاح","errorNo":"0"}]}
Response Time: 1ms
================================================================================

[2026-06-28 01:59:00.538] FAILURE | Serial: 2598389 | Error: nok | لم ينجاح

================================================================================
[2026-06-28 01:59:01.122] REQUEST
Method: POST
Endpoint: http://localhost:8081/api/GL/ImportJournal
Body: [{"docSerExternal":"2598391","branchNo":1,"docDate":"2026-04-27","docNo":null,"jvType":1,"amountLocal":169.67,"referenceNo":"0","beneficiaryName":"","receiver":"","manualDocNo":"","description":"","addTerminalName":"1","details":[{"docDueDate":"2026-04-27","accountCode":"214310001","accountCodeDtl":"100004","accountCodeDtlSub":"","currencyCode":"SAR","exchangeRate":0,"drOrCr":1,"amountLocal":195.1205,"amountForeign":0,"costCenterCode":"101004","chequeNo":"0","referenceNo":"0","billNo":"","billSe...
Status: 200
Response: {"code":2000,"message":"nok","content":[{"referenceId":"2550235","message":"لم ينجاح","errorNo":"0"}]}
Response Time: 1ms
================================================================================

[2026-06-28 01:59:01.124] FAILURE | Serial: 2598391 | Error: nok | لم ينجاح

================================================================================
[2026-06-28 01:59:01.689] REQUEST
Method: POST
Endpoint: http://localhost:8081/api/GL/ImportJournal
Body: [{"docSerExternal":"2598392","branchNo":1,"docDate":"2026-04-27","docNo":null,"jvType":1,"amountLocal":4.2417,"referenceNo":"0","beneficiaryName":"","receiver":"","manualDocNo":"","description":"","addTerminalName":"1","details":[{"docDueDate":"2026-04-27","accountCode":"4111010001","accountCodeDtl":"100004","accountCodeDtlSub":"","currencyCode":"SAR","exchangeRate":0,"drOrCr":1,"amountLocal":4.878,"amountForeign":0,"costCenterCode":"101004","chequeNo":"0","referenceNo":"0","billNo":"","billSer"...
Status: 200
Response: {"code":2000,"message":"nok","content":[{"referenceId":"2550235","message":"لم ينجاح","errorNo":"0"}]}
Response Time: 1ms
================================================================================

[2026-06-28 01:59:01.691] FAILURE | Serial: 2598392 | Error: nok | لم ينجاح

================================================================================
[2026-06-28 01:59:02.254] REQUEST
Method: POST
Endpoint: http://localhost:8081/api/GL/ImportJournal
Body: [{"docSerExternal":"2598394","branchNo":1,"docDate":"2026-04-27","docNo":null,"jvType":1,"amountLocal":169.67,"referenceNo":"0","beneficiaryName":"","receiver":"","manualDocNo":"","description":"","addTerminalName":"1","details":[{"docDueDate":"2026-04-27","accountCode":"214310001","accountCodeDtl":"100062","accountCodeDtlSub":"","currencyCode":"SAR","exchangeRate":0,"drOrCr":1,"amountLocal":195.1205,"amountForeign":0,"costCenterCode":null,"chequeNo":"0","referenceNo":"0","billNo":"","billSer":"...
Status: 200
Response: {"code":2000,"message":"nok","content":[{"referenceId":"2550235","message":"لم ينجاح","errorNo":"0"}]}
Response Time: 1ms
================================================================================

[2026-06-28 01:59:02.257] FAILURE | Serial: 2598394 | Error: nok | لم ينجاح

================================================================================
[2026-06-28 01:59:02.834] REQUEST
Method: POST
Endpoint: http://localhost:8081/api/GL/ImportJournal
Body: [{"docSerExternal":"2598395","branchNo":1,"docDate":"2026-04-27","docNo":null,"jvType":1,"amountLocal":4.2417,"referenceNo":"0","beneficiaryName":"","receiver":"","manualDocNo":"","description":"","addTerminalName":"1","details":[{"docDueDate":"2026-04-27","accountCode":"4111010001","accountCodeDtl":"100062","accountCodeDtlSub":"","currencyCode":"SAR","exchangeRate":0,"drOrCr":1,"amountLocal":4.878,"amountForeign":0,"costCenterCode":"101062","chequeNo":"0","referenceNo":"0","billNo":"","billSer"...
Status: 200
Response: {"code":2000,"message":"nok","content":[{"referenceId":"2550235","message":"لم ينجاح","errorNo":"0"}]}
Response Time: 1ms
================================================================================

[2026-06-28 01:59:02.836] FAILURE | Serial: 2598395 | Error: nok | لم ينجاح

================================================================================
[2026-06-28 01:59:03.418] REQUEST
Method: POST
Endpoint: http://localhost:8081/api/GL/ImportJournal
Body: [{"docSerExternal":"2598401","branchNo":1,"docDate":"2026-04-27","docNo":null,"jvType":1,"amountLocal":160.34,"referenceNo":"0","beneficiaryName":"","receiver":"","manualDocNo":"","description":"","addTerminalName":"1","details":[{"docDueDate":"2026-04-27","accountCode":"214310001","accountCodeDtl":"100070","accountCodeDtlSub":"","currencyCode":"SAR","exchangeRate":0,"drOrCr":1,"amountLocal":184.391,"amountForeign":0,"costCenterCode":null,"chequeNo":"0","referenceNo":"0","billNo":"","billSer":""...
Status: 200
Response: {"code":2000,"message":"nok","content":[{"referenceId":"2550235","message":"لم ينجاح","errorNo":"0"}]}
Response Time: 2ms
================================================================================

[2026-06-28 01:59:03.421] FAILURE | Serial: 2598401 | Error: nok | لم ينجاح

================================================================================
[2026-06-28 01:59:04.004] REQUEST
Method: POST
Endpoint: http://localhost:8081/api/GL/ImportJournal
Body: [{"docSerExternal":"2598402","branchNo":1,"docDate":"2026-04-27","docNo":null,"jvType":1,"amountLocal":4.0085,"referenceNo":"0","beneficiaryName":"","receiver":"","manualDocNo":"","description":"","addTerminalName":"1","details":[{"docDueDate":"2026-04-27","accountCode":"4111010001","accountCodeDtl":"100070","accountCodeDtlSub":"","currencyCode":"SAR","exchangeRate":0,"drOrCr":1,"amountLocal":4.6098,"amountForeign":0,"costCenterCode":"101070","chequeNo":"0","referenceNo":"0","billNo":"","billSer...
Status: 200
Response: {"code":2000,"message":"nok","content":[{"referenceId":"2550235","message":"لم ينجاح","errorNo":"0"}]}
Response Time: 1ms
================================================================================

[2026-06-28 01:59:04.007] FAILURE | Serial: 2598402 | Error: nok | لم ينجاح

================================================================================
[2026-06-28 01:59:04.564] REQUEST
Method: POST
Endpoint: http://localhost:8081/api/GL/ImportJournal
Body: [{"docSerExternal":"2598410","branchNo":1,"docDate":"2026-04-27","docNo":null,"jvType":1,"amountLocal":195.12,"referenceNo":"0","beneficiaryName":"","receiver":"","manualDocNo":"","description":"","addTerminalName":"1","details":[{"docDueDate":"2026-04-27","accountCode":"214310001","accountCodeDtl":"100036","accountCodeDtlSub":"","currencyCode":"SAR","exchangeRate":0,"drOrCr":1,"amountLocal":224.388,"amountForeign":0,"costCenterCode":null,"chequeNo":"0","referenceNo":"0","billNo":"","billSer":""...
Status: 200
Response: {"code":2000,"message":"nok","content":[{"referenceId":"2550235","message":"لم ينجاح","errorNo":"0"}]}
Response Time: 2ms
================================================================================

[2026-06-28 01:59:04.566] FAILURE | Serial: 2598410 | Error: nok | لم ينجاح

================================================================================
[2026-06-28 01:59:05.132] REQUEST
Method: POST
Endpoint: http://localhost:8081/api/GL/ImportJournal
Body: [{"docSerExternal":"2598411","branchNo":1,"docDate":"2026-04-27","docNo":null,"jvType":1,"amountLocal":4.878,"referenceNo":"0","beneficiaryName":"","receiver":"","manualDocNo":"","description":"","addTerminalName":"1","details":[{"docDueDate":"2026-04-27","accountCode":"4111010001","accountCodeDtl":"100036","accountCodeDtlSub":"","currencyCode":"SAR","exchangeRate":0,"drOrCr":1,"amountLocal":5.6097,"amountForeign":0,"costCenterCode":"101036","chequeNo":"0","referenceNo":"0","billNo":"","billSer"...
Status: 200
Response: {"code":2000,"message":"nok","content":[{"referenceId":"2550235","message":"لم ينجاح","errorNo":"0"}]}
Response Time: 1ms
================================================================================

[2026-06-28 01:59:05.135] FAILURE | Serial: 2598411 | Error: nok | لم ينجاح

================================================================================
[2026-06-28 01:59:05.722] REQUEST
Method: POST
Endpoint: http://localhost:8081/api/GL/ImportJournal
Body: [{"docSerExternal":"2598417","branchNo":1,"docDate":"2026-04-27","docNo":null,"jvType":1,"amountLocal":160.34,"referenceNo":"0","beneficiaryName":"","receiver":"","manualDocNo":"","description":"","addTerminalName":"1","details":[{"docDueDate":"2026-04-27","accountCode":"214310001","accountCodeDtl":"100034","accountCodeDtlSub":"","currencyCode":"SAR","exchangeRate":0,"drOrCr":1,"amountLocal":184.391,"amountForeign":0,"costCenterCode":null,"chequeNo":"0","referenceNo":"0","billNo":"","billSer":""...
Status: 200
Response: {"code":2000,"message":"nok","content":[{"referenceId":"2550235","message":"لم ينجاح","errorNo":"0"}]}
Response Time: 1ms
================================================================================

[2026-06-28 01:59:05.724] FAILURE | Serial: 2598417 | Error: nok | لم ينجاح

================================================================================
[2026-06-28 01:59:06.299] REQUEST
Method: POST
Endpoint: http://localhost:8081/api/GL/ImportJournal
Body: [{"docSerExternal":"2598418","branchNo":1,"docDate":"2026-04-27","docNo":null,"jvType":1,"amountLocal":4.0085,"referenceNo":"0","beneficiaryName":"","receiver":"","manualDocNo":"","description":"","addTerminalName":"1","details":[{"docDueDate":"2026-04-27","accountCode":"4111010001","accountCodeDtl":"100034","accountCodeDtlSub":"","currencyCode":"SAR","exchangeRate":0,"drOrCr":1,"amountLocal":4.6098,"amountForeign":0,"costCenterCode":"101034","chequeNo":"0","referenceNo":"0","billNo":"","billSer...
Status: 200
Response: {"code":2000,"message":"nok","content":[{"referenceId":"2550235","message":"لم ينجاح","errorNo":"0"}]}
Response Time: 1ms
================================================================================

[2026-06-28 01:59:06.302] FAILURE | Serial: 2598418 | Error: nok | لم ينجاح

================================================================================
[2026-06-28 01:59:06.861] REQUEST
Method: POST
Endpoint: http://localhost:8081/api/GL/ImportJournal
Body: [{"docSerExternal":"2598420","branchNo":1,"docDate":"2026-04-27","docNo":null,"jvType":1,"amountLocal":160.34,"referenceNo":"0","beneficiaryName":"","receiver":"","manualDocNo":"","description":"","addTerminalName":"1","details":[{"docDueDate":"2026-04-27","accountCode":"214310001","accountCodeDtl":"100049","accountCodeDtlSub":"","currencyCode":"SAR","exchangeRate":0,"drOrCr":1,"amountLocal":184.391,"amountForeign":0,"costCenterCode":"101049","chequeNo":"0","referenceNo":"0","billNo":"","billSer...
Status: 200
Response: {"code":2000,"message":"nok","content":[{"referenceId":"2550235","message":"لم ينجاح","errorNo":"0"}]}
Response Time: 1ms
================================================================================

[2026-06-28 01:59:06.864] FAILURE | Serial: 2598420 | Error: nok | لم ينجاح

================================================================================
[2026-06-28 01:59:07.432] REQUEST
Method: POST
Endpoint: http://localhost:8081/api/GL/ImportJournal
Body: [{"docSerExternal":"2598421","branchNo":1,"docDate":"2026-04-27","docNo":null,"jvType":1,"amountLocal":4.0085,"referenceNo":"0","beneficiaryName":"","receiver":"","manualDocNo":"","description":"","addTerminalName":"1","details":[{"docDueDate":"2026-04-27","accountCode":"4111010001","accountCodeDtl":"100049","accountCodeDtlSub":"","currencyCode":"SAR","exchangeRate":0,"drOrCr":1,"amountLocal":4.6098,"amountForeign":0,"costCenterCode":"101049","chequeNo":"0","referenceNo":"0","billNo":"","billSer...
Status: 200
Response: {"code":2000,"message":"nok","content":[{"referenceId":"2550235","message":"لم ينجاح","errorNo":"0"}]}
Response Time: 1ms
================================================================================

[2026-06-28 01:59:07.434] FAILURE | Serial: 2598421 | Error: nok | لم ينجاح

================================================================================
[2026-06-28 18:17:57.350] REQUEST
Method: POST
Endpoint: http://localhost:8081/api/Auth/login
Body: {"userId":"1","password":"1"}
Status: 200
Response: {"token":"HARDCODED_TEST_TOKEN_12345"}
Response Time: 102ms
================================================================================


================================================================================
[2026-06-28 18:17:57.462] REQUEST
Method: POST
Endpoint: http://localhost:8081/api/GL/ImportJournal
Body: [{"docSerExternal":"2598425","branchNo":1,"docDate":"2026-04-27","docNo":null,"jvType":1,"amountLocal":157.79,"referenceNo":"0","beneficiaryName":"","receiver":"","manualDocNo":"","description":"","addTerminalName":"1","details":[{"docDueDate":"2026-04-27","accountCode":"214310001","accountCodeDtl":"100009","accountCodeDtlSub":"","currencyCode":"SAR","exchangeRate":0,"drOrCr":1,"amountLocal":181.4585,"amountForeign":0,"costCenterCode":"101009","chequeNo":"0","referenceNo":"0","billNo":"","billSe...
Status: 200
Response: {"code":2000,"message":"nok","content":[{"referenceId":"2550235","message":"لم ينجاح","errorNo":"0"}]}
Response Time: 5ms
================================================================================

[2026-06-28 18:17:57.470] FAILURE | Serial: 2598425 | Error: nok | لم ينجاح

================================================================================
[2026-06-28 18:17:57.971] REQUEST
Method: POST
Endpoint: http://localhost:8081/api/GL/ImportJournal
Body: [{"docSerExternal":"2598426","branchNo":1,"docDate":"2026-04-27","docNo":null,"jvType":1,"amountLocal":3.9447,"referenceNo":"0","beneficiaryName":"","receiver":"","manualDocNo":"","description":"","addTerminalName":"1","details":[{"docDueDate":"2026-04-27","accountCode":"4111010001","accountCodeDtl":"100009","accountCodeDtlSub":"","currencyCode":"SAR","exchangeRate":0,"drOrCr":1,"amountLocal":4.5364,"amountForeign":0,"costCenterCode":"101009","chequeNo":"0","referenceNo":"0","billNo":"","billSer...
Status: 200
Response: {"code":2000,"message":"nok","content":[{"referenceId":"2550235","message":"لم ينجاح","errorNo":"0"}]}
Response Time: 2ms
================================================================================

[2026-06-28 18:17:57.973] FAILURE | Serial: 2598426 | Error: nok | لم ينجاح

================================================================================
[2026-06-28 18:17:58.490] REQUEST
Method: POST
Endpoint: http://localhost:8081/api/GL/ImportJournal
Body: [{"docSerExternal":"2598430","branchNo":1,"docDate":"2026-04-27","docNo":null,"jvType":1,"amountLocal":157.79,"referenceNo":"0","beneficiaryName":"","receiver":"","manualDocNo":"","description":"","addTerminalName":"1","details":[{"docDueDate":"2026-04-27","accountCode":"214310001","accountCodeDtl":"100007","accountCodeDtlSub":"","currencyCode":"SAR","exchangeRate":0,"drOrCr":1,"amountLocal":181.4585,"amountForeign":0,"costCenterCode":"101007","chequeNo":"0","referenceNo":"0","billNo":"","billSe...
Status: 200
Response: {"code":2000,"message":"nok","content":[{"referenceId":"2550235","message":"لم ينجاح","errorNo":"0"}]}
Response Time: 2ms
================================================================================

[2026-06-28 18:17:58.493] FAILURE | Serial: 2598430 | Error: nok | لم ينجاح

================================================================================
[2026-06-28 18:17:58.975] REQUEST
Method: POST
Endpoint: http://localhost:8081/api/GL/ImportJournal
Body: [{"docSerExternal":"2598431","branchNo":1,"docDate":"2026-04-27","docNo":null,"jvType":1,"amountLocal":3.9447,"referenceNo":"0","beneficiaryName":"","receiver":"","manualDocNo":"","description":"","addTerminalName":"1","details":[{"docDueDate":"2026-04-27","accountCode":"4111010001","accountCodeDtl":"100007","accountCodeDtlSub":"","currencyCode":"SAR","exchangeRate":0,"drOrCr":1,"amountLocal":4.5364,"amountForeign":0,"costCenterCode":"101007","chequeNo":"0","referenceNo":"0","billNo":"","billSer...
Status: 200
Response: {"code":2000,"message":"nok","content":[{"referenceId":"2550235","message":"لم ينجاح","errorNo":"0"}]}
Response Time: 2ms
================================================================================

[2026-06-28 18:17:58.978] FAILURE | Serial: 2598431 | Error: nok | لم ينجاح

================================================================================
[2026-06-28 18:17:59.468] REQUEST
Method: POST
Endpoint: http://localhost:8081/api/GL/ImportJournal
Body: [{"docSerExternal":"2598432","branchNo":1,"docDate":"2026-04-27","docNo":null,"jvType":1,"amountLocal":169.67,"referenceNo":"0","beneficiaryName":"","receiver":"","manualDocNo":"","description":"","addTerminalName":"1","details":[{"docDueDate":"2026-04-27","accountCode":"214310001","accountCodeDtl":"100061","accountCodeDtlSub":"","currencyCode":"SAR","exchangeRate":0,"drOrCr":1,"amountLocal":195.1205,"amountForeign":0,"costCenterCode":null,"chequeNo":"0","referenceNo":"0","billNo":"","billSer":"...
Status: 200
Response: {"code":2000,"message":"nok","content":[{"referenceId":"2550235","message":"لم ينجاح","errorNo":"0"}]}
Response Time: 2ms
================================================================================

[2026-06-28 18:17:59.471] FAILURE | Serial: 2598432 | Error: nok | لم ينجاح

================================================================================
[2026-06-28 18:17:59.953] REQUEST
Method: POST
Endpoint: http://localhost:8081/api/GL/ImportJournal
Body: [{"docSerExternal":"2598433","branchNo":1,"docDate":"2026-04-27","docNo":null,"jvType":1,"amountLocal":4.2417,"referenceNo":"0","beneficiaryName":"","receiver":"","manualDocNo":"","description":"","addTerminalName":"1","details":[{"docDueDate":"2026-04-27","accountCode":"4111010001","accountCodeDtl":"100061","accountCodeDtlSub":"","currencyCode":"SAR","exchangeRate":0,"drOrCr":1,"amountLocal":4.878,"amountForeign":0,"costCenterCode":"101061","chequeNo":"0","referenceNo":"0","billNo":"","billSer"...
Status: 200
Response: {"code":2000,"message":"nok","content":[{"referenceId":"2550235","message":"لم ينجاح","errorNo":"0"}]}
Response Time: 3ms
================================================================================

[2026-06-28 18:17:59.957] FAILURE | Serial: 2598433 | Error: nok | لم ينجاح

================================================================================
[2026-06-28 18:18:00.448] REQUEST
Method: POST
Endpoint: http://localhost:8081/api/GL/ImportJournal
Body: [{"docSerExternal":"2598435","branchNo":1,"docDate":"2026-04-27","docNo":null,"jvType":1,"amountLocal":152.7,"referenceNo":"0","beneficiaryName":"","receiver":"","manualDocNo":"","description":"","addTerminalName":"1","details":[{"docDueDate":"2026-04-27","accountCode":"214310001","accountCodeDtl":"100072","accountCodeDtlSub":"","currencyCode":"SAR","exchangeRate":0,"drOrCr":1,"amountLocal":175.605,"amountForeign":0,"costCenterCode":null,"chequeNo":"0","referenceNo":"0","billNo":"","billSer":"",...
Status: 200
Response: {"code":2000,"message":"nok","content":[{"referenceId":"2550235","message":"لم ينجاح","errorNo":"0"}]}
Response Time: 2ms
================================================================================

[2026-06-28 18:18:00.451] FAILURE | Serial: 2598435 | Error: nok | لم ينجاح

================================================================================
[2026-06-28 18:18:00.959] REQUEST
Method: POST
Endpoint: http://localhost:8081/api/GL/ImportJournal
Body: [{"docSerExternal":"2598436","branchNo":1,"docDate":"2026-04-27","docNo":null,"jvType":1,"amountLocal":3.8175,"referenceNo":"0","beneficiaryName":"","receiver":"","manualDocNo":"","description":"","addTerminalName":"1","details":[{"docDueDate":"2026-04-27","accountCode":"4111010001","accountCodeDtl":"100072","accountCodeDtlSub":"","currencyCode":"SAR","exchangeRate":0,"drOrCr":1,"amountLocal":4.3901,"amountForeign":0,"costCenterCode":"101072","chequeNo":"0","referenceNo":"0","billNo":"","billSer...
Status: 200
Response: {"code":2000,"message":"nok","content":[{"referenceId":"2550235","message":"لم ينجاح","errorNo":"0"}]}
Response Time: 3ms
================================================================================

[2026-06-28 18:18:00.963] FAILURE | Serial: 2598436 | Error: nok | لم ينجاح

================================================================================
[2026-06-28 18:18:01.459] REQUEST
Method: POST
Endpoint: http://localhost:8081/api/GL/ImportJournal
Body: [{"docSerExternal":"2598438","branchNo":1,"docDate":"2026-04-27","docNo":null,"jvType":1,"amountLocal":157.79,"referenceNo":"0","beneficiaryName":"","receiver":"","manualDocNo":"","description":"","addTerminalName":"1","details":[{"docDueDate":"2026-04-27","accountCode":"214310001","accountCodeDtl":"100012","accountCodeDtlSub":"","currencyCode":"SAR","exchangeRate":0,"drOrCr":1,"amountLocal":181.4585,"amountForeign":0,"costCenterCode":"101012","chequeNo":"0","referenceNo":"0","billNo":"","billSe...
Status: 200
Response: {"code":2000,"message":"nok","content":[{"referenceId":"2550235","message":"لم ينجاح","errorNo":"0"}]}
Response Time: 1ms
================================================================================

[2026-06-28 18:18:01.461] FAILURE | Serial: 2598438 | Error: nok | لم ينجاح

================================================================================
[2026-06-28 18:18:01.962] REQUEST
Method: POST
Endpoint: http://localhost:8081/api/GL/ImportJournal
Body: [{"docSerExternal":"2598439","branchNo":1,"docDate":"2026-04-27","docNo":null,"jvType":1,"amountLocal":3.9447,"referenceNo":"0","beneficiaryName":"","receiver":"","manualDocNo":"","description":"","addTerminalName":"1","details":[{"docDueDate":"2026-04-27","accountCode":"4111010001","accountCodeDtl":"100012","accountCodeDtlSub":"","currencyCode":"SAR","exchangeRate":0,"drOrCr":1,"amountLocal":4.5364,"amountForeign":0,"costCenterCode":"101012","chequeNo":"0","referenceNo":"0","billNo":"","billSer...
Status: 200
Response: {"code":2000,"message":"nok","content":[{"referenceId":"2550235","message":"لم ينجاح","errorNo":"0"}]}
Response Time: 1ms
================================================================================

[2026-06-28 18:18:01.964] FAILURE | Serial: 2598439 | Error: nok | لم ينجاح

================================================================================
[2026-06-28 18:18:02.474] REQUEST
Method: POST
Endpoint: http://localhost:8081/api/GL/ImportJournal
Body: [{"docSerExternal":"2598441","branchNo":1,"docDate":"2026-04-27","docNo":null,"jvType":1,"amountLocal":169.67,"referenceNo":"0","beneficiaryName":"","receiver":"","manualDocNo":"","description":"","addTerminalName":"1","details":[{"docDueDate":"2026-04-27","accountCode":"214310001","accountCodeDtl":"100021","accountCodeDtlSub":"","currencyCode":"SAR","exchangeRate":0,"drOrCr":1,"amountLocal":195.1205,"amountForeign":0,"costCenterCode":null,"chequeNo":"0","referenceNo":"0","billNo":"","billSer":"...
Status: 200
Response: {"code":2000,"message":"nok","content":[{"referenceId":"2550235","message":"لم ينجاح","errorNo":"0"}]}
Response Time: 2ms
================================================================================

[2026-06-28 18:18:02.477] FAILURE | Serial: 2598441 | Error: nok | لم ينجاح

================================================================================
[2026-06-28 18:18:03.034] REQUEST
Method: POST
Endpoint: http://localhost:8081/api/GL/ImportJournal
Body: [{"docSerExternal":"2598442","branchNo":1,"docDate":"2026-04-27","docNo":null,"jvType":1,"amountLocal":4.2417,"referenceNo":"0","beneficiaryName":"","receiver":"","manualDocNo":"","description":"","addTerminalName":"1","details":[{"docDueDate":"2026-04-27","accountCode":"4111010001","accountCodeDtl":"100021","accountCodeDtlSub":"","currencyCode":"SAR","exchangeRate":0,"drOrCr":1,"amountLocal":4.878,"amountForeign":0,"costCenterCode":"101021","chequeNo":"0","referenceNo":"0","billNo":"","billSer"...
Status: 200
Response: {"code":2000,"message":"nok","content":[{"referenceId":"2550235","message":"لم ينجاح","errorNo":"0"}]}
Response Time: 1ms
================================================================================

[2026-06-28 18:18:03.036] FAILURE | Serial: 2598442 | Error: nok | لم ينجاح

================================================================================
[2026-06-28 18:18:03.539] REQUEST
Method: POST
Endpoint: http://localhost:8081/api/GL/ImportJournal
Body: [{"docSerExternal":"2598443","branchNo":1,"docDate":"2026-04-27","docNo":null,"jvType":1,"amountLocal":169.67,"referenceNo":"0","beneficiaryName":"","receiver":"","manualDocNo":"","description":"","addTerminalName":"1","details":[{"docDueDate":"2026-04-27","accountCode":"214310001","accountCodeDtl":"100008","accountCodeDtlSub":"","currencyCode":"SAR","exchangeRate":0,"drOrCr":1,"amountLocal":195.1205,"amountForeign":0,"costCenterCode":"101008","chequeNo":"0","referenceNo":"0","billNo":"","billSe...
Status: 200
Response: {"code":2000,"message":"nok","content":[{"referenceId":"2550235","message":"لم ينجاح","errorNo":"0"}]}
Response Time: 1ms
================================================================================

[2026-06-28 18:18:03.542] FAILURE | Serial: 2598443 | Error: nok | لم ينجاح

================================================================================
[2026-06-28 18:18:04.105] REQUEST
Method: POST
Endpoint: http://localhost:8081/api/GL/ImportJournal
Body: [{"docSerExternal":"2598444","branchNo":1,"docDate":"2026-04-27","docNo":null,"jvType":1,"amountLocal":154.4,"referenceNo":"0","beneficiaryName":"","receiver":"","manualDocNo":"","description":"","addTerminalName":"1","details":[{"docDueDate":"2026-04-27","accountCode":"214310001","accountCodeDtl":"100066","accountCodeDtlSub":"","currencyCode":"SAR","exchangeRate":0,"drOrCr":1,"amountLocal":177.56,"amountForeign":0,"costCenterCode":null,"chequeNo":"0","referenceNo":"0","billNo":"","billSer":"","...
Status: 200
Response: {"code":2000,"message":"nok","content":[{"referenceId":"2550235","message":"لم ينجاح","errorNo":"0"}]}
Response Time: 1ms
================================================================================

[2026-06-28 18:18:04.108] FAILURE | Serial: 2598444 | Error: nok | لم ينجاح

================================================================================
[2026-06-28 18:18:04.729] REQUEST
Method: POST
Endpoint: http://localhost:8081/api/GL/ImportJournal
Body: [{"docSerExternal":"2598445","branchNo":1,"docDate":"2026-04-27","docNo":null,"jvType":1,"amountLocal":156.1,"referenceNo":"0","beneficiaryName":"","receiver":"","manualDocNo":"","description":"","addTerminalName":"1","details":[{"docDueDate":"2026-04-27","accountCode":"214310001","accountCodeDtl":"100076","accountCodeDtlSub":"","currencyCode":"SAR","exchangeRate":0,"drOrCr":1,"amountLocal":179.515,"amountForeign":0,"costCenterCode":null,"chequeNo":"0","referenceNo":"0","billNo":"","billSer":"",...
Status: 200
Response: {"code":2000,"message":"nok","content":[{"referenceId":"2550235","message":"لم ينجاح","errorNo":"0"}]}
Response Time: 2ms
================================================================================

[2026-06-28 18:18:04.731] FAILURE | Serial: 2598445 | Error: nok | لم ينجاح

================================================================================
[2026-06-28 18:18:05.268] REQUEST
Method: POST
Endpoint: http://localhost:8081/api/GL/ImportJournal
Body: [{"docSerExternal":"2598446","branchNo":1,"docDate":"2026-04-27","docNo":null,"jvType":1,"amountLocal":169.67,"referenceNo":"0","beneficiaryName":"","receiver":"","manualDocNo":"","description":"","addTerminalName":"1","details":[{"docDueDate":"2026-04-27","accountCode":"214310001","accountCodeDtl":"100014","accountCodeDtlSub":"","currencyCode":"SAR","exchangeRate":0,"drOrCr":1,"amountLocal":195.1205,"amountForeign":0,"costCenterCode":"101014","chequeNo":"0","referenceNo":"0","billNo":"","billSe...
Status: 200
Response: {"code":2000,"message":"nok","content":[{"referenceId":"2550235","message":"لم ينجاح","errorNo":"0"}]}
Response Time: 1ms
================================================================================

[2026-06-28 18:18:05.270] FAILURE | Serial: 2598446 | Error: nok | لم ينجاح

================================================================================
[2026-06-28 18:18:05.785] REQUEST
Method: POST
Endpoint: http://localhost:8081/api/GL/ImportJournal
Body: [{"docSerExternal":"2598447","branchNo":1,"docDate":"2026-04-27","docNo":null,"jvType":1,"amountLocal":156.1,"referenceNo":"0","beneficiaryName":"","receiver":"","manualDocNo":"","description":"","addTerminalName":"1","details":[{"docDueDate":"2026-04-27","accountCode":"214310001","accountCodeDtl":"100019","accountCodeDtlSub":"","currencyCode":"SAR","exchangeRate":0,"drOrCr":1,"amountLocal":179.515,"amountForeign":0,"costCenterCode":"101019","chequeNo":"0","referenceNo":"0","billNo":"","billSer"...
Status: 200
Response: {"code":2000,"message":"nok","content":[{"referenceId":"2550235","message":"لم ينجاح","errorNo":"0"}]}
Response Time: 1ms
================================================================================

[2026-06-28 18:18:05.787] FAILURE | Serial: 2598447 | Error: nok | لم ينجاح

================================================================================
[2026-06-28 18:18:06.311] REQUEST
Method: POST
Endpoint: http://localhost:8081/api/GL/ImportJournal
Body: [{"docSerExternal":"2598448","branchNo":1,"docDate":"2026-04-27","docNo":null,"jvType":1,"amountLocal":152.7,"referenceNo":"0","beneficiaryName":"","receiver":"","manualDocNo":"","description":"","addTerminalName":"1","details":[{"docDueDate":"2026-04-27","accountCode":"214310001","accountCodeDtl":"100028","accountCodeDtlSub":"","currencyCode":"SAR","exchangeRate":0,"drOrCr":1,"amountLocal":175.605,"amountForeign":0,"costCenterCode":null,"chequeNo":"0","referenceNo":"0","billNo":"","billSer":"",...
Status: 200
Response: {"code":2000,"message":"nok","content":[{"referenceId":"2550235","message":"لم ينجاح","errorNo":"0"}]}
Response Time: 1ms
================================================================================

[2026-06-28 18:18:06.313] FAILURE | Serial: 2598448 | Error: nok | لم ينجاح

================================================================================
[2026-06-28 18:18:06.831] REQUEST
Method: POST
Endpoint: http://localhost:8081/api/GL/ImportJournal
Body: [{"docSerExternal":"2598449","branchNo":1,"docDate":"2026-04-27","docNo":null,"jvType":1,"amountLocal":169.67,"referenceNo":"0","beneficiaryName":"","receiver":"","manualDocNo":"","description":"","addTerminalName":"1","details":[{"docDueDate":"2026-04-27","accountCode":"214310001","accountCodeDtl":"100038","accountCodeDtlSub":"","currencyCode":"SAR","exchangeRate":0,"drOrCr":1,"amountLocal":195.1205,"amountForeign":0,"costCenterCode":null,"chequeNo":"0","referenceNo":"0","billNo":"","billSer":"...
Status: 200
Response: {"code":2000,"message":"nok","content":[{"referenceId":"2550235","message":"لم ينجاح","errorNo":"0"}]}
Response Time: 1ms
================================================================================

[2026-06-28 18:18:06.833] FAILURE | Serial: 2598449 | Error: nok | لم ينجاح

================================================================================
[2026-06-28 18:18:07.346] REQUEST
Method: POST
Endpoint: http://localhost:8081/api/GL/ImportJournal
Body: [{"docSerExternal":"2598450","branchNo":1,"docDate":"2026-04-27","docNo":null,"jvType":1,"amountLocal":154.4,"referenceNo":"0","beneficiaryName":"","receiver":"","manualDocNo":"","description":"","addTerminalName":"1","details":[{"docDueDate":"2026-04-27","accountCode":"214310001","accountCodeDtl":"100044","accountCodeDtlSub":"","currencyCode":"SAR","exchangeRate":0,"drOrCr":1,"amountLocal":177.56,"amountForeign":0,"costCenterCode":null,"chequeNo":"0","referenceNo":"0","billNo":"","billSer":"","...
Status: 200
Response: {"code":2000,"message":"nok","content":[{"referenceId":"2550235","message":"لم ينجاح","errorNo":"0"}]}
Response Time: 1ms
================================================================================

[2026-06-28 18:18:07.348] FAILURE | Serial: 2598450 | Error: nok | لم ينجاح

================================================================================
[2026-06-28 18:18:08.038] REQUEST
Method: POST
Endpoint: http://localhost:8081/api/GL/ImportJournal
Body: [{"docSerExternal":"2598451","branchNo":1,"docDate":"2026-04-27","docNo":null,"jvType":1,"amountLocal":169.67,"referenceNo":"0","beneficiaryName":"","receiver":"","manualDocNo":"","description":"","addTerminalName":"1","details":[{"docDueDate":"2026-04-27","accountCode":"214310001","accountCodeDtl":"100046","accountCodeDtlSub":"","currencyCode":"SAR","exchangeRate":0,"drOrCr":1,"amountLocal":195.1205,"amountForeign":0,"costCenterCode":null,"chequeNo":"0","referenceNo":"0","billNo":"","billSer":"...
Status: 200
Response: {"code":2000,"message":"nok","content":[{"referenceId":"2550235","message":"لم ينجاح","errorNo":"0"}]}
Response Time: 1ms
================================================================================

[2026-06-28 18:18:08.040] FAILURE | Serial: 2598451 | Error: nok | لم ينجاح

================================================================================
[2026-06-28 18:18:08.611] REQUEST
Method: POST
Endpoint: http://localhost:8081/api/GL/ImportJournal
Body: [{"docSerExternal":"2598452","branchNo":1,"docDate":"2026-04-27","docNo":null,"jvType":1,"amountLocal":312,"referenceNo":"0","beneficiaryName":"","receiver":"","manualDocNo":"","description":"","addTerminalName":"1","details":[{"docDueDate":"2026-04-27","accountCode":"214310001","accountCodeDtl":"100048","accountCodeDtlSub":"","currencyCode":"SAR","exchangeRate":0,"drOrCr":1,"amountLocal":358.8,"amountForeign":0,"costCenterCode":"101048","chequeNo":"0","referenceNo":"0","billNo":"","billSer":"",...
Status: 200
Response: {"code":2000,"message":"nok","content":[{"referenceId":"2550235","message":"لم ينجاح","errorNo":"0"}]}
Response Time: 1ms
================================================================================

[2026-06-28 18:18:08.613] FAILURE | Serial: 2598452 | Error: nok | لم ينجاح

================================================================================
[2026-06-28 18:18:09.142] REQUEST
Method: POST
Endpoint: http://localhost:8081/api/GL/ImportJournal
Body: [{"docSerExternal":"2598453","branchNo":1,"docDate":"2026-04-27","docNo":null,"jvType":1,"amountLocal":156.1,"referenceNo":"0","beneficiaryName":"","receiver":"","manualDocNo":"","description":"","addTerminalName":"1","details":[{"docDueDate":"2026-04-27","accountCode":"214310001","accountCodeDtl":"100050","accountCodeDtlSub":"","currencyCode":"SAR","exchangeRate":0,"drOrCr":1,"amountLocal":179.515,"amountForeign":0,"costCenterCode":"101050","chequeNo":"0","referenceNo":"0","billNo":"","billSer"...
Status: 200
Response: {"code":2000,"message":"nok","content":[{"referenceId":"2550235","message":"لم ينجاح","errorNo":"0"}]}
Response Time: 1ms
================================================================================

[2026-06-28 18:18:09.144] FAILURE | Serial: 2598453 | Error: nok | لم ينجاح

================================================================================
[2026-06-28 18:18:09.696] REQUEST
Method: POST
Endpoint: http://localhost:8081/api/GL/ImportJournal
Body: [{"docSerExternal":"2598454","branchNo":1,"docDate":"2026-04-27","docNo":null,"jvType":1,"amountLocal":152.7,"referenceNo":"0","beneficiaryName":"","receiver":"","manualDocNo":"","description":"","addTerminalName":"1","details":[{"docDueDate":"2026-04-27","accountCode":"214310001","accountCodeDtl":"100053","accountCodeDtlSub":"","currencyCode":"SAR","exchangeRate":0,"drOrCr":1,"amountLocal":175.605,"amountForeign":0,"costCenterCode":"101053","chequeNo":"0","referenceNo":"0","billNo":"","billSer"...
Status: 200
Response: {"code":2000,"message":"nok","content":[{"referenceId":"2550235","message":"لم ينجاح","errorNo":"0"}]}
Response Time: 1ms
================================================================================

[2026-06-28 18:18:09.699] FAILURE | Serial: 2598454 | Error: nok | لم ينجاح

================================================================================
[2026-06-28 18:18:10.269] REQUEST
Method: POST
Endpoint: http://localhost:8081/api/GL/ImportJournal
Body: [{"docSerExternal":"2598455","branchNo":1,"docDate":"2026-04-27","docNo":null,"jvType":1,"amountLocal":169.67,"referenceNo":"0","beneficiaryName":"","receiver":"","manualDocNo":"","description":"","addTerminalName":"1","details":[{"docDueDate":"2026-04-27","accountCode":"214310001","accountCodeDtl":"100056","accountCodeDtlSub":"","currencyCode":"SAR","exchangeRate":0,"drOrCr":1,"amountLocal":195.1205,"amountForeign":0,"costCenterCode":"101056","chequeNo":"0","referenceNo":"0","billNo":"","billSe...
Status: 200
Response: {"code":2000,"message":"nok","content":[{"referenceId":"2550235","message":"لم ينجاح","errorNo":"0"}]}
Response Time: 1ms
================================================================================

[2026-06-28 18:18:10.271] FAILURE | Serial: 2598455 | Error: nok | لم ينجاح

================================================================================
[2026-06-28 18:18:10.849] REQUEST
Method: POST
Endpoint: http://localhost:8081/api/GL/ImportJournal
Body: [{"docSerExternal":"2598456","branchNo":1,"docDate":"2026-04-27","docNo":null,"jvType":1,"amountLocal":152.7,"referenceNo":"0","beneficiaryName":"","receiver":"","manualDocNo":"","description":"","addTerminalName":"1","details":[{"docDueDate":"2026-04-27","accountCode":"214310001","accountCodeDtl":"100063","accountCodeDtlSub":"","currencyCode":"SAR","exchangeRate":0,"drOrCr":1,"amountLocal":175.605,"amountForeign":0,"costCenterCode":null,"chequeNo":"0","referenceNo":"0","billNo":"","billSer":"",...
Status: 200
Response: {"code":2000,"message":"nok","content":[{"referenceId":"2550235","message":"لم ينجاح","errorNo":"0"}]}
Response Time: 1ms
================================================================================

[2026-06-28 18:18:10.851] FAILURE | Serial: 2598456 | Error: nok | لم ينجاح

================================================================================
[2026-06-28 18:18:11.362] REQUEST
Method: POST
Endpoint: http://localhost:8081/api/GL/ImportJournal
Body: [{"docSerExternal":"2598457","branchNo":1,"docDate":"2026-04-27","docNo":null,"jvType":1,"amountLocal":169.67,"referenceNo":"0","beneficiaryName":"","receiver":"","manualDocNo":"","description":"","addTerminalName":"1","details":[{"docDueDate":"2026-04-27","accountCode":"214310001","accountCodeDtl":"100071","accountCodeDtlSub":"","currencyCode":"SAR","exchangeRate":0,"drOrCr":1,"amountLocal":195.1205,"amountForeign":0,"costCenterCode":null,"chequeNo":"0","referenceNo":"0","billNo":"","billSer":"...
Status: 200
Response: {"code":2000,"message":"nok","content":[{"referenceId":"2550235","message":"لم ينجاح","errorNo":"0"}]}
Response Time: 1ms
================================================================================

[2026-06-28 18:18:11.364] FAILURE | Serial: 2598457 | Error: nok | لم ينجاح

================================================================================
[2026-06-28 18:18:11.906] REQUEST
Method: POST
Endpoint: http://localhost:8081/api/GL/ImportJournal
Body: [{"docSerExternal":"2598458","branchNo":1,"docDate":"2026-04-27","docNo":null,"jvType":1,"amountLocal":197.67,"referenceNo":"0","beneficiaryName":"","receiver":"","manualDocNo":"","description":"","addTerminalName":"1","details":[{"docDueDate":"2026-04-27","accountCode":"214310001","accountCodeDtl":"100073","accountCodeDtlSub":"","currencyCode":"SAR","exchangeRate":0,"drOrCr":1,"amountLocal":227.3205,"amountForeign":0,"costCenterCode":null,"chequeNo":"0","referenceNo":"0","billNo":"","billSer":"...
Status: 200
Response: {"code":2000,"message":"nok","content":[{"referenceId":"2550235","message":"لم ينجاح","errorNo":"0"}]}
Response Time: 1ms
================================================================================

[2026-06-28 18:18:11.909] FAILURE | Serial: 2598458 | Error: nok | لم ينجاح

================================================================================
[2026-06-28 18:18:12.419] REQUEST
Method: POST
Endpoint: http://localhost:8081/api/GL/ImportJournal
Body: [{"docSerExternal":"2598459","branchNo":1,"docDate":"2026-04-27","docNo":null,"jvType":1,"amountLocal":4.2417,"referenceNo":"0","beneficiaryName":"","receiver":"","manualDocNo":"","description":"","addTerminalName":"1","details":[{"docDueDate":"2026-04-27","accountCode":"4111010001","accountCodeDtl":"100008","accountCodeDtlSub":"","currencyCode":"SAR","exchangeRate":0,"drOrCr":1,"amountLocal":4.878,"amountForeign":0,"costCenterCode":"101008","chequeNo":"0","referenceNo":"0","billNo":"","billSer"...
Status: 200
Response: {"code":2000,"message":"nok","content":[{"referenceId":"2550235","message":"لم ينجاح","errorNo":"0"}]}
Response Time: 1ms
================================================================================

[2026-06-28 18:18:12.421] FAILURE | Serial: 2598459 | Error: nok | لم ينجاح

================================================================================
[2026-06-28 18:18:12.943] REQUEST
Method: POST
Endpoint: http://localhost:8081/api/GL/ImportJournal
Body: [{"docSerExternal":"2598460","branchNo":1,"docDate":"2026-04-27","docNo":null,"jvType":1,"amountLocal":3.86,"referenceNo":"0","beneficiaryName":"","receiver":"","manualDocNo":"","description":"","addTerminalName":"1","details":[{"docDueDate":"2026-04-27","accountCode":"4111010001","accountCodeDtl":"100066","accountCodeDtlSub":"","currencyCode":"SAR","exchangeRate":0,"drOrCr":1,"amountLocal":4.439,"amountForeign":0,"costCenterCode":"101066","chequeNo":"0","referenceNo":"0","billNo":"","billSer":"...
Status: 200
Response: {"code":2000,"message":"nok","content":[{"referenceId":"2550235","message":"لم ينجاح","errorNo":"0"}]}
Response Time: 1ms
================================================================================

[2026-06-28 18:18:12.945] FAILURE | Serial: 2598460 | Error: nok | لم ينجاح

================================================================================
[2026-06-28 18:18:13.468] REQUEST
Method: POST
Endpoint: http://localhost:8081/api/GL/ImportJournal
Body: [{"docSerExternal":"2598461","branchNo":1,"docDate":"2026-04-27","docNo":null,"jvType":1,"amountLocal":3.9025,"referenceNo":"0","beneficiaryName":"","receiver":"","manualDocNo":"","description":"","addTerminalName":"1","details":[{"docDueDate":"2026-04-27","accountCode":"4111010001","accountCodeDtl":"100076","accountCodeDtlSub":"","currencyCode":"SAR","exchangeRate":0,"drOrCr":1,"amountLocal":4.4879,"amountForeign":0,"costCenterCode":"101076","chequeNo":"0","referenceNo":"0","billNo":"","billSer...
Status: 200
Response: {"code":2000,"message":"nok","content":[{"referenceId":"2550235","message":"لم ينجاح","errorNo":"0"}]}
Response Time: 1ms
================================================================================

[2026-06-28 18:18:13.471] FAILURE | Serial: 2598461 | Error: nok | لم ينجاح

================================================================================
[2026-06-28 18:18:14.015] REQUEST
Method: POST
Endpoint: http://localhost:8081/api/GL/ImportJournal
Body: [{"docSerExternal":"2598462","branchNo":1,"docDate":"2026-04-27","docNo":null,"jvType":1,"amountLocal":4.2417,"referenceNo":"0","beneficiaryName":"","receiver":"","manualDocNo":"","description":"","addTerminalName":"1","details":[{"docDueDate":"2026-04-27","accountCode":"4111010001","accountCodeDtl":"100014","accountCodeDtlSub":"","currencyCode":"SAR","exchangeRate":0,"drOrCr":1,"amountLocal":4.878,"amountForeign":0,"costCenterCode":"101014","chequeNo":"0","referenceNo":"0","billNo":"","billSer"...
Status: 200
Response: {"code":2000,"message":"nok","content":[{"referenceId":"2550235","message":"لم ينجاح","errorNo":"0"}]}
Response Time: 1ms
================================================================================

[2026-06-28 18:18:14.017] FAILURE | Serial: 2598462 | Error: nok | لم ينجاح

================================================================================
[2026-06-28 18:18:14.516] REQUEST
Method: POST
Endpoint: http://localhost:8081/api/GL/ImportJournal
Body: [{"docSerExternal":"2598463","branchNo":1,"docDate":"2026-04-27","docNo":null,"jvType":1,"amountLocal":3.9025,"referenceNo":"0","beneficiaryName":"","receiver":"","manualDocNo":"","description":"","addTerminalName":"1","details":[{"docDueDate":"2026-04-27","accountCode":"4111010001","accountCodeDtl":"100018","accountCodeDtlSub":"","currencyCode":"SAR","exchangeRate":0,"drOrCr":1,"amountLocal":4.4879,"amountForeign":0,"costCenterCode":"101018","chequeNo":"0","referenceNo":"0","billNo":"","billSer...
Status: 200
Response: {"code":2000,"message":"nok","content":[{"referenceId":"2550235","message":"لم ينجاح","errorNo":"0"}]}
Response Time: 1ms
================================================================================

[2026-06-28 18:18:14.518] FAILURE | Serial: 2598463 | Error: nok | لم ينجاح

================================================================================
[2026-06-28 18:18:15.055] REQUEST
Method: POST
Endpoint: http://localhost:8081/api/GL/ImportJournal
Body: [{"docSerExternal":"2598464","branchNo":1,"docDate":"2026-04-27","docNo":null,"jvType":1,"amountLocal":3.8175,"referenceNo":"0","beneficiaryName":"","receiver":"","manualDocNo":"","description":"","addTerminalName":"1","details":[{"docDueDate":"2026-04-27","accountCode":"4111010001","accountCodeDtl":"100028","accountCodeDtlSub":"","currencyCode":"SAR","exchangeRate":0,"drOrCr":1,"amountLocal":4.3901,"amountForeign":0,"costCenterCode":"101028","chequeNo":"0","referenceNo":"0","billNo":"","billSer...
Status: 200
Response: {"code":2000,"message":"nok","content":[{"referenceId":"2550235","message":"لم ينجاح","errorNo":"0"}]}
Response Time: 1ms
================================================================================

[2026-06-28 18:18:15.057] FAILURE | Serial: 2598464 | Error: nok | لم ينجاح

================================================================================
[2026-06-28 18:18:15.576] REQUEST
Method: POST
Endpoint: http://localhost:8081/api/GL/ImportJournal
Body: [{"docSerExternal":"2598465","branchNo":1,"docDate":"2026-04-27","docNo":null,"jvType":1,"amountLocal":4.2417,"referenceNo":"0","beneficiaryName":"","receiver":"","manualDocNo":"","description":"","addTerminalName":"1","details":[{"docDueDate":"2026-04-27","accountCode":"4111010001","accountCodeDtl":"100038","accountCodeDtlSub":"","currencyCode":"SAR","exchangeRate":0,"drOrCr":1,"amountLocal":4.878,"amountForeign":0,"costCenterCode":"101038","chequeNo":"0","referenceNo":"0","billNo":"","billSer"...
Status: 200
Response: {"code":2000,"message":"nok","content":[{"referenceId":"2550235","message":"لم ينجاح","errorNo":"0"}]}
Response Time: 1ms
================================================================================

[2026-06-28 18:18:15.578] FAILURE | Serial: 2598465 | Error: nok | لم ينجاح

================================================================================
[2026-06-28 18:18:16.075] REQUEST
Method: POST
Endpoint: http://localhost:8081/api/GL/ImportJournal
Body: [{"docSerExternal":"2598466","branchNo":1,"docDate":"2026-04-27","docNo":null,"jvType":1,"amountLocal":3.86,"referenceNo":"0","beneficiaryName":"","receiver":"","manualDocNo":"","description":"","addTerminalName":"1","details":[{"docDueDate":"2026-04-27","accountCode":"4111010001","accountCodeDtl":"100044","accountCodeDtlSub":"","currencyCode":"SAR","exchangeRate":0,"drOrCr":1,"amountLocal":4.439,"amountForeign":0,"costCenterCode":"101044","chequeNo":"0","referenceNo":"0","billNo":"","billSer":"...
Status: 200
Response: {"code":2000,"message":"nok","content":[{"referenceId":"2550235","message":"لم ينجاح","errorNo":"0"}]}
Response Time: 1ms
================================================================================

[2026-06-28 18:18:16.078] FAILURE | Serial: 2598466 | Error: nok | لم ينجاح

================================================================================
[2026-06-28 18:18:16.587] REQUEST
Method: POST
Endpoint: http://localhost:8081/api/GL/ImportJournal
Body: [{"docSerExternal":"2598467","branchNo":1,"docDate":"2026-04-27","docNo":null,"jvType":1,"amountLocal":4.2417,"referenceNo":"0","beneficiaryName":"","receiver":"","manualDocNo":"","description":"","addTerminalName":"1","details":[{"docDueDate":"2026-04-27","accountCode":"4111010001","accountCodeDtl":"100046","accountCodeDtlSub":"","currencyCode":"SAR","exchangeRate":0,"drOrCr":1,"amountLocal":4.878,"amountForeign":0,"costCenterCode":"101046","chequeNo":"0","referenceNo":"0","billNo":"","billSer"...
Status: 200
Response: {"code":2000,"message":"nok","content":[{"referenceId":"2550235","message":"لم ينجاح","errorNo":"0"}]}
Response Time: 1ms
================================================================================

[2026-06-28 18:18:16.589] FAILURE | Serial: 2598467 | Error: nok | لم ينجاح

================================================================================
[2026-06-28 18:18:17.082] REQUEST
Method: POST
Endpoint: http://localhost:8081/api/GL/ImportJournal
Body: [{"docSerExternal":"2598468","branchNo":1,"docDate":"2026-04-27","docNo":null,"jvType":1,"amountLocal":7.8,"referenceNo":"0","beneficiaryName":"","receiver":"","manualDocNo":"","description":"","addTerminalName":"1","details":[{"docDueDate":"2026-04-27","accountCode":"4111010001","accountCodeDtl":"100048","accountCodeDtlSub":"","currencyCode":"SAR","exchangeRate":0,"drOrCr":1,"amountLocal":8.97,"amountForeign":0,"costCenterCode":"101048","chequeNo":"0","referenceNo":"0","billNo":"","billSer":"",...
Status: 200
Response: {"code":2000,"message":"nok","content":[{"referenceId":"2550235","message":"لم ينجاح","errorNo":"0"}]}
Response Time: 1ms
================================================================================

[2026-06-28 18:18:17.084] FAILURE | Serial: 2598468 | Error: nok | لم ينجاح

================================================================================
[2026-06-28 18:18:17.606] REQUEST
Method: POST
Endpoint: http://localhost:8081/api/GL/ImportJournal
Body: [{"docSerExternal":"2598469","branchNo":1,"docDate":"2026-04-27","docNo":null,"jvType":1,"amountLocal":3.9025,"referenceNo":"0","beneficiaryName":"","receiver":"","manualDocNo":"","description":"","addTerminalName":"1","details":[{"docDueDate":"2026-04-27","accountCode":"4111010001","accountCodeDtl":"100050","accountCodeDtlSub":"","currencyCode":"SAR","exchangeRate":0,"drOrCr":1,"amountLocal":4.4879,"amountForeign":0,"costCenterCode":"101050","chequeNo":"0","referenceNo":"0","billNo":"","billSer...
Status: 200
Response: {"code":2000,"message":"nok","content":[{"referenceId":"2550235","message":"لم ينجاح","errorNo":"0"}]}
Response Time: 1ms
================================================================================

[2026-06-28 18:18:17.608] FAILURE | Serial: 2598469 | Error: nok | لم ينجاح

================================================================================
[2026-06-28 18:18:18.136] REQUEST
Method: POST
Endpoint: http://localhost:8081/api/GL/ImportJournal
Body: [{"docSerExternal":"2598470","branchNo":1,"docDate":"2026-04-27","docNo":null,"jvType":1,"amountLocal":3.8175,"referenceNo":"0","beneficiaryName":"","receiver":"","manualDocNo":"","description":"","addTerminalName":"1","details":[{"docDueDate":"2026-04-27","accountCode":"4111010001","accountCodeDtl":"100053","accountCodeDtlSub":"","currencyCode":"SAR","exchangeRate":0,"drOrCr":1,"amountLocal":4.3901,"amountForeign":0,"costCenterCode":"101053","chequeNo":"0","referenceNo":"0","billNo":"","billSer...
Status: 200
Response: {"code":2000,"message":"nok","content":[{"referenceId":"2550235","message":"لم ينجاح","errorNo":"0"}]}
Response Time: 1ms
================================================================================

[2026-06-28 18:18:18.138] FAILURE | Serial: 2598470 | Error: nok | لم ينجاح

================================================================================
[2026-06-28 18:18:18.683] REQUEST
Method: POST
Endpoint: http://localhost:8081/api/GL/ImportJournal
Body: [{"docSerExternal":"2598471","branchNo":1,"docDate":"2026-04-27","docNo":null,"jvType":1,"amountLocal":4.2417,"referenceNo":"0","beneficiaryName":"","receiver":"","manualDocNo":"","description":"","addTerminalName":"1","details":[{"docDueDate":"2026-04-27","accountCode":"4111010001","accountCodeDtl":"100056","accountCodeDtlSub":"","currencyCode":"SAR","exchangeRate":0,"drOrCr":1,"amountLocal":4.878,"amountForeign":0,"costCenterCode":"101056","chequeNo":"0","referenceNo":"0","billNo":"","billSer"...
Status: 200
Response: {"code":2000,"message":"nok","content":[{"referenceId":"2550235","message":"لم ينجاح","errorNo":"0"}]}
Response Time: 1ms
================================================================================

[2026-06-28 18:18:18.685] FAILURE | Serial: 2598471 | Error: nok | لم ينجاح

================================================================================
[2026-06-28 18:18:19.210] REQUEST
Method: POST
Endpoint: http://localhost:8081/api/GL/ImportJournal
Body: [{"docSerExternal":"2598472","branchNo":1,"docDate":"2026-04-27","docNo":null,"jvType":1,"amountLocal":3.8175,"referenceNo":"0","beneficiaryName":"","receiver":"","manualDocNo":"","description":"","addTerminalName":"1","details":[{"docDueDate":"2026-04-27","accountCode":"4111010001","accountCodeDtl":"100063","accountCodeDtlSub":"","currencyCode":"SAR","exchangeRate":0,"drOrCr":1,"amountLocal":4.3901,"amountForeign":0,"costCenterCode":"101063","chequeNo":"0","referenceNo":"0","billNo":"","billSer...
Status: 200
Response: {"code":2000,"message":"nok","content":[{"referenceId":"2550235","message":"لم ينجاح","errorNo":"0"}]}
Response Time: 1ms
================================================================================

[2026-06-28 18:18:19.212] FAILURE | Serial: 2598472 | Error: nok | لم ينجاح

================================================================================
[2026-06-28 18:18:19.763] REQUEST
Method: POST
Endpoint: http://localhost:8081/api/GL/ImportJournal
Body: [{"docSerExternal":"2598473","branchNo":1,"docDate":"2026-04-27","docNo":null,"jvType":1,"amountLocal":4.2417,"referenceNo":"0","beneficiaryName":"","receiver":"","manualDocNo":"","description":"","addTerminalName":"1","details":[{"docDueDate":"2026-04-27","accountCode":"4111010001","accountCodeDtl":"100071","accountCodeDtlSub":"","currencyCode":"SAR","exchangeRate":0,"drOrCr":1,"amountLocal":4.878,"amountForeign":0,"costCenterCode":"101071","chequeNo":"0","referenceNo":"0","billNo":"","billSer"...
Status: 200
Response: {"code":2000,"message":"nok","content":[{"referenceId":"2550235","message":"لم ينجاح","errorNo":"0"}]}
Response Time: 1ms
================================================================================

[2026-06-28 18:18:19.765] FAILURE | Serial: 2598473 | Error: nok | لم ينجاح

================================================================================
[2026-06-28 18:18:20.289] REQUEST
Method: POST
Endpoint: http://localhost:8081/api/GL/ImportJournal
Body: [{"docSerExternal":"2598474","branchNo":1,"docDate":"2026-04-27","docNo":null,"jvType":1,"amountLocal":4.9417,"referenceNo":"0","beneficiaryName":"","receiver":"","manualDocNo":"","description":"","addTerminalName":"1","details":[{"docDueDate":"2026-04-27","accountCode":"4111010001","accountCodeDtl":"100073","accountCodeDtlSub":"","currencyCode":"SAR","exchangeRate":0,"drOrCr":1,"amountLocal":5.683,"amountForeign":0,"costCenterCode":"101073","chequeNo":"0","referenceNo":"0","billNo":"","billSer"...
Status: 200
Response: {"code":2000,"message":"nok","content":[{"referenceId":"2550235","message":"لم ينجاح","errorNo":"0"}]}
Response Time: 1ms
================================================================================

[2026-06-28 18:18:20.291] FAILURE | Serial: 2598474 | Error: nok | لم ينجاح

================================================================================
[2026-06-28 18:18:20.788] REQUEST
Method: POST
Endpoint: http://localhost:8081/api/GL/ImportJournal
Body: [{"docSerExternal":"2598476","branchNo":1,"docDate":"2026-04-27","docNo":null,"jvType":1,"amountLocal":169.67,"referenceNo":"0","beneficiaryName":"","receiver":"","manualDocNo":"","description":"","addTerminalName":"1","details":[{"docDueDate":"2026-04-27","accountCode":"214310001","accountCodeDtl":"100019","accountCodeDtlSub":"","currencyCode":"SAR","exchangeRate":0,"drOrCr":1,"amountLocal":195.1205,"amountForeign":0,"costCenterCode":"101019","chequeNo":"0","referenceNo":"0","billNo":"","billSe...
Status: 200
Response: {"code":2000,"message":"nok","content":[{"referenceId":"2550235","message":"لم ينجاح","errorNo":"0"}]}
Response Time: 1ms
================================================================================

[2026-06-28 18:18:20.790] FAILURE | Serial: 2598476 | Error: nok | لم ينجاح

================================================================================
[2026-06-28 18:18:21.290] REQUEST
Method: POST
Endpoint: http://localhost:8081/api/GL/ImportJournal
Body: [{"docSerExternal":"2598477","branchNo":1,"docDate":"2026-04-27","docNo":null,"jvType":1,"amountLocal":4.2417,"referenceNo":"0","beneficiaryName":"","receiver":"","manualDocNo":"","description":"","addTerminalName":"1","details":[{"docDueDate":"2026-04-27","accountCode":"4111010001","accountCodeDtl":"100029","accountCodeDtlSub":"","currencyCode":"SAR","exchangeRate":0,"drOrCr":1,"amountLocal":4.878,"amountForeign":0,"costCenterCode":"101029","chequeNo":"0","referenceNo":"0","billNo":"","billSer"...
Status: 200
Response: {"code":2000,"message":"nok","content":[{"referenceId":"2550235","message":"لم ينجاح","errorNo":"0"}]}
Response Time: 1ms
================================================================================

[2026-06-28 18:18:21.292] FAILURE | Serial: 2598477 | Error: nok | لم ينجاح

================================================================================
[2026-06-28 18:18:21.815] REQUEST
Method: POST
Endpoint: http://localhost:8081/api/GL/ImportJournal
Body: [{"docSerExternal":"2598479","branchNo":1,"docDate":"2026-04-27","docNo":null,"jvType":1,"amountLocal":157.79,"referenceNo":"0","beneficiaryName":"","receiver":"","manualDocNo":"","description":"","addTerminalName":"1","details":[{"docDueDate":"2026-04-27","accountCode":"214310001","accountCodeDtl":"100052","accountCodeDtlSub":"","currencyCode":"SAR","exchangeRate":0,"drOrCr":1,"amountLocal":181.4585,"amountForeign":0,"costCenterCode":"101052","chequeNo":"0","referenceNo":"0","billNo":"","billSe...
Status: 200
Response: {"code":2000,"message":"nok","content":[{"referenceId":"2550235","message":"لم ينجاح","errorNo":"0"}]}
Response Time: 1ms
================================================================================

[2026-06-28 18:18:21.818] FAILURE | Serial: 2598479 | Error: nok | لم ينجاح

================================================================================
[2026-06-28 18:18:22.334] REQUEST
Method: POST
Endpoint: http://localhost:8081/api/GL/ImportJournal
Body: [{"docSerExternal":"2598480","branchNo":1,"docDate":"2026-04-27","docNo":null,"jvType":1,"amountLocal":3.9447,"referenceNo":"0","beneficiaryName":"","receiver":"","manualDocNo":"","description":"","addTerminalName":"1","details":[{"docDueDate":"2026-04-27","accountCode":"4111010001","accountCodeDtl":"100052","accountCodeDtlSub":"","currencyCode":"SAR","exchangeRate":0,"drOrCr":1,"amountLocal":4.5364,"amountForeign":0,"costCenterCode":"101052","chequeNo":"0","referenceNo":"0","billNo":"","billSer...
Status: 200
Response: {"code":2000,"message":"nok","content":[{"referenceId":"2550235","message":"لم ينجاح","errorNo":"0"}]}
Response Time: 1ms
================================================================================

[2026-06-28 18:18:22.336] FAILURE | Serial: 2598480 | Error: nok | لم ينجاح

================================================================================
[2026-06-28 18:18:22.847] REQUEST
Method: POST
Endpoint: http://localhost:8081/api/GL/ImportJournal
Body: [{"docSerExternal":"2598482","branchNo":1,"docDate":"2026-04-27","docNo":null,"jvType":1,"amountLocal":152.7,"referenceNo":"0","beneficiaryName":"","receiver":"","manualDocNo":"","description":"","addTerminalName":"1","details":[{"docDueDate":"2026-04-27","accountCode":"214310001","accountCodeDtl":"100001","accountCodeDtlSub":"","currencyCode":"SAR","exchangeRate":0,"drOrCr":1,"amountLocal":175.605,"amountForeign":0,"costCenterCode":"101001","chequeNo":"0","referenceNo":"0","billNo":"","billSer"...
Status: 200
Response: {"code":2000,"message":"nok","content":[{"referenceId":"2550235","message":"لم ينجاح","errorNo":"0"}]}
Response Time: 1ms
================================================================================

[2026-06-28 18:18:22.849] FAILURE | Serial: 2598482 | Error: nok | لم ينجاح

================================================================================
[2026-06-28 18:18:23.361] REQUEST
Method: POST
Endpoint: http://localhost:8081/api/GL/ImportJournal
Body: [{"docSerExternal":"2598483","branchNo":1,"docDate":"2026-04-27","docNo":null,"jvType":1,"amountLocal":3.8175,"referenceNo":"0","beneficiaryName":"","receiver":"","manualDocNo":"","description":"","addTerminalName":"1","details":[{"docDueDate":"2026-04-27","accountCode":"4111010001","accountCodeDtl":"100001","accountCodeDtlSub":"","currencyCode":"SAR","exchangeRate":0,"drOrCr":1,"amountLocal":4.3901,"amountForeign":0,"costCenterCode":"101001","chequeNo":"0","referenceNo":"0","billNo":"","billSer...
Status: 200
Response: {"code":2000,"message":"nok","content":[{"referenceId":"2550235","message":"لم ينجاح","errorNo":"0"}]}
Response Time: 1ms
================================================================================

[2026-06-28 18:18:23.363] FAILURE | Serial: 2598483 | Error: nok | لم ينجاح

================================================================================
[2026-06-28 18:18:23.877] REQUEST
Method: POST
Endpoint: http://localhost:8081/api/GL/ImportJournal
Body: [{"docSerExternal":"2598485","branchNo":1,"docDate":"2026-04-27","docNo":null,"jvType":1,"amountLocal":157.79,"referenceNo":"0","beneficiaryName":"","receiver":"","manualDocNo":"","description":"","addTerminalName":"1","details":[{"docDueDate":"2026-04-27","accountCode":"214310001","accountCodeDtl":"100041","accountCodeDtlSub":"","currencyCode":"SAR","exchangeRate":0,"drOrCr":1,"amountLocal":181.4585,"amountForeign":0,"costCenterCode":null,"chequeNo":"0","referenceNo":"0","billNo":"","billSer":"...
Status: 200
Response: {"code":2000,"message":"nok","content":[{"referenceId":"2550235","message":"لم ينجاح","errorNo":"0"}]}
Response Time: 1ms
================================================================================

[2026-06-28 18:18:23.879] FAILURE | Serial: 2598485 | Error: nok | لم ينجاح

================================================================================
[2026-06-28 18:18:24.384] REQUEST
Method: POST
Endpoint: http://localhost:8081/api/GL/ImportJournal
Body: [{"docSerExternal":"2598486","branchNo":1,"docDate":"2026-04-27","docNo":null,"jvType":1,"amountLocal":3.9447,"referenceNo":"0","beneficiaryName":"","receiver":"","manualDocNo":"","description":"","addTerminalName":"1","details":[{"docDueDate":"2026-04-27","accountCode":"4111010001","accountCodeDtl":"100041","accountCodeDtlSub":"","currencyCode":"SAR","exchangeRate":0,"drOrCr":1,"amountLocal":4.5364,"amountForeign":0,"costCenterCode":"101041","chequeNo":"0","referenceNo":"0","billNo":"","billSer...
Status: 200
Response: {"code":2000,"message":"nok","content":[{"referenceId":"2550235","message":"لم ينجاح","errorNo":"0"}]}
Response Time: 1ms
================================================================================

[2026-06-28 18:18:24.386] FAILURE | Serial: 2598486 | Error: nok | لم ينجاح

================================================================================
[2026-06-28 18:18:24.887] REQUEST
Method: POST
Endpoint: http://localhost:8081/api/GL/ImportJournal
Body: [{"docSerExternal":"2598488","branchNo":1,"docDate":"2026-04-27","docNo":null,"jvType":1,"amountLocal":339.34,"referenceNo":"0","beneficiaryName":"","receiver":"","manualDocNo":"","description":"","addTerminalName":"1","details":[{"docDueDate":"2026-04-27","accountCode":"214310001","accountCodeDtl":"100010","accountCodeDtlSub":"","currencyCode":"SAR","exchangeRate":0,"drOrCr":1,"amountLocal":390.241,"amountForeign":0,"costCenterCode":"101010","chequeNo":"0","referenceNo":"0","billNo":"","billSer...
Status: 200
Response: {"code":2000,"message":"nok","content":[{"referenceId":"2550235","message":"لم ينجاح","errorNo":"0"}]}
Response Time: 1ms
================================================================================

[2026-06-28 18:18:24.889] FAILURE | Serial: 2598488 | Error: nok | لم ينجاح

================================================================================
[2026-06-28 18:18:25.411] REQUEST
Method: POST
Endpoint: http://localhost:8081/api/GL/ImportJournal
Body: [{"docSerExternal":"2598489","branchNo":1,"docDate":"2026-04-27","docNo":null,"jvType":1,"amountLocal":8.4835,"referenceNo":"0","beneficiaryName":"","receiver":"","manualDocNo":"","description":"","addTerminalName":"1","details":[{"docDueDate":"2026-04-27","accountCode":"4111010001","accountCodeDtl":"100010","accountCodeDtlSub":"","currencyCode":"SAR","exchangeRate":0,"drOrCr":1,"amountLocal":9.756,"amountForeign":0,"costCenterCode":"101010","chequeNo":"0","referenceNo":"0","billNo":"","billSer"...
Status: 200
Response: {"code":2000,"message":"nok","content":[{"referenceId":"2550235","message":"لم ينجاح","errorNo":"0"}]}
Response Time: 1ms
================================================================================

[2026-06-28 18:18:25.414] FAILURE | Serial: 2598489 | Error: nok | لم ينجاح

================================================================================
[2026-06-28 18:18:25.927] REQUEST
Method: POST
Endpoint: http://localhost:8081/api/GL/ImportJournal
Body: [{"docSerExternal":"2598491","branchNo":1,"docDate":"2026-04-27","docNo":null,"jvType":1,"amountLocal":169.67,"referenceNo":"0","beneficiaryName":"","receiver":"","manualDocNo":"","description":"","addTerminalName":"1","details":[{"docDueDate":"2026-04-27","accountCode":"214310001","accountCodeDtl":"100013","accountCodeDtlSub":"","currencyCode":"SAR","exchangeRate":0,"drOrCr":1,"amountLocal":195.1205,"amountForeign":0,"costCenterCode":"101013","chequeNo":"0","referenceNo":"0","billNo":"","billSe...
Status: 200
Response: {"code":2000,"message":"nok","content":[{"referenceId":"2550235","message":"لم ينجاح","errorNo":"0"}]}
Response Time: 1ms
================================================================================

[2026-06-28 18:18:25.928] FAILURE | Serial: 2598491 | Error: nok | لم ينجاح

================================================================================
[2026-06-28 18:18:26.453] REQUEST
Method: POST
Endpoint: http://localhost:8081/api/GL/ImportJournal
Body: [{"docSerExternal":"2598492","branchNo":1,"docDate":"2026-04-27","docNo":null,"jvType":1,"amountLocal":4.2417,"referenceNo":"0","beneficiaryName":"","receiver":"","manualDocNo":"","description":"","addTerminalName":"1","details":[{"docDueDate":"2026-04-27","accountCode":"4111010001","accountCodeDtl":"100013","accountCodeDtlSub":"","currencyCode":"SAR","exchangeRate":0,"drOrCr":1,"amountLocal":4.878,"amountForeign":0,"costCenterCode":"101013","chequeNo":"0","referenceNo":"0","billNo":"","billSer"...
Status: 200
Response: {"code":2000,"message":"nok","content":[{"referenceId":"2550235","message":"لم ينجاح","errorNo":"0"}]}
Response Time: 1ms
================================================================================

[2026-06-28 18:18:26.455] FAILURE | Serial: 2598492 | Error: nok | لم ينجاح

================================================================================
[2026-06-28 18:18:26.987] REQUEST
Method: POST
Endpoint: http://localhost:8081/api/GL/ImportJournal
Body: [{"docSerExternal":"2598385","branchNo":1,"docDate":"2026-04-27","docNo":null,"jvType":1,"amountLocal":212.09,"referenceNo":"0","beneficiaryName":"","receiver":"","manualDocNo":"","description":"","addTerminalName":"1","details":[{"docDueDate":"2026-04-27","accountCode":"214310001","accountCodeDtl":"100040","accountCodeDtlSub":"","currencyCode":"SAR","exchangeRate":0,"drOrCr":1,"amountLocal":243.9035,"amountForeign":0,"costCenterCode":null,"chequeNo":"0","referenceNo":"0","billNo":"","billSer":"...
Status: 200
Response: {"code":2000,"message":"nok","content":[{"referenceId":"2550235","message":"لم ينجاح","errorNo":"0"}]}
Response Time: 2ms
================================================================================

[2026-06-28 18:18:26.989] FAILURE | Serial: 2598385 | Error: nok | لم ينجاح

================================================================================
[2026-06-28 18:18:27.515] REQUEST
Method: POST
Endpoint: http://localhost:8081/api/GL/ImportJournal
Body: [{"docSerExternal":"2598386","branchNo":1,"docDate":"2026-04-27","docNo":null,"jvType":1,"amountLocal":5.3022,"referenceNo":"0","beneficiaryName":"","receiver":"","manualDocNo":"","description":"","addTerminalName":"1","details":[{"docDueDate":"2026-04-27","accountCode":"4111010001","accountCodeDtl":"100040","accountCodeDtlSub":"","currencyCode":"SAR","exchangeRate":0,"drOrCr":1,"amountLocal":6.0975,"amountForeign":0,"costCenterCode":"101040","chequeNo":"0","referenceNo":"0","billNo":"","billSer...
Status: 200
Response: {"code":2000,"message":"nok","content":[{"referenceId":"2550235","message":"لم ينجاح","errorNo":"0"}]}
Response Time: 1ms
================================================================================

[2026-06-28 18:18:27.518] FAILURE | Serial: 2598386 | Error: nok | لم ينجاح

================================================================================
[2026-06-28 18:18:28.028] REQUEST
Method: POST
Endpoint: http://localhost:8081/api/GL/ImportJournal
Body: [{"docSerExternal":"2598388","branchNo":1,"docDate":"2026-04-27","docNo":null,"jvType":1,"amountLocal":169.67,"referenceNo":"0","beneficiaryName":"","receiver":"","manualDocNo":"","description":"","addTerminalName":"1","details":[{"docDueDate":"2026-04-27","accountCode":"214310001","accountCodeDtl":"100060","accountCodeDtlSub":"","currencyCode":"SAR","exchangeRate":0,"drOrCr":1,"amountLocal":195.1205,"amountForeign":0,"costCenterCode":null,"chequeNo":"0","referenceNo":"0","billNo":"","billSer":"...
Status: 200
Response: {"code":2000,"message":"nok","content":[{"referenceId":"2550235","message":"لم ينجاح","errorNo":"0"}]}
Response Time: 1ms
================================================================================

[2026-06-28 18:18:28.030] FAILURE | Serial: 2598388 | Error: nok | لم ينجاح

================================================================================
[2026-06-28 18:18:28.536] REQUEST
Method: POST
Endpoint: http://localhost:8081/api/GL/ImportJournal
Body: [{"docSerExternal":"2598389","branchNo":1,"docDate":"2026-04-27","docNo":null,"jvType":1,"amountLocal":4.2417,"referenceNo":"0","beneficiaryName":"","receiver":"","manualDocNo":"","description":"","addTerminalName":"1","details":[{"docDueDate":"2026-04-27","accountCode":"4111010001","accountCodeDtl":"100060","accountCodeDtlSub":"","currencyCode":"SAR","exchangeRate":0,"drOrCr":1,"amountLocal":4.878,"amountForeign":0,"costCenterCode":"101060","chequeNo":"0","referenceNo":"0","billNo":"","billSer"...
Status: 200
Response: {"code":2000,"message":"nok","content":[{"referenceId":"2550235","message":"لم ينجاح","errorNo":"0"}]}
Response Time: 1ms
================================================================================

[2026-06-28 18:18:28.538] FAILURE | Serial: 2598389 | Error: nok | لم ينجاح

================================================================================
[2026-06-28 18:18:29.067] REQUEST
Method: POST
Endpoint: http://localhost:8081/api/GL/ImportJournal
Body: [{"docSerExternal":"2598391","branchNo":1,"docDate":"2026-04-27","docNo":null,"jvType":1,"amountLocal":169.67,"referenceNo":"0","beneficiaryName":"","receiver":"","manualDocNo":"","description":"","addTerminalName":"1","details":[{"docDueDate":"2026-04-27","accountCode":"214310001","accountCodeDtl":"100004","accountCodeDtlSub":"","currencyCode":"SAR","exchangeRate":0,"drOrCr":1,"amountLocal":195.1205,"amountForeign":0,"costCenterCode":"101004","chequeNo":"0","referenceNo":"0","billNo":"","billSe...
Status: 200
Response: {"code":2000,"message":"nok","content":[{"referenceId":"2550235","message":"لم ينجاح","errorNo":"0"}]}
Response Time: 1ms
================================================================================

[2026-06-28 18:18:29.070] FAILURE | Serial: 2598391 | Error: nok | لم ينجاح

================================================================================
[2026-06-28 18:18:29.588] REQUEST
Method: POST
Endpoint: http://localhost:8081/api/GL/ImportJournal
Body: [{"docSerExternal":"2598392","branchNo":1,"docDate":"2026-04-27","docNo":null,"jvType":1,"amountLocal":4.2417,"referenceNo":"0","beneficiaryName":"","receiver":"","manualDocNo":"","description":"","addTerminalName":"1","details":[{"docDueDate":"2026-04-27","accountCode":"4111010001","accountCodeDtl":"100004","accountCodeDtlSub":"","currencyCode":"SAR","exchangeRate":0,"drOrCr":1,"amountLocal":4.878,"amountForeign":0,"costCenterCode":"101004","chequeNo":"0","referenceNo":"0","billNo":"","billSer"...
Status: 200
Response: {"code":2000,"message":"nok","content":[{"referenceId":"2550235","message":"لم ينجاح","errorNo":"0"}]}
Response Time: 1ms
================================================================================

[2026-06-28 18:18:29.590] FAILURE | Serial: 2598392 | Error: nok | لم ينجاح

================================================================================
[2026-06-28 18:18:30.116] REQUEST
Method: POST
Endpoint: http://localhost:8081/api/GL/ImportJournal
Body: [{"docSerExternal":"2598394","branchNo":1,"docDate":"2026-04-27","docNo":null,"jvType":1,"amountLocal":169.67,"referenceNo":"0","beneficiaryName":"","receiver":"","manualDocNo":"","description":"","addTerminalName":"1","details":[{"docDueDate":"2026-04-27","accountCode":"214310001","accountCodeDtl":"100062","accountCodeDtlSub":"","currencyCode":"SAR","exchangeRate":0,"drOrCr":1,"amountLocal":195.1205,"amountForeign":0,"costCenterCode":null,"chequeNo":"0","referenceNo":"0","billNo":"","billSer":"...
Status: 200
Response: {"code":2000,"message":"nok","content":[{"referenceId":"2550235","message":"لم ينجاح","errorNo":"0"}]}
Response Time: 1ms
================================================================================

[2026-06-28 18:18:30.118] FAILURE | Serial: 2598394 | Error: nok | لم ينجاح

================================================================================
[2026-06-28 18:18:30.636] REQUEST
Method: POST
Endpoint: http://localhost:8081/api/GL/ImportJournal
Body: [{"docSerExternal":"2598395","branchNo":1,"docDate":"2026-04-27","docNo":null,"jvType":1,"amountLocal":4.2417,"referenceNo":"0","beneficiaryName":"","receiver":"","manualDocNo":"","description":"","addTerminalName":"1","details":[{"docDueDate":"2026-04-27","accountCode":"4111010001","accountCodeDtl":"100062","accountCodeDtlSub":"","currencyCode":"SAR","exchangeRate":0,"drOrCr":1,"amountLocal":4.878,"amountForeign":0,"costCenterCode":"101062","chequeNo":"0","referenceNo":"0","billNo":"","billSer"...
Status: 200
Response: {"code":2000,"message":"nok","content":[{"referenceId":"2550235","message":"لم ينجاح","errorNo":"0"}]}
Response Time: 1ms
================================================================================

[2026-06-28 18:18:30.638] FAILURE | Serial: 2598395 | Error: nok | لم ينجاح

================================================================================
[2026-06-28 18:18:31.145] REQUEST
Method: POST
Endpoint: http://localhost:8081/api/GL/ImportJournal
Body: [{"docSerExternal":"2598401","branchNo":1,"docDate":"2026-04-27","docNo":null,"jvType":1,"amountLocal":160.34,"referenceNo":"0","beneficiaryName":"","receiver":"","manualDocNo":"","description":"","addTerminalName":"1","details":[{"docDueDate":"2026-04-27","accountCode":"214310001","accountCodeDtl":"100070","accountCodeDtlSub":"","currencyCode":"SAR","exchangeRate":0,"drOrCr":1,"amountLocal":184.391,"amountForeign":0,"costCenterCode":null,"chequeNo":"0","referenceNo":"0","billNo":"","billSer":""...
Status: 200
Response: {"code":2000,"message":"nok","content":[{"referenceId":"2550235","message":"لم ينجاح","errorNo":"0"}]}
Response Time: 1ms
================================================================================

[2026-06-28 18:18:31.147] FAILURE | Serial: 2598401 | Error: nok | لم ينجاح

================================================================================
[2026-06-28 18:18:31.664] REQUEST
Method: POST
Endpoint: http://localhost:8081/api/GL/ImportJournal
Body: [{"docSerExternal":"2598402","branchNo":1,"docDate":"2026-04-27","docNo":null,"jvType":1,"amountLocal":4.0085,"referenceNo":"0","beneficiaryName":"","receiver":"","manualDocNo":"","description":"","addTerminalName":"1","details":[{"docDueDate":"2026-04-27","accountCode":"4111010001","accountCodeDtl":"100070","accountCodeDtlSub":"","currencyCode":"SAR","exchangeRate":0,"drOrCr":1,"amountLocal":4.6098,"amountForeign":0,"costCenterCode":"101070","chequeNo":"0","referenceNo":"0","billNo":"","billSer...
Status: 200
Response: {"code":2000,"message":"nok","content":[{"referenceId":"2550235","message":"لم ينجاح","errorNo":"0"}]}
Response Time: 1ms
================================================================================

[2026-06-28 18:18:31.666] FAILURE | Serial: 2598402 | Error: nok | لم ينجاح

================================================================================
[2026-06-28 18:18:32.186] REQUEST
Method: POST
Endpoint: http://localhost:8081/api/GL/ImportJournal
Body: [{"docSerExternal":"2598410","branchNo":1,"docDate":"2026-04-27","docNo":null,"jvType":1,"amountLocal":195.12,"referenceNo":"0","beneficiaryName":"","receiver":"","manualDocNo":"","description":"","addTerminalName":"1","details":[{"docDueDate":"2026-04-27","accountCode":"214310001","accountCodeDtl":"100036","accountCodeDtlSub":"","currencyCode":"SAR","exchangeRate":0,"drOrCr":1,"amountLocal":224.388,"amountForeign":0,"costCenterCode":null,"chequeNo":"0","referenceNo":"0","billNo":"","billSer":""...
Status: 200
Response: {"code":2000,"message":"nok","content":[{"referenceId":"2550235","message":"لم ينجاح","errorNo":"0"}]}
Response Time: 1ms
================================================================================

[2026-06-28 18:18:32.188] FAILURE | Serial: 2598410 | Error: nok | لم ينجاح

================================================================================
[2026-06-28 18:18:32.806] REQUEST
Method: POST
Endpoint: http://localhost:8081/api/GL/ImportJournal
Body: [{"docSerExternal":"2598411","branchNo":1,"docDate":"2026-04-27","docNo":null,"jvType":1,"amountLocal":4.878,"referenceNo":"0","beneficiaryName":"","receiver":"","manualDocNo":"","description":"","addTerminalName":"1","details":[{"docDueDate":"2026-04-27","accountCode":"4111010001","accountCodeDtl":"100036","accountCodeDtlSub":"","currencyCode":"SAR","exchangeRate":0,"drOrCr":1,"amountLocal":5.6097,"amountForeign":0,"costCenterCode":"101036","chequeNo":"0","referenceNo":"0","billNo":"","billSer"...
Status: 200
Response: {"code":2000,"message":"nok","content":[{"referenceId":"2550235","message":"لم ينجاح","errorNo":"0"}]}
Response Time: 1ms
================================================================================

[2026-06-28 18:18:32.808] FAILURE | Serial: 2598411 | Error: nok | لم ينجاح

================================================================================
[2026-06-28 18:18:33.384] REQUEST
Method: POST
Endpoint: http://localhost:8081/api/GL/ImportJournal
Body: [{"docSerExternal":"2598417","branchNo":1,"docDate":"2026-04-27","docNo":null,"jvType":1,"amountLocal":160.34,"referenceNo":"0","beneficiaryName":"","receiver":"","manualDocNo":"","description":"","addTerminalName":"1","details":[{"docDueDate":"2026-04-27","accountCode":"214310001","accountCodeDtl":"100034","accountCodeDtlSub":"","currencyCode":"SAR","exchangeRate":0,"drOrCr":1,"amountLocal":184.391,"amountForeign":0,"costCenterCode":null,"chequeNo":"0","referenceNo":"0","billNo":"","billSer":""...
Status: 200
Response: {"code":2000,"message":"nok","content":[{"referenceId":"2550235","message":"لم ينجاح","errorNo":"0"}]}
Response Time: 1ms
================================================================================

[2026-06-28 18:18:33.386] FAILURE | Serial: 2598417 | Error: nok | لم ينجاح

================================================================================
[2026-06-28 18:18:33.935] REQUEST
Method: POST
Endpoint: http://localhost:8081/api/GL/ImportJournal
Body: [{"docSerExternal":"2598418","branchNo":1,"docDate":"2026-04-27","docNo":null,"jvType":1,"amountLocal":4.0085,"referenceNo":"0","beneficiaryName":"","receiver":"","manualDocNo":"","description":"","addTerminalName":"1","details":[{"docDueDate":"2026-04-27","accountCode":"4111010001","accountCodeDtl":"100034","accountCodeDtlSub":"","currencyCode":"SAR","exchangeRate":0,"drOrCr":1,"amountLocal":4.6098,"amountForeign":0,"costCenterCode":"101034","chequeNo":"0","referenceNo":"0","billNo":"","billSer...
Status: 200
Response: {"code":2000,"message":"nok","content":[{"referenceId":"2550235","message":"لم ينجاح","errorNo":"0"}]}
Response Time: 1ms
================================================================================

[2026-06-28 18:18:33.937] FAILURE | Serial: 2598418 | Error: nok | لم ينجاح

================================================================================
[2026-06-28 18:18:34.474] REQUEST
Method: POST
Endpoint: http://localhost:8081/api/GL/ImportJournal
Body: [{"docSerExternal":"2598420","branchNo":1,"docDate":"2026-04-27","docNo":null,"jvType":1,"amountLocal":160.34,"referenceNo":"0","beneficiaryName":"","receiver":"","manualDocNo":"","description":"","addTerminalName":"1","details":[{"docDueDate":"2026-04-27","accountCode":"214310001","accountCodeDtl":"100049","accountCodeDtlSub":"","currencyCode":"SAR","exchangeRate":0,"drOrCr":1,"amountLocal":184.391,"amountForeign":0,"costCenterCode":"101049","chequeNo":"0","referenceNo":"0","billNo":"","billSer...
Status: 200
Response: {"code":2000,"message":"nok","content":[{"referenceId":"2550235","message":"لم ينجاح","errorNo":"0"}]}
Response Time: 1ms
================================================================================

[2026-06-28 18:18:34.476] FAILURE | Serial: 2598420 | Error: nok | لم ينجاح

================================================================================
[2026-06-28 18:18:35.004] REQUEST
Method: POST
Endpoint: http://localhost:8081/api/GL/ImportJournal
Body: [{"docSerExternal":"2598421","branchNo":1,"docDate":"2026-04-27","docNo":null,"jvType":1,"amountLocal":4.0085,"referenceNo":"0","beneficiaryName":"","receiver":"","manualDocNo":"","description":"","addTerminalName":"1","details":[{"docDueDate":"2026-04-27","accountCode":"4111010001","accountCodeDtl":"100049","accountCodeDtlSub":"","currencyCode":"SAR","exchangeRate":0,"drOrCr":1,"amountLocal":4.6098,"amountForeign":0,"costCenterCode":"101049","chequeNo":"0","referenceNo":"0","billNo":"","billSer...
Status: 200
Response: {"code":2000,"message":"nok","content":[{"referenceId":"2550235","message":"لم ينجاح","errorNo":"0"}]}
Response Time: 1ms
================================================================================

[2026-06-28 18:18:35.007] FAILURE | Serial: 2598421 | Error: nok | لم ينجاح

================================================================================
[2026-06-28 18:49:24.194] REQUEST
Method: POST
Endpoint: http://localhost:8081/api/Auth/login
Body: {"userId":"1","password":"1"}
Status: 200
Response: {"token":"HARDCODED_TEST_TOKEN_12345"}
Response Time: 111ms
================================================================================


================================================================================
[2026-06-28 18:49:24.317] REQUEST
Method: POST
Endpoint: http://localhost:8081/api/GL/ImportJournal
Body: [{"docSerExternal":"2598425","branchNo":1,"docDate":"2026-04-27","docNo":null,"jvType":1,"amountLocal":157.79,"referenceNo":"0","beneficiaryName":"","receiver":"","manualDocNo":"","description":"","addTerminalName":"1","details":[{"docDueDate":"2026-04-27","accountCode":"214310001","accountCodeDtl":"100009","accountCodeDtlSub":"","currencyCode":"SAR","exchangeRate":0,"drOrCr":1,"amountLocal":181.4585,"amountForeign":0,"costCenterCode":"101009","chequeNo":"0","referenceNo":"0","billNo":"","billSe...
Status: 200
Response: {"code":2000,"message":"nok","content":[{"referenceId":"2550235","message":"لم ينجاح","errorNo":"0"}]}
Response Time: 4ms
================================================================================

[2026-06-28 18:49:24.326] FAILURE | Serial: 2598425 | Error: nok | لم ينجاح

================================================================================
[2026-06-28 18:49:49.252] REQUEST
Method: POST
Endpoint: http://localhost:8081/api/GL/ImportJournal
Body: [{"docSerExternal":"2598426","branchNo":1,"docDate":"2026-04-27","docNo":null,"jvType":1,"amountLocal":3.9447,"referenceNo":"0","beneficiaryName":"","receiver":"","manualDocNo":"","description":"","addTerminalName":"1","details":[{"docDueDate":"2026-04-27","accountCode":"4111010001","accountCodeDtl":"100009","accountCodeDtlSub":"","currencyCode":"SAR","exchangeRate":0,"drOrCr":1,"amountLocal":4.5364,"amountForeign":0,"costCenterCode":"101009","chequeNo":"0","referenceNo":"0","billNo":"","billSer...
Status: 200
Response: {"code":2000,"message":"nok","content":[{"referenceId":"2550235","message":"لم ينجاح","errorNo":"0"}]}
Response Time: 7ms
================================================================================

[2026-06-28 18:49:49.262] FAILURE | Serial: 2598426 | Error: nok | لم ينجاح

================================================================================
[2026-06-28 18:50:08.746] REQUEST
Method: POST
Endpoint: http://localhost:8081/api/GL/ImportJournal
Body: [{"docSerExternal":"2598430","branchNo":1,"docDate":"2026-04-27","docNo":null,"jvType":1,"amountLocal":157.79,"referenceNo":"0","beneficiaryName":"","receiver":"","manualDocNo":"","description":"","addTerminalName":"1","details":[{"docDueDate":"2026-04-27","accountCode":"214310001","accountCodeDtl":"100007","accountCodeDtlSub":"","currencyCode":"SAR","exchangeRate":0,"drOrCr":1,"amountLocal":181.4585,"amountForeign":0,"costCenterCode":"101007","chequeNo":"0","referenceNo":"0","billNo":"","billSe...
Status: 200
Response: {"code":2000,"message":"nok","content":[{"referenceId":"2550235","message":"لم ينجاح","errorNo":"0"}]}
Response Time: 3ms
================================================================================

[2026-06-28 18:50:08.751] FAILURE | Serial: 2598430 | Error: nok | لم ينجاح

================================================================================
[2026-06-28 18:50:12.123] REQUEST
Method: POST
Endpoint: http://localhost:8081/api/GL/ImportJournal
Body: [{"docSerExternal":"2598431","branchNo":1,"docDate":"2026-04-27","docNo":null,"jvType":1,"amountLocal":3.9447,"referenceNo":"0","beneficiaryName":"","receiver":"","manualDocNo":"","description":"","addTerminalName":"1","details":[{"docDueDate":"2026-04-27","accountCode":"4111010001","accountCodeDtl":"100007","accountCodeDtlSub":"","currencyCode":"SAR","exchangeRate":0,"drOrCr":1,"amountLocal":4.5364,"amountForeign":0,"costCenterCode":"101007","chequeNo":"0","referenceNo":"0","billNo":"","billSer...
Status: 200
Response: {"code":2000,"message":"nok","content":[{"referenceId":"2550235","message":"لم ينجاح","errorNo":"0"}]}
Response Time: 2ms
================================================================================

[2026-06-28 18:50:12.126] FAILURE | Serial: 2598431 | Error: nok | لم ينجاح

================================================================================
[2026-06-28 18:50:14.931] REQUEST
Method: POST
Endpoint: http://localhost:8081/api/GL/ImportJournal
Body: [{"docSerExternal":"2598432","branchNo":1,"docDate":"2026-04-27","docNo":null,"jvType":1,"amountLocal":169.67,"referenceNo":"0","beneficiaryName":"","receiver":"","manualDocNo":"","description":"","addTerminalName":"1","details":[{"docDueDate":"2026-04-27","accountCode":"214310001","accountCodeDtl":"100061","accountCodeDtlSub":"","currencyCode":"SAR","exchangeRate":0,"drOrCr":1,"amountLocal":195.1205,"amountForeign":0,"costCenterCode":null,"chequeNo":"0","referenceNo":"0","billNo":"","billSer":"...
Status: 200
Response: {"code":2000,"message":"nok","content":[{"referenceId":"2550235","message":"لم ينجاح","errorNo":"0"}]}
Response Time: 2ms
================================================================================

[2026-06-28 18:50:14.934] FAILURE | Serial: 2598432 | Error: nok | لم ينجاح

================================================================================
[2026-06-28 18:50:21.579] REQUEST
Method: POST
Endpoint: http://localhost:8081/api/GL/ImportJournal
Body: [{"docSerExternal":"2598433","branchNo":1,"docDate":"2026-04-27","docNo":null,"jvType":1,"amountLocal":4.2417,"referenceNo":"0","beneficiaryName":"","receiver":"","manualDocNo":"","description":"","addTerminalName":"1","details":[{"docDueDate":"2026-04-27","accountCode":"4111010001","accountCodeDtl":"100061","accountCodeDtlSub":"","currencyCode":"SAR","exchangeRate":0,"drOrCr":1,"amountLocal":4.878,"amountForeign":0,"costCenterCode":"101061","chequeNo":"0","referenceNo":"0","billNo":"","billSer"...

================================================================================
[2026-06-28 18:53:52.759] REQUEST
Method: POST
Endpoint: http://localhost:8081/api/GL/ImportJournal
Body: [{"docSerExternal":"2598425","branchNo":1,"docDate":"2026-04-27","docNo":null,"jvType":1,"amountLocal":157.79,"referenceNo":"0","beneficiaryName":"","receiver":"","manualDocNo":"","description":"","addTerminalName":"1","details":[{"docDueDate":"2026-04-27","accountCode":"214310001","accountCodeDtl":"100009","accountCodeDtlSub":"","currencyCode":"SAR","exchangeRate":0,"drOrCr":1,"amountLocal":181.4585,"amountForeign":0,"costCenterCode":"101009","chequeNo":"0","referenceNo":"0","billNo":"","billSe...
Status: 200
Response: {"code":2000,"message":"nok","content":[{"referenceId":"2550235","message":"لم ينجاح","errorNo":"0"}]}
Response Time: 32ms
================================================================================

[2026-06-28 18:53:52.792] FAILURE | Serial: 2598425 | Error: nok | لم ينجاح

================================================================================
[2026-06-28 18:54:39.923] REQUEST
Method: POST
Endpoint: http://localhost:8081/api/GL/ImportJournal
Body: [{"docSerExternal":"2598426","branchNo":1,"docDate":"2026-04-27","docNo":null,"jvType":1,"amountLocal":3.9447,"referenceNo":"0","beneficiaryName":"","receiver":"","manualDocNo":"","description":"","addTerminalName":"1","details":[{"docDueDate":"2026-04-27","accountCode":"4111010001","accountCodeDtl":"100009","accountCodeDtlSub":"","currencyCode":"SAR","exchangeRate":0,"drOrCr":1,"amountLocal":4.5364,"amountForeign":0,"costCenterCode":"101009","chequeNo":"0","referenceNo":"0","billNo":"","billSer...
Status: 200
Response: {"code":2000,"message":"nok","content":[{"referenceId":"2550235","message":"لم ينجاح","errorNo":"0"}]}
Response Time: 4ms
================================================================================

[2026-06-28 18:54:39.928] FAILURE | Serial: 2598426 | Error: nok | لم ينجاح

================================================================================
[2026-06-28 18:55:00.474] REQUEST
Method: POST
Endpoint: http://localhost:8081/api/GL/ImportJournal
Body: [{"docSerExternal":"2598430","branchNo":1,"docDate":"2026-04-27","docNo":null,"jvType":1,"amountLocal":157.79,"referenceNo":"0","beneficiaryName":"","receiver":"","manualDocNo":"","description":"","addTerminalName":"1","details":[{"docDueDate":"2026-04-27","accountCode":"214310001","accountCodeDtl":"100007","accountCodeDtlSub":"","currencyCode":"SAR","exchangeRate":0,"drOrCr":1,"amountLocal":181.4585,"amountForeign":0,"costCenterCode":"101007","chequeNo":"0","referenceNo":"0","billNo":"","billSe...
Status: 200
Response: {"code":2000,"message":"nok","content":[{"referenceId":"2550235","message":"لم ينجاح","errorNo":"0"}]}
Response Time: 6ms
================================================================================

[2026-06-28 18:55:00.482] FAILURE | Serial: 2598430 | Error: nok | لم ينجاح

================================================================================
[2026-06-28 18:55:18.959] REQUEST
Method: POST
Endpoint: http://localhost:8081/api/GL/ImportJournal
Body: [{"docSerExternal":"2598431","branchNo":1,"docDate":"2026-04-27","docNo":null,"jvType":1,"amountLocal":3.9447,"referenceNo":"0","beneficiaryName":"","receiver":"","manualDocNo":"","description":"","addTerminalName":"1","details":[{"docDueDate":"2026-04-27","accountCode":"4111010001","accountCodeDtl":"100007","accountCodeDtlSub":"","currencyCode":"SAR","exchangeRate":0,"drOrCr":1,"amountLocal":4.5364,"amountForeign":0,"costCenterCode":"101007","chequeNo":"0","referenceNo":"0","billNo":"","billSer...

================================================================================
[2026-06-28 18:57:00.817] REQUEST
Method: POST
Endpoint: http://localhost:8081/api/Auth/login
Body: {"userId":"1","password":"1"}
Status: 200
Response: {"token":"HARDCODED_TEST_TOKEN_12345"}
Response Time: 68ms
================================================================================


================================================================================
[2026-06-28 18:57:00.895] REQUEST
Method: POST
Endpoint: http://localhost:8081/api/GL/ImportJournal
Body: [{"docSerExternal":"2598425","branchNo":1,"docDate":"2026-04-27","docNo":null,"jvType":1,"amountLocal":157.79,"referenceNo":"0","beneficiaryName":"","receiver":"","manualDocNo":"","description":"","addTerminalName":"1","details":[{"docDueDate":"2026-04-27","accountCode":"214310001","accountCodeDtl":"100009","accountCodeDtlSub":"","currencyCode":"SAR","exchangeRate":0,"drOrCr":1,"amountLocal":181.4585,"amountForeign":0,"costCenterCode":"101009","chequeNo":"0","referenceNo":"0","billNo":"","billSe...
Status: 200
Response: {"code":2000,"message":"nok","content":[{"referenceId":"2550235","message":"لم ينجاح","errorNo":"0"}]}
Response Time: 2ms
================================================================================

[2026-06-28 18:57:00.901] FAILURE | Serial: 2598425 | Error: nok | لم ينجاح

================================================================================
[2026-06-28 18:57:21.385] REQUEST
Method: POST
Endpoint: http://localhost:8081/api/GL/ImportJournal
Body: [{"docSerExternal":"2598426","branchNo":1,"docDate":"2026-04-27","docNo":null,"jvType":1,"amountLocal":3.9447,"referenceNo":"0","beneficiaryName":"","receiver":"","manualDocNo":"","description":"","addTerminalName":"1","details":[{"docDueDate":"2026-04-27","accountCode":"4111010001","accountCodeDtl":"100009","accountCodeDtlSub":"","currencyCode":"SAR","exchangeRate":0,"drOrCr":1,"amountLocal":4.5364,"amountForeign":0,"costCenterCode":"101009","chequeNo":"0","referenceNo":"0","billNo":"","billSer...
Status: 200
Response: {"code":2000,"message":"nok","content":[{"referenceId":"2550235","message":"لم ينجاح","errorNo":"0"}]}
Response Time: 4ms
================================================================================

[2026-06-28 18:57:21.391] FAILURE | Serial: 2598426 | Error: nok | لم ينجاح

================================================================================
[2026-06-28 18:57:55.686] REQUEST
Method: POST
Endpoint: http://localhost:8081/api/GL/ImportJournal
Body: [{"docSerExternal":"2598430","branchNo":1,"docDate":"2026-04-27","docNo":null,"jvType":1,"amountLocal":157.79,"referenceNo":"0","beneficiaryName":"","receiver":"","manualDocNo":"","description":"","addTerminalName":"1","details":[{"docDueDate":"2026-04-27","accountCode":"214310001","accountCodeDtl":"100007","accountCodeDtlSub":"","currencyCode":"SAR","exchangeRate":0,"drOrCr":1,"amountLocal":181.4585,"amountForeign":0,"costCenterCode":"101007","chequeNo":"0","referenceNo":"0","billNo":"","billSe...
Status: 200
Response: {"code":2000,"message":"nok","content":[{"referenceId":"2550235","message":"لم ينجاح","errorNo":"0"}]}
Response Time: 5ms
================================================================================

[2026-06-28 18:57:55.691] FAILURE | Serial: 2598430 | Error: nok | لم ينجاح

================================================================================
[2026-06-28 18:57:59.363] REQUEST
Method: POST
Endpoint: http://localhost:8081/api/GL/ImportJournal
Body: [{"docSerExternal":"2598431","branchNo":1,"docDate":"2026-04-27","docNo":null,"jvType":1,"amountLocal":3.9447,"referenceNo":"0","beneficiaryName":"","receiver":"","manualDocNo":"","description":"","addTerminalName":"1","details":[{"docDueDate":"2026-04-27","accountCode":"4111010001","accountCodeDtl":"100007","accountCodeDtlSub":"","currencyCode":"SAR","exchangeRate":0,"drOrCr":1,"amountLocal":4.5364,"amountForeign":0,"costCenterCode":"101007","chequeNo":"0","referenceNo":"0","billNo":"","billSer...
Status: 200
Response: {"code":2000,"message":"nok","content":[{"referenceId":"2550235","message":"لم ينجاح","errorNo":"0"}]}
Response Time: 3ms
================================================================================

[2026-06-28 18:57:59.368] FAILURE | Serial: 2598431 | Error: nok | لم ينجاح

================================================================================
[2026-06-28 18:58:03.050] REQUEST
Method: POST
Endpoint: http://localhost:8081/api/GL/ImportJournal
Body: [{"docSerExternal":"2598432","branchNo":1,"docDate":"2026-04-27","docNo":null,"jvType":1,"amountLocal":169.67,"referenceNo":"0","beneficiaryName":"","receiver":"","manualDocNo":"","description":"","addTerminalName":"1","details":[{"docDueDate":"2026-04-27","accountCode":"214310001","accountCodeDtl":"100061","accountCodeDtlSub":"","currencyCode":"SAR","exchangeRate":0,"drOrCr":1,"amountLocal":195.1205,"amountForeign":0,"costCenterCode":null,"chequeNo":"0","referenceNo":"0","billNo":"","billSer":"...

================================================================================
[2026-06-28 18:59:36.582] REQUEST
Method: POST
Endpoint: http://localhost:8081/api/Auth/login
Body: {"userId":"1","password":"1"}
Status: 200
Response: {"token":"HARDCODED_TEST_TOKEN_12345"}
Response Time: 66ms
================================================================================


================================================================================
[2026-06-28 18:59:36.653] REQUEST
Method: POST
Endpoint: http://localhost:8081/api/GL/ImportJournal
Body: [{"docSerExternal":"2598425","branchNo":1,"docDate":"2026-04-27","docNo":null,"jvType":1,"amountLocal":157.79,"referenceNo":"0","beneficiaryName":"","receiver":"","manualDocNo":"","description":"","addTerminalName":"1","details":[{"docDueDate":"2026-04-27","accountCode":"214310001","accountCodeDtl":"100009","accountCodeDtlSub":"","currencyCode":"SAR","exchangeRate":0,"drOrCr":1,"amountLocal":181.4585,"amountForeign":0,"costCenterCode":"101009","chequeNo":"0","referenceNo":"0","billNo":"","billSe...
Status: 200
Response: {"code":2000,"message":"nok","content":[{"referenceId":"2550235","message":"لم ينجاح","errorNo":"0"}]}
Response Time: 3ms
================================================================================

[2026-06-28 18:59:36.659] FAILURE | Serial: 2598425 | Error: nok | لم ينجاح

================================================================================
[2026-06-28 18:59:38.184] REQUEST
Method: POST
Endpoint: http://localhost:8081/api/GL/ImportJournal
Body: [{"docSerExternal":"2598426","branchNo":1,"docDate":"2026-04-27","docNo":null,"jvType":1,"amountLocal":3.9447,"referenceNo":"0","beneficiaryName":"","receiver":"","manualDocNo":"","description":"","addTerminalName":"1","details":[{"docDueDate":"2026-04-27","accountCode":"4111010001","accountCodeDtl":"100009","accountCodeDtlSub":"","currencyCode":"SAR","exchangeRate":0,"drOrCr":1,"amountLocal":4.5364,"amountForeign":0,"costCenterCode":"101009","chequeNo":"0","referenceNo":"0","billNo":"","billSer...
Status: 200
Response: {"code":2000,"message":"nok","content":[{"referenceId":"2550235","message":"لم ينجاح","errorNo":"0"}]}
Response Time: 2ms
================================================================================

[2026-06-28 18:59:38.188] FAILURE | Serial: 2598426 | Error: nok | لم ينجاح

================================================================================
[2026-06-28 18:59:39.682] REQUEST
Method: POST
Endpoint: http://localhost:8081/api/GL/ImportJournal
Body: [{"docSerExternal":"2598430","branchNo":1,"docDate":"2026-04-27","docNo":null,"jvType":1,"amountLocal":157.79,"referenceNo":"0","beneficiaryName":"","receiver":"","manualDocNo":"","description":"","addTerminalName":"1","details":[{"docDueDate":"2026-04-27","accountCode":"214310001","accountCodeDtl":"100007","accountCodeDtlSub":"","currencyCode":"SAR","exchangeRate":0,"drOrCr":1,"amountLocal":181.4585,"amountForeign":0,"costCenterCode":"101007","chequeNo":"0","referenceNo":"0","billNo":"","billSe...
Status: 200
Response: {"code":2000,"message":"nok","content":[{"referenceId":"2550235","message":"لم ينجاح","errorNo":"0"}]}
Response Time: 2ms
================================================================================

[2026-06-28 18:59:39.685] FAILURE | Serial: 2598430 | Error: nok | لم ينجاح

================================================================================
[2026-06-28 18:59:41.188] REQUEST
Method: POST
Endpoint: http://localhost:8081/api/GL/ImportJournal
Body: [{"docSerExternal":"2598431","branchNo":1,"docDate":"2026-04-27","docNo":null,"jvType":1,"amountLocal":3.9447,"referenceNo":"0","beneficiaryName":"","receiver":"","manualDocNo":"","description":"","addTerminalName":"1","details":[{"docDueDate":"2026-04-27","accountCode":"4111010001","accountCodeDtl":"100007","accountCodeDtlSub":"","currencyCode":"SAR","exchangeRate":0,"drOrCr":1,"amountLocal":4.5364,"amountForeign":0,"costCenterCode":"101007","chequeNo":"0","referenceNo":"0","billNo":"","billSer...
Status: 200
Response: {"code":2000,"message":"nok","content":[{"referenceId":"2550235","message":"لم ينجاح","errorNo":"0"}]}
Response Time: 2ms
================================================================================

[2026-06-28 18:59:41.191] FAILURE | Serial: 2598431 | Error: nok | لم ينجاح

================================================================================
[2026-06-28 18:59:42.878] REQUEST
Method: POST
Endpoint: http://localhost:8081/api/GL/ImportJournal
Body: [{"docSerExternal":"2598432","branchNo":1,"docDate":"2026-04-27","docNo":null,"jvType":1,"amountLocal":169.67,"referenceNo":"0","beneficiaryName":"","receiver":"","manualDocNo":"","description":"","addTerminalName":"1","details":[{"docDueDate":"2026-04-27","accountCode":"214310001","accountCodeDtl":"100061","accountCodeDtlSub":"","currencyCode":"SAR","exchangeRate":0,"drOrCr":1,"amountLocal":195.1205,"amountForeign":0,"costCenterCode":null,"chequeNo":"0","referenceNo":"0","billNo":"","billSer":"...
Status: 200
Response: {"code":2000,"message":"nok","content":[{"referenceId":"2550235","message":"لم ينجاح","errorNo":"0"}]}
Response Time: 1ms
================================================================================

[2026-06-28 18:59:42.881] FAILURE | Serial: 2598432 | Error: nok | لم ينجاح

================================================================================
[2026-06-28 18:59:44.497] REQUEST
Method: POST
Endpoint: http://localhost:8081/api/GL/ImportJournal
Body: [{"docSerExternal":"2598433","branchNo":1,"docDate":"2026-04-27","docNo":null,"jvType":1,"amountLocal":4.2417,"referenceNo":"0","beneficiaryName":"","receiver":"","manualDocNo":"","description":"","addTerminalName":"1","details":[{"docDueDate":"2026-04-27","accountCode":"4111010001","accountCodeDtl":"100061","accountCodeDtlSub":"","currencyCode":"SAR","exchangeRate":0,"drOrCr":1,"amountLocal":4.878,"amountForeign":0,"costCenterCode":"101061","chequeNo":"0","referenceNo":"0","billNo":"","billSer"...
Status: 200
Response: {"code":2000,"message":"nok","content":[{"referenceId":"2550235","message":"لم ينجاح","errorNo":"0"}]}
Response Time: 2ms
================================================================================

[2026-06-28 18:59:44.501] FAILURE | Serial: 2598433 | Error: nok | لم ينجاح

================================================================================
[2026-06-28 18:59:46.054] REQUEST
Method: POST
Endpoint: http://localhost:8081/api/GL/ImportJournal
Body: [{"docSerExternal":"2598435","branchNo":1,"docDate":"2026-04-27","docNo":null,"jvType":1,"amountLocal":152.7,"referenceNo":"0","beneficiaryName":"","receiver":"","manualDocNo":"","description":"","addTerminalName":"1","details":[{"docDueDate":"2026-04-27","accountCode":"214310001","accountCodeDtl":"100072","accountCodeDtlSub":"","currencyCode":"SAR","exchangeRate":0,"drOrCr":1,"amountLocal":175.605,"amountForeign":0,"costCenterCode":null,"chequeNo":"0","referenceNo":"0","billNo":"","billSer":"",...
Status: 200
Response: {"code":2000,"message":"nok","content":[{"referenceId":"2550235","message":"لم ينجاح","errorNo":"0"}]}
Response Time: 2ms
================================================================================

[2026-06-28 18:59:46.057] FAILURE | Serial: 2598435 | Error: nok | لم ينجاح

================================================================================
[2026-06-28 18:59:47.626] REQUEST
Method: POST
Endpoint: http://localhost:8081/api/GL/ImportJournal
Body: [{"docSerExternal":"2598436","branchNo":1,"docDate":"2026-04-27","docNo":null,"jvType":1,"amountLocal":3.8175,"referenceNo":"0","beneficiaryName":"","receiver":"","manualDocNo":"","description":"","addTerminalName":"1","details":[{"docDueDate":"2026-04-27","accountCode":"4111010001","accountCodeDtl":"100072","accountCodeDtlSub":"","currencyCode":"SAR","exchangeRate":0,"drOrCr":1,"amountLocal":4.3901,"amountForeign":0,"costCenterCode":"101072","chequeNo":"0","referenceNo":"0","billNo":"","billSer...
Status: 200
Response: {"code":2000,"message":"nok","content":[{"referenceId":"2550235","message":"لم ينجاح","errorNo":"0"}]}
Response Time: 3ms
================================================================================

[2026-06-28 18:59:47.630] FAILURE | Serial: 2598436 | Error: nok | لم ينجاح

================================================================================
[2026-06-28 18:59:49.171] REQUEST
Method: POST
Endpoint: http://localhost:8081/api/GL/ImportJournal
Body: [{"docSerExternal":"2598438","branchNo":1,"docDate":"2026-04-27","docNo":null,"jvType":1,"amountLocal":157.79,"referenceNo":"0","beneficiaryName":"","receiver":"","manualDocNo":"","description":"","addTerminalName":"1","details":[{"docDueDate":"2026-04-27","accountCode":"214310001","accountCodeDtl":"100012","accountCodeDtlSub":"","currencyCode":"SAR","exchangeRate":0,"drOrCr":1,"amountLocal":181.4585,"amountForeign":0,"costCenterCode":"101012","chequeNo":"0","referenceNo":"0","billNo":"","billSe...
Status: 200
Response: {"code":2000,"message":"nok","content":[{"referenceId":"2550235","message":"لم ينجاح","errorNo":"0"}]}
Response Time: 2ms
================================================================================

[2026-06-28 18:59:49.174] FAILURE | Serial: 2598438 | Error: nok | لم ينجاح

================================================================================
[2026-06-28 18:59:50.749] REQUEST
Method: POST
Endpoint: http://localhost:8081/api/GL/ImportJournal
Body: [{"docSerExternal":"2598439","branchNo":1,"docDate":"2026-04-27","docNo":null,"jvType":1,"amountLocal":3.9447,"referenceNo":"0","beneficiaryName":"","receiver":"","manualDocNo":"","description":"","addTerminalName":"1","details":[{"docDueDate":"2026-04-27","accountCode":"4111010001","accountCodeDtl":"100012","accountCodeDtlSub":"","currencyCode":"SAR","exchangeRate":0,"drOrCr":1,"amountLocal":4.5364,"amountForeign":0,"costCenterCode":"101012","chequeNo":"0","referenceNo":"0","billNo":"","billSer...
Status: 200
Response: {"code":2000,"message":"nok","content":[{"referenceId":"2550235","message":"لم ينجاح","errorNo":"0"}]}
Response Time: 1ms
================================================================================

[2026-06-28 18:59:50.751] FAILURE | Serial: 2598439 | Error: nok | لم ينجاح

================================================================================
[2026-06-28 18:59:52.302] REQUEST
Method: POST
Endpoint: http://localhost:8081/api/GL/ImportJournal
Body: [{"docSerExternal":"2598441","branchNo":1,"docDate":"2026-04-27","docNo":null,"jvType":1,"amountLocal":169.67,"referenceNo":"0","beneficiaryName":"","receiver":"","manualDocNo":"","description":"","addTerminalName":"1","details":[{"docDueDate":"2026-04-27","accountCode":"214310001","accountCodeDtl":"100021","accountCodeDtlSub":"","currencyCode":"SAR","exchangeRate":0,"drOrCr":1,"amountLocal":195.1205,"amountForeign":0,"costCenterCode":null,"chequeNo":"0","referenceNo":"0","billNo":"","billSer":"...
Status: 200
Response: {"code":2000,"message":"nok","content":[{"referenceId":"2550235","message":"لم ينجاح","errorNo":"0"}]}
Response Time: 2ms
================================================================================

[2026-06-28 18:59:52.306] FAILURE | Serial: 2598441 | Error: nok | لم ينجاح

================================================================================
[2026-06-28 18:59:53.860] REQUEST
Method: POST
Endpoint: http://localhost:8081/api/GL/ImportJournal
Body: [{"docSerExternal":"2598442","branchNo":1,"docDate":"2026-04-27","docNo":null,"jvType":1,"amountLocal":4.2417,"referenceNo":"0","beneficiaryName":"","receiver":"","manualDocNo":"","description":"","addTerminalName":"1","details":[{"docDueDate":"2026-04-27","accountCode":"4111010001","accountCodeDtl":"100021","accountCodeDtlSub":"","currencyCode":"SAR","exchangeRate":0,"drOrCr":1,"amountLocal":4.878,"amountForeign":0,"costCenterCode":"101021","chequeNo":"0","referenceNo":"0","billNo":"","billSer"...
Status: 200
Response: {"code":2000,"message":"nok","content":[{"referenceId":"2550235","message":"لم ينجاح","errorNo":"0"}]}
Response Time: 2ms
================================================================================

[2026-06-28 18:59:53.863] FAILURE | Serial: 2598442 | Error: nok | لم ينجاح

================================================================================
[2026-06-28 18:59:55.427] REQUEST
Method: POST
Endpoint: http://localhost:8081/api/GL/ImportJournal
Body: [{"docSerExternal":"2598443","branchNo":1,"docDate":"2026-04-27","docNo":null,"jvType":1,"amountLocal":169.67,"referenceNo":"0","beneficiaryName":"","receiver":"","manualDocNo":"","description":"","addTerminalName":"1","details":[{"docDueDate":"2026-04-27","accountCode":"214310001","accountCodeDtl":"100008","accountCodeDtlSub":"","currencyCode":"SAR","exchangeRate":0,"drOrCr":1,"amountLocal":195.1205,"amountForeign":0,"costCenterCode":"101008","chequeNo":"0","referenceNo":"0","billNo":"","billSe...
Status: 200
Response: {"code":2000,"message":"nok","content":[{"referenceId":"2550235","message":"لم ينجاح","errorNo":"0"}]}
Response Time: 2ms
================================================================================

[2026-06-28 18:59:55.429] FAILURE | Serial: 2598443 | Error: nok | لم ينجاح

================================================================================
[2026-06-28 18:59:56.989] REQUEST
Method: POST
Endpoint: http://localhost:8081/api/GL/ImportJournal
Body: [{"docSerExternal":"2598444","branchNo":1,"docDate":"2026-04-27","docNo":null,"jvType":1,"amountLocal":154.4,"referenceNo":"0","beneficiaryName":"","receiver":"","manualDocNo":"","description":"","addTerminalName":"1","details":[{"docDueDate":"2026-04-27","accountCode":"214310001","accountCodeDtl":"100066","accountCodeDtlSub":"","currencyCode":"SAR","exchangeRate":0,"drOrCr":1,"amountLocal":177.56,"amountForeign":0,"costCenterCode":null,"chequeNo":"0","referenceNo":"0","billNo":"","billSer":"","...
Status: 200
Response: {"code":2000,"message":"nok","content":[{"referenceId":"2550235","message":"لم ينجاح","errorNo":"0"}]}
Response Time: 1ms
================================================================================

[2026-06-28 18:59:56.991] FAILURE | Serial: 2598444 | Error: nok | لم ينجاح

================================================================================
[2026-06-28 18:59:58.548] REQUEST
Method: POST
Endpoint: http://localhost:8081/api/GL/ImportJournal
Body: [{"docSerExternal":"2598445","branchNo":1,"docDate":"2026-04-27","docNo":null,"jvType":1,"amountLocal":156.1,"referenceNo":"0","beneficiaryName":"","receiver":"","manualDocNo":"","description":"","addTerminalName":"1","details":[{"docDueDate":"2026-04-27","accountCode":"214310001","accountCodeDtl":"100076","accountCodeDtlSub":"","currencyCode":"SAR","exchangeRate":0,"drOrCr":1,"amountLocal":179.515,"amountForeign":0,"costCenterCode":null,"chequeNo":"0","referenceNo":"0","billNo":"","billSer":"",...
Status: 200
Response: {"code":2000,"message":"nok","content":[{"referenceId":"2550235","message":"لم ينجاح","errorNo":"0"}]}
Response Time: 2ms
================================================================================

[2026-06-28 18:59:58.551] FAILURE | Serial: 2598445 | Error: nok | لم ينجاح

================================================================================
[2026-06-28 19:00:00.141] REQUEST
Method: POST
Endpoint: http://localhost:8081/api/GL/ImportJournal
Body: [{"docSerExternal":"2598446","branchNo":1,"docDate":"2026-04-27","docNo":null,"jvType":1,"amountLocal":169.67,"referenceNo":"0","beneficiaryName":"","receiver":"","manualDocNo":"","description":"","addTerminalName":"1","details":[{"docDueDate":"2026-04-27","accountCode":"214310001","accountCodeDtl":"100014","accountCodeDtlSub":"","currencyCode":"SAR","exchangeRate":0,"drOrCr":1,"amountLocal":195.1205,"amountForeign":0,"costCenterCode":"101014","chequeNo":"0","referenceNo":"0","billNo":"","billSe...
Status: 200
Response: {"code":2000,"message":"nok","content":[{"referenceId":"2550235","message":"لم ينجاح","errorNo":"0"}]}
Response Time: 2ms
================================================================================

[2026-06-28 19:00:00.144] FAILURE | Serial: 2598446 | Error: nok | لم ينجاح

================================================================================
[2026-06-28 19:00:01.714] REQUEST
Method: POST
Endpoint: http://localhost:8081/api/GL/ImportJournal
Body: [{"docSerExternal":"2598447","branchNo":1,"docDate":"2026-04-27","docNo":null,"jvType":1,"amountLocal":156.1,"referenceNo":"0","beneficiaryName":"","receiver":"","manualDocNo":"","description":"","addTerminalName":"1","details":[{"docDueDate":"2026-04-27","accountCode":"214310001","accountCodeDtl":"100019","accountCodeDtlSub":"","currencyCode":"SAR","exchangeRate":0,"drOrCr":1,"amountLocal":179.515,"amountForeign":0,"costCenterCode":"101019","chequeNo":"0","referenceNo":"0","billNo":"","billSer"...
Status: 200
Response: {"code":2000,"message":"nok","content":[{"referenceId":"2550235","message":"لم ينجاح","errorNo":"0"}]}
Response Time: 2ms
================================================================================

[2026-06-28 19:00:01.717] FAILURE | Serial: 2598447 | Error: nok | لم ينجاح

================================================================================
[2026-06-28 19:00:03.280] REQUEST
Method: POST
Endpoint: http://localhost:8081/api/GL/ImportJournal
Body: [{"docSerExternal":"2598448","branchNo":1,"docDate":"2026-04-27","docNo":null,"jvType":1,"amountLocal":152.7,"referenceNo":"0","beneficiaryName":"","receiver":"","manualDocNo":"","description":"","addTerminalName":"1","details":[{"docDueDate":"2026-04-27","accountCode":"214310001","accountCodeDtl":"100028","accountCodeDtlSub":"","currencyCode":"SAR","exchangeRate":0,"drOrCr":1,"amountLocal":175.605,"amountForeign":0,"costCenterCode":null,"chequeNo":"0","referenceNo":"0","billNo":"","billSer":"",...
Status: 200
Response: {"code":2000,"message":"nok","content":[{"referenceId":"2550235","message":"لم ينجاح","errorNo":"0"}]}
Response Time: 1ms
================================================================================

[2026-06-28 19:00:03.283] FAILURE | Serial: 2598448 | Error: nok | لم ينجاح

================================================================================
[2026-06-28 19:00:04.848] REQUEST
Method: POST
Endpoint: http://localhost:8081/api/GL/ImportJournal
Body: [{"docSerExternal":"2598449","branchNo":1,"docDate":"2026-04-27","docNo":null,"jvType":1,"amountLocal":169.67,"referenceNo":"0","beneficiaryName":"","receiver":"","manualDocNo":"","description":"","addTerminalName":"1","details":[{"docDueDate":"2026-04-27","accountCode":"214310001","accountCodeDtl":"100038","accountCodeDtlSub":"","currencyCode":"SAR","exchangeRate":0,"drOrCr":1,"amountLocal":195.1205,"amountForeign":0,"costCenterCode":null,"chequeNo":"0","referenceNo":"0","billNo":"","billSer":"...
Status: 200
Response: {"code":2000,"message":"nok","content":[{"referenceId":"2550235","message":"لم ينجاح","errorNo":"0"}]}
Response Time: 1ms
================================================================================

[2026-06-28 19:00:04.850] FAILURE | Serial: 2598449 | Error: nok | لم ينجاح

================================================================================
[2026-06-28 19:00:06.478] REQUEST
Method: POST
Endpoint: http://localhost:8081/api/GL/ImportJournal
Body: [{"docSerExternal":"2598450","branchNo":1,"docDate":"2026-04-27","docNo":null,"jvType":1,"amountLocal":154.4,"referenceNo":"0","beneficiaryName":"","receiver":"","manualDocNo":"","description":"","addTerminalName":"1","details":[{"docDueDate":"2026-04-27","accountCode":"214310001","accountCodeDtl":"100044","accountCodeDtlSub":"","currencyCode":"SAR","exchangeRate":0,"drOrCr":1,"amountLocal":177.56,"amountForeign":0,"costCenterCode":null,"chequeNo":"0","referenceNo":"0","billNo":"","billSer":"","...
Status: 200
Response: {"code":2000,"message":"nok","content":[{"referenceId":"2550235","message":"لم ينجاح","errorNo":"0"}]}
Response Time: 2ms
================================================================================

[2026-06-28 19:00:06.481] FAILURE | Serial: 2598450 | Error: nok | لم ينجاح

================================================================================
[2026-06-28 19:00:08.078] REQUEST
Method: POST
Endpoint: http://localhost:8081/api/GL/ImportJournal
Body: [{"docSerExternal":"2598451","branchNo":1,"docDate":"2026-04-27","docNo":null,"jvType":1,"amountLocal":169.67,"referenceNo":"0","beneficiaryName":"","receiver":"","manualDocNo":"","description":"","addTerminalName":"1","details":[{"docDueDate":"2026-04-27","accountCode":"214310001","accountCodeDtl":"100046","accountCodeDtlSub":"","currencyCode":"SAR","exchangeRate":0,"drOrCr":1,"amountLocal":195.1205,"amountForeign":0,"costCenterCode":null,"chequeNo":"0","referenceNo":"0","billNo":"","billSer":"...
Status: 200
Response: {"code":2000,"message":"nok","content":[{"referenceId":"2550235","message":"لم ينجاح","errorNo":"0"}]}
Response Time: 2ms
================================================================================

[2026-06-28 19:00:08.081] FAILURE | Serial: 2598451 | Error: nok | لم ينجاح

================================================================================
[2026-06-28 19:00:09.680] REQUEST
Method: POST
Endpoint: http://localhost:8081/api/GL/ImportJournal
Body: [{"docSerExternal":"2598452","branchNo":1,"docDate":"2026-04-27","docNo":null,"jvType":1,"amountLocal":312,"referenceNo":"0","beneficiaryName":"","receiver":"","manualDocNo":"","description":"","addTerminalName":"1","details":[{"docDueDate":"2026-04-27","accountCode":"214310001","accountCodeDtl":"100048","accountCodeDtlSub":"","currencyCode":"SAR","exchangeRate":0,"drOrCr":1,"amountLocal":358.8,"amountForeign":0,"costCenterCode":"101048","chequeNo":"0","referenceNo":"0","billNo":"","billSer":"",...
Status: 200
Response: {"code":2000,"message":"nok","content":[{"referenceId":"2550235","message":"لم ينجاح","errorNo":"0"}]}
Response Time: 1ms
================================================================================

[2026-06-28 19:00:09.682] FAILURE | Serial: 2598452 | Error: nok | لم ينجاح

================================================================================
[2026-06-28 19:00:11.294] REQUEST
Method: POST
Endpoint: http://localhost:8081/api/GL/ImportJournal
Body: [{"docSerExternal":"2598453","branchNo":1,"docDate":"2026-04-27","docNo":null,"jvType":1,"amountLocal":156.1,"referenceNo":"0","beneficiaryName":"","receiver":"","manualDocNo":"","description":"","addTerminalName":"1","details":[{"docDueDate":"2026-04-27","accountCode":"214310001","accountCodeDtl":"100050","accountCodeDtlSub":"","currencyCode":"SAR","exchangeRate":0,"drOrCr":1,"amountLocal":179.515,"amountForeign":0,"costCenterCode":"101050","chequeNo":"0","referenceNo":"0","billNo":"","billSer"...
Status: 200
Response: {"code":2000,"message":"nok","content":[{"referenceId":"2550235","message":"لم ينجاح","errorNo":"0"}]}
Response Time: 1ms
================================================================================

[2026-06-28 19:00:11.296] FAILURE | Serial: 2598453 | Error: nok | لم ينجاح

================================================================================
[2026-06-28 19:00:12.888] REQUEST
Method: POST
Endpoint: http://localhost:8081/api/GL/ImportJournal
Body: [{"docSerExternal":"2598454","branchNo":1,"docDate":"2026-04-27","docNo":null,"jvType":1,"amountLocal":152.7,"referenceNo":"0","beneficiaryName":"","receiver":"","manualDocNo":"","description":"","addTerminalName":"1","details":[{"docDueDate":"2026-04-27","accountCode":"214310001","accountCodeDtl":"100053","accountCodeDtlSub":"","currencyCode":"SAR","exchangeRate":0,"drOrCr":1,"amountLocal":175.605,"amountForeign":0,"costCenterCode":"101053","chequeNo":"0","referenceNo":"0","billNo":"","billSer"...
Status: 200
Response: {"code":2000,"message":"nok","content":[{"referenceId":"2550235","message":"لم ينجاح","errorNo":"0"}]}
Response Time: 1ms
================================================================================

[2026-06-28 19:00:12.890] FAILURE | Serial: 2598454 | Error: nok | لم ينجاح

================================================================================
[2026-06-28 19:00:14.501] REQUEST
Method: POST
Endpoint: http://localhost:8081/api/GL/ImportJournal
Body: [{"docSerExternal":"2598455","branchNo":1,"docDate":"2026-04-27","docNo":null,"jvType":1,"amountLocal":169.67,"referenceNo":"0","beneficiaryName":"","receiver":"","manualDocNo":"","description":"","addTerminalName":"1","details":[{"docDueDate":"2026-04-27","accountCode":"214310001","accountCodeDtl":"100056","accountCodeDtlSub":"","currencyCode":"SAR","exchangeRate":0,"drOrCr":1,"amountLocal":195.1205,"amountForeign":0,"costCenterCode":"101056","chequeNo":"0","referenceNo":"0","billNo":"","billSe...
Status: 200
Response: {"code":2000,"message":"nok","content":[{"referenceId":"2550235","message":"لم ينجاح","errorNo":"0"}]}
Response Time: 1ms
================================================================================

[2026-06-28 19:00:14.503] FAILURE | Serial: 2598455 | Error: nok | لم ينجاح

================================================================================
[2026-06-28 19:00:16.128] REQUEST
Method: POST
Endpoint: http://localhost:8081/api/GL/ImportJournal
Body: [{"docSerExternal":"2598456","branchNo":1,"docDate":"2026-04-27","docNo":null,"jvType":1,"amountLocal":152.7,"referenceNo":"0","beneficiaryName":"","receiver":"","manualDocNo":"","description":"","addTerminalName":"1","details":[{"docDueDate":"2026-04-27","accountCode":"214310001","accountCodeDtl":"100063","accountCodeDtlSub":"","currencyCode":"SAR","exchangeRate":0,"drOrCr":1,"amountLocal":175.605,"amountForeign":0,"costCenterCode":null,"chequeNo":"0","referenceNo":"0","billNo":"","billSer":"",...
Status: 200
Response: {"code":2000,"message":"nok","content":[{"referenceId":"2550235","message":"لم ينجاح","errorNo":"0"}]}
Response Time: 1ms
================================================================================

[2026-06-28 19:00:16.131] FAILURE | Serial: 2598456 | Error: nok | لم ينجاح

================================================================================
[2026-06-28 19:00:17.783] REQUEST
Method: POST
Endpoint: http://localhost:8081/api/GL/ImportJournal
Body: [{"docSerExternal":"2598457","branchNo":1,"docDate":"2026-04-27","docNo":null,"jvType":1,"amountLocal":169.67,"referenceNo":"0","beneficiaryName":"","receiver":"","manualDocNo":"","description":"","addTerminalName":"1","details":[{"docDueDate":"2026-04-27","accountCode":"214310001","accountCodeDtl":"100071","accountCodeDtlSub":"","currencyCode":"SAR","exchangeRate":0,"drOrCr":1,"amountLocal":195.1205,"amountForeign":0,"costCenterCode":null,"chequeNo":"0","referenceNo":"0","billNo":"","billSer":"...
Status: 200
Response: {"code":2000,"message":"nok","content":[{"referenceId":"2550235","message":"لم ينجاح","errorNo":"0"}]}
Response Time: 2ms
================================================================================

[2026-06-28 19:00:17.786] FAILURE | Serial: 2598457 | Error: nok | لم ينجاح

================================================================================
[2026-06-28 19:00:19.424] REQUEST
Method: POST
Endpoint: http://localhost:8081/api/GL/ImportJournal
Body: [{"docSerExternal":"2598458","branchNo":1,"docDate":"2026-04-27","docNo":null,"jvType":1,"amountLocal":197.67,"referenceNo":"0","beneficiaryName":"","receiver":"","manualDocNo":"","description":"","addTerminalName":"1","details":[{"docDueDate":"2026-04-27","accountCode":"214310001","accountCodeDtl":"100073","accountCodeDtlSub":"","currencyCode":"SAR","exchangeRate":0,"drOrCr":1,"amountLocal":227.3205,"amountForeign":0,"costCenterCode":null,"chequeNo":"0","referenceNo":"0","billNo":"","billSer":"...
Status: 200
Response: {"code":2000,"message":"nok","content":[{"referenceId":"2550235","message":"لم ينجاح","errorNo":"0"}]}
Response Time: 1ms
================================================================================

[2026-06-28 19:00:19.427] FAILURE | Serial: 2598458 | Error: nok | لم ينجاح

================================================================================
[2026-06-28 19:00:21.095] REQUEST
Method: POST
Endpoint: http://localhost:8081/api/GL/ImportJournal
Body: [{"docSerExternal":"2598459","branchNo":1,"docDate":"2026-04-27","docNo":null,"jvType":1,"amountLocal":4.2417,"referenceNo":"0","beneficiaryName":"","receiver":"","manualDocNo":"","description":"","addTerminalName":"1","details":[{"docDueDate":"2026-04-27","accountCode":"4111010001","accountCodeDtl":"100008","accountCodeDtlSub":"","currencyCode":"SAR","exchangeRate":0,"drOrCr":1,"amountLocal":4.878,"amountForeign":0,"costCenterCode":"101008","chequeNo":"0","referenceNo":"0","billNo":"","billSer"...
Status: 200
Response: {"code":2000,"message":"nok","content":[{"referenceId":"2550235","message":"لم ينجاح","errorNo":"0"}]}
Response Time: 1ms
================================================================================

[2026-06-28 19:00:21.098] FAILURE | Serial: 2598459 | Error: nok | لم ينجاح

================================================================================
[2026-06-28 19:00:22.781] REQUEST
Method: POST
Endpoint: http://localhost:8081/api/GL/ImportJournal
Body: [{"docSerExternal":"2598460","branchNo":1,"docDate":"2026-04-27","docNo":null,"jvType":1,"amountLocal":3.86,"referenceNo":"0","beneficiaryName":"","receiver":"","manualDocNo":"","description":"","addTerminalName":"1","details":[{"docDueDate":"2026-04-27","accountCode":"4111010001","accountCodeDtl":"100066","accountCodeDtlSub":"","currencyCode":"SAR","exchangeRate":0,"drOrCr":1,"amountLocal":4.439,"amountForeign":0,"costCenterCode":"101066","chequeNo":"0","referenceNo":"0","billNo":"","billSer":"...
Status: 200
Response: {"code":2000,"message":"nok","content":[{"referenceId":"2550235","message":"لم ينجاح","errorNo":"0"}]}
Response Time: 1ms
================================================================================

[2026-06-28 19:00:22.784] FAILURE | Serial: 2598460 | Error: nok | لم ينجاح

================================================================================
[2026-06-28 19:00:24.430] REQUEST
Method: POST
Endpoint: http://localhost:8081/api/GL/ImportJournal
Body: [{"docSerExternal":"2598461","branchNo":1,"docDate":"2026-04-27","docNo":null,"jvType":1,"amountLocal":3.9025,"referenceNo":"0","beneficiaryName":"","receiver":"","manualDocNo":"","description":"","addTerminalName":"1","details":[{"docDueDate":"2026-04-27","accountCode":"4111010001","accountCodeDtl":"100076","accountCodeDtlSub":"","currencyCode":"SAR","exchangeRate":0,"drOrCr":1,"amountLocal":4.4879,"amountForeign":0,"costCenterCode":"101076","chequeNo":"0","referenceNo":"0","billNo":"","billSer...
Status: 200
Response: {"code":2000,"message":"nok","content":[{"referenceId":"2550235","message":"لم ينجاح","errorNo":"0"}]}
Response Time: 2ms
================================================================================

[2026-06-28 19:00:24.433] FAILURE | Serial: 2598461 | Error: nok | لم ينجاح

================================================================================
[2026-06-28 19:00:26.118] REQUEST
Method: POST
Endpoint: http://localhost:8081/api/GL/ImportJournal
Body: [{"docSerExternal":"2598462","branchNo":1,"docDate":"2026-04-27","docNo":null,"jvType":1,"amountLocal":4.2417,"referenceNo":"0","beneficiaryName":"","receiver":"","manualDocNo":"","description":"","addTerminalName":"1","details":[{"docDueDate":"2026-04-27","accountCode":"4111010001","accountCodeDtl":"100014","accountCodeDtlSub":"","currencyCode":"SAR","exchangeRate":0,"drOrCr":1,"amountLocal":4.878,"amountForeign":0,"costCenterCode":"101014","chequeNo":"0","referenceNo":"0","billNo":"","billSer"...
Status: 200
Response: {"code":2000,"message":"nok","content":[{"referenceId":"2550235","message":"لم ينجاح","errorNo":"0"}]}
Response Time: 1ms
================================================================================

[2026-06-28 19:00:26.120] FAILURE | Serial: 2598462 | Error: nok | لم ينجاح

================================================================================
[2026-06-28 19:00:27.769] REQUEST
Method: POST
Endpoint: http://localhost:8081/api/GL/ImportJournal
Body: [{"docSerExternal":"2598463","branchNo":1,"docDate":"2026-04-27","docNo":null,"jvType":1,"amountLocal":3.9025,"referenceNo":"0","beneficiaryName":"","receiver":"","manualDocNo":"","description":"","addTerminalName":"1","details":[{"docDueDate":"2026-04-27","accountCode":"4111010001","accountCodeDtl":"100018","accountCodeDtlSub":"","currencyCode":"SAR","exchangeRate":0,"drOrCr":1,"amountLocal":4.4879,"amountForeign":0,"costCenterCode":"101018","chequeNo":"0","referenceNo":"0","billNo":"","billSer...
Status: 200
Response: {"code":2000,"message":"nok","content":[{"referenceId":"2550235","message":"لم ينجاح","errorNo":"0"}]}
Response Time: 1ms
================================================================================

[2026-06-28 19:00:27.771] FAILURE | Serial: 2598463 | Error: nok | لم ينجاح

================================================================================
[2026-06-28 19:00:29.452] REQUEST
Method: POST
Endpoint: http://localhost:8081/api/GL/ImportJournal
Body: [{"docSerExternal":"2598464","branchNo":1,"docDate":"2026-04-27","docNo":null,"jvType":1,"amountLocal":3.8175,"referenceNo":"0","beneficiaryName":"","receiver":"","manualDocNo":"","description":"","addTerminalName":"1","details":[{"docDueDate":"2026-04-27","accountCode":"4111010001","accountCodeDtl":"100028","accountCodeDtlSub":"","currencyCode":"SAR","exchangeRate":0,"drOrCr":1,"amountLocal":4.3901,"amountForeign":0,"costCenterCode":"101028","chequeNo":"0","referenceNo":"0","billNo":"","billSer...
Status: 200
Response: {"code":2000,"message":"nok","content":[{"referenceId":"2550235","message":"لم ينجاح","errorNo":"0"}]}
Response Time: 1ms
================================================================================

[2026-06-28 19:00:29.455] FAILURE | Serial: 2598464 | Error: nok | لم ينجاح

================================================================================
[2026-06-28 19:00:31.126] REQUEST
Method: POST
Endpoint: http://localhost:8081/api/GL/ImportJournal
Body: [{"docSerExternal":"2598465","branchNo":1,"docDate":"2026-04-27","docNo":null,"jvType":1,"amountLocal":4.2417,"referenceNo":"0","beneficiaryName":"","receiver":"","manualDocNo":"","description":"","addTerminalName":"1","details":[{"docDueDate":"2026-04-27","accountCode":"4111010001","accountCodeDtl":"100038","accountCodeDtlSub":"","currencyCode":"SAR","exchangeRate":0,"drOrCr":1,"amountLocal":4.878,"amountForeign":0,"costCenterCode":"101038","chequeNo":"0","referenceNo":"0","billNo":"","billSer"...
Status: 200
Response: {"code":2000,"message":"nok","content":[{"referenceId":"2550235","message":"لم ينجاح","errorNo":"0"}]}
Response Time: 1ms
================================================================================

[2026-06-28 19:00:31.129] FAILURE | Serial: 2598465 | Error: nok | لم ينجاح

================================================================================
[2026-06-28 19:00:32.776] REQUEST
Method: POST
Endpoint: http://localhost:8081/api/GL/ImportJournal
Body: [{"docSerExternal":"2598466","branchNo":1,"docDate":"2026-04-27","docNo":null,"jvType":1,"amountLocal":3.86,"referenceNo":"0","beneficiaryName":"","receiver":"","manualDocNo":"","description":"","addTerminalName":"1","details":[{"docDueDate":"2026-04-27","accountCode":"4111010001","accountCodeDtl":"100044","accountCodeDtlSub":"","currencyCode":"SAR","exchangeRate":0,"drOrCr":1,"amountLocal":4.439,"amountForeign":0,"costCenterCode":"101044","chequeNo":"0","referenceNo":"0","billNo":"","billSer":"...
Status: 200
Response: {"code":2000,"message":"nok","content":[{"referenceId":"2550235","message":"لم ينجاح","errorNo":"0"}]}
Response Time: 1ms
================================================================================

[2026-06-28 19:00:32.778] FAILURE | Serial: 2598466 | Error: nok | لم ينجاح

================================================================================
[2026-06-28 19:00:34.480] REQUEST
Method: POST
Endpoint: http://localhost:8081/api/GL/ImportJournal
Body: [{"docSerExternal":"2598467","branchNo":1,"docDate":"2026-04-27","docNo":null,"jvType":1,"amountLocal":4.2417,"referenceNo":"0","beneficiaryName":"","receiver":"","manualDocNo":"","description":"","addTerminalName":"1","details":[{"docDueDate":"2026-04-27","accountCode":"4111010001","accountCodeDtl":"100046","accountCodeDtlSub":"","currencyCode":"SAR","exchangeRate":0,"drOrCr":1,"amountLocal":4.878,"amountForeign":0,"costCenterCode":"101046","chequeNo":"0","referenceNo":"0","billNo":"","billSer"...
Status: 200
Response: {"code":2000,"message":"nok","content":[{"referenceId":"2550235","message":"لم ينجاح","errorNo":"0"}]}
Response Time: 1ms
================================================================================

[2026-06-28 19:00:34.482] FAILURE | Serial: 2598467 | Error: nok | لم ينجاح

================================================================================
[2026-06-28 19:00:36.332] REQUEST
Method: POST
Endpoint: http://localhost:8081/api/GL/ImportJournal
Body: [{"docSerExternal":"2598468","branchNo":1,"docDate":"2026-04-27","docNo":null,"jvType":1,"amountLocal":7.8,"referenceNo":"0","beneficiaryName":"","receiver":"","manualDocNo":"","description":"","addTerminalName":"1","details":[{"docDueDate":"2026-04-27","accountCode":"4111010001","accountCodeDtl":"100048","accountCodeDtlSub":"","currencyCode":"SAR","exchangeRate":0,"drOrCr":1,"amountLocal":8.97,"amountForeign":0,"costCenterCode":"101048","chequeNo":"0","referenceNo":"0","billNo":"","billSer":"",...
Status: 200
Response: {"code":2000,"message":"nok","content":[{"referenceId":"2550235","message":"لم ينجاح","errorNo":"0"}]}
Response Time: 1ms
================================================================================

[2026-06-28 19:00:36.334] FAILURE | Serial: 2598468 | Error: nok | لم ينجاح

================================================================================
[2026-06-28 19:00:38.290] REQUEST
Method: POST
Endpoint: http://localhost:8081/api/GL/ImportJournal
Body: [{"docSerExternal":"2598469","branchNo":1,"docDate":"2026-04-27","docNo":null,"jvType":1,"amountLocal":3.9025,"referenceNo":"0","beneficiaryName":"","receiver":"","manualDocNo":"","description":"","addTerminalName":"1","details":[{"docDueDate":"2026-04-27","accountCode":"4111010001","accountCodeDtl":"100050","accountCodeDtlSub":"","currencyCode":"SAR","exchangeRate":0,"drOrCr":1,"amountLocal":4.4879,"amountForeign":0,"costCenterCode":"101050","chequeNo":"0","referenceNo":"0","billNo":"","billSer...
Status: 200
Response: {"code":2000,"message":"nok","content":[{"referenceId":"2550235","message":"لم ينجاح","errorNo":"0"}]}
Response Time: 1ms
================================================================================

[2026-06-28 19:00:38.293] FAILURE | Serial: 2598469 | Error: nok | لم ينجاح

================================================================================
[2026-06-28 19:00:40.167] REQUEST
Method: POST
Endpoint: http://localhost:8081/api/GL/ImportJournal
Body: [{"docSerExternal":"2598470","branchNo":1,"docDate":"2026-04-27","docNo":null,"jvType":1,"amountLocal":3.8175,"referenceNo":"0","beneficiaryName":"","receiver":"","manualDocNo":"","description":"","addTerminalName":"1","details":[{"docDueDate":"2026-04-27","accountCode":"4111010001","accountCodeDtl":"100053","accountCodeDtlSub":"","currencyCode":"SAR","exchangeRate":0,"drOrCr":1,"amountLocal":4.3901,"amountForeign":0,"costCenterCode":"101053","chequeNo":"0","referenceNo":"0","billNo":"","billSer...
Status: 200
Response: {"code":2000,"message":"nok","content":[{"referenceId":"2550235","message":"لم ينجاح","errorNo":"0"}]}
Response Time: 1ms
================================================================================

[2026-06-28 19:00:40.169] FAILURE | Serial: 2598470 | Error: nok | لم ينجاح

================================================================================
[2026-06-28 19:00:42.035] REQUEST
Method: POST
Endpoint: http://localhost:8081/api/GL/ImportJournal
Body: [{"docSerExternal":"2598471","branchNo":1,"docDate":"2026-04-27","docNo":null,"jvType":1,"amountLocal":4.2417,"referenceNo":"0","beneficiaryName":"","receiver":"","manualDocNo":"","description":"","addTerminalName":"1","details":[{"docDueDate":"2026-04-27","accountCode":"4111010001","accountCodeDtl":"100056","accountCodeDtlSub":"","currencyCode":"SAR","exchangeRate":0,"drOrCr":1,"amountLocal":4.878,"amountForeign":0,"costCenterCode":"101056","chequeNo":"0","referenceNo":"0","billNo":"","billSer"...
Status: 200
Response: {"code":2000,"message":"nok","content":[{"referenceId":"2550235","message":"لم ينجاح","errorNo":"0"}]}
Response Time: 2ms
================================================================================

[2026-06-28 19:00:42.038] FAILURE | Serial: 2598471 | Error: nok | لم ينجاح

================================================================================
[2026-06-28 19:00:43.919] REQUEST
Method: POST
Endpoint: http://localhost:8081/api/GL/ImportJournal
Body: [{"docSerExternal":"2598472","branchNo":1,"docDate":"2026-04-27","docNo":null,"jvType":1,"amountLocal":3.8175,"referenceNo":"0","beneficiaryName":"","receiver":"","manualDocNo":"","description":"","addTerminalName":"1","details":[{"docDueDate":"2026-04-27","accountCode":"4111010001","accountCodeDtl":"100063","accountCodeDtlSub":"","currencyCode":"SAR","exchangeRate":0,"drOrCr":1,"amountLocal":4.3901,"amountForeign":0,"costCenterCode":"101063","chequeNo":"0","referenceNo":"0","billNo":"","billSer...
Status: 200
Response: {"code":2000,"message":"nok","content":[{"referenceId":"2550235","message":"لم ينجاح","errorNo":"0"}]}
Response Time: 1ms
================================================================================

[2026-06-28 19:00:43.922] FAILURE | Serial: 2598472 | Error: nok | لم ينجاح

================================================================================
[2026-06-28 19:00:45.794] REQUEST
Method: POST
Endpoint: http://localhost:8081/api/GL/ImportJournal
Body: [{"docSerExternal":"2598473","branchNo":1,"docDate":"2026-04-27","docNo":null,"jvType":1,"amountLocal":4.2417,"referenceNo":"0","beneficiaryName":"","receiver":"","manualDocNo":"","description":"","addTerminalName":"1","details":[{"docDueDate":"2026-04-27","accountCode":"4111010001","accountCodeDtl":"100071","accountCodeDtlSub":"","currencyCode":"SAR","exchangeRate":0,"drOrCr":1,"amountLocal":4.878,"amountForeign":0,"costCenterCode":"101071","chequeNo":"0","referenceNo":"0","billNo":"","billSer"...
Status: 200
Response: {"code":2000,"message":"nok","content":[{"referenceId":"2550235","message":"لم ينجاح","errorNo":"0"}]}
Response Time: 1ms
================================================================================

[2026-06-28 19:00:45.796] FAILURE | Serial: 2598473 | Error: nok | لم ينجاح

================================================================================
[2026-06-28 19:00:48.602] REQUEST
Method: POST
Endpoint: http://localhost:8081/api/GL/ImportJournal
Body: [{"docSerExternal":"2598474","branchNo":1,"docDate":"2026-04-27","docNo":null,"jvType":1,"amountLocal":4.9417,"referenceNo":"0","beneficiaryName":"","receiver":"","manualDocNo":"","description":"","addTerminalName":"1","details":[{"docDueDate":"2026-04-27","accountCode":"4111010001","accountCodeDtl":"100073","accountCodeDtlSub":"","currencyCode":"SAR","exchangeRate":0,"drOrCr":1,"amountLocal":5.683,"amountForeign":0,"costCenterCode":"101073","chequeNo":"0","referenceNo":"0","billNo":"","billSer"...
Status: 200
Response: {"code":2000,"message":"nok","content":[{"referenceId":"2550235","message":"لم ينجاح","errorNo":"0"}]}
Response Time: 2ms
================================================================================

[2026-06-28 19:00:48.605] FAILURE | Serial: 2598474 | Error: nok | لم ينجاح

================================================================================
[2026-06-28 19:00:51.086] REQUEST
Method: POST
Endpoint: http://localhost:8081/api/GL/ImportJournal
Body: [{"docSerExternal":"2598476","branchNo":1,"docDate":"2026-04-27","docNo":null,"jvType":1,"amountLocal":169.67,"referenceNo":"0","beneficiaryName":"","receiver":"","manualDocNo":"","description":"","addTerminalName":"1","details":[{"docDueDate":"2026-04-27","accountCode":"214310001","accountCodeDtl":"100019","accountCodeDtlSub":"","currencyCode":"SAR","exchangeRate":0,"drOrCr":1,"amountLocal":195.1205,"amountForeign":0,"costCenterCode":"101019","chequeNo":"0","referenceNo":"0","billNo":"","billSe...
Status: 200
Response: {"code":2000,"message":"nok","content":[{"referenceId":"2550235","message":"لم ينجاح","errorNo":"0"}]}
Response Time: 2ms
================================================================================

[2026-06-28 19:00:51.089] FAILURE | Serial: 2598476 | Error: nok | لم ينجاح

================================================================================
[2026-06-28 19:00:53.791] REQUEST
Method: POST
Endpoint: http://localhost:8081/api/GL/ImportJournal
Body: [{"docSerExternal":"2598477","branchNo":1,"docDate":"2026-04-27","docNo":null,"jvType":1,"amountLocal":4.2417,"referenceNo":"0","beneficiaryName":"","receiver":"","manualDocNo":"","description":"","addTerminalName":"1","details":[{"docDueDate":"2026-04-27","accountCode":"4111010001","accountCodeDtl":"100029","accountCodeDtlSub":"","currencyCode":"SAR","exchangeRate":0,"drOrCr":1,"amountLocal":4.878,"amountForeign":0,"costCenterCode":"101029","chequeNo":"0","referenceNo":"0","billNo":"","billSer"...
Status: 200
Response: {"code":2000,"message":"nok","content":[{"referenceId":"2550235","message":"لم ينجاح","errorNo":"0"}]}
Response Time: 1ms
================================================================================

[2026-06-28 19:00:53.793] FAILURE | Serial: 2598477 | Error: nok | لم ينجاح

================================================================================
[2026-06-28 19:00:55.765] REQUEST
Method: POST
Endpoint: http://localhost:8081/api/GL/ImportJournal
Body: [{"docSerExternal":"2598479","branchNo":1,"docDate":"2026-04-27","docNo":null,"jvType":1,"amountLocal":157.79,"referenceNo":"0","beneficiaryName":"","receiver":"","manualDocNo":"","description":"","addTerminalName":"1","details":[{"docDueDate":"2026-04-27","accountCode":"214310001","accountCodeDtl":"100052","accountCodeDtlSub":"","currencyCode":"SAR","exchangeRate":0,"drOrCr":1,"amountLocal":181.4585,"amountForeign":0,"costCenterCode":"101052","chequeNo":"0","referenceNo":"0","billNo":"","billSe...
Status: 200
Response: {"code":2000,"message":"nok","content":[{"referenceId":"2550235","message":"لم ينجاح","errorNo":"0"}]}
Response Time: 1ms
================================================================================

[2026-06-28 19:00:55.768] FAILURE | Serial: 2598479 | Error: nok | لم ينجاح

================================================================================
[2026-06-28 19:00:57.761] REQUEST
Method: POST
Endpoint: http://localhost:8081/api/GL/ImportJournal
Body: [{"docSerExternal":"2598480","branchNo":1,"docDate":"2026-04-27","docNo":null,"jvType":1,"amountLocal":3.9447,"referenceNo":"0","beneficiaryName":"","receiver":"","manualDocNo":"","description":"","addTerminalName":"1","details":[{"docDueDate":"2026-04-27","accountCode":"4111010001","accountCodeDtl":"100052","accountCodeDtlSub":"","currencyCode":"SAR","exchangeRate":0,"drOrCr":1,"amountLocal":4.5364,"amountForeign":0,"costCenterCode":"101052","chequeNo":"0","referenceNo":"0","billNo":"","billSer...
Status: 200
Response: {"code":2000,"message":"nok","content":[{"referenceId":"2550235","message":"لم ينجاح","errorNo":"0"}]}
Response Time: 1ms
================================================================================

[2026-06-28 19:00:57.764] FAILURE | Serial: 2598480 | Error: nok | لم ينجاح

================================================================================
[2026-06-28 19:00:59.783] REQUEST
Method: POST
Endpoint: http://localhost:8081/api/GL/ImportJournal
Body: [{"docSerExternal":"2598482","branchNo":1,"docDate":"2026-04-27","docNo":null,"jvType":1,"amountLocal":152.7,"referenceNo":"0","beneficiaryName":"","receiver":"","manualDocNo":"","description":"","addTerminalName":"1","details":[{"docDueDate":"2026-04-27","accountCode":"214310001","accountCodeDtl":"100001","accountCodeDtlSub":"","currencyCode":"SAR","exchangeRate":0,"drOrCr":1,"amountLocal":175.605,"amountForeign":0,"costCenterCode":"101001","chequeNo":"0","referenceNo":"0","billNo":"","billSer"...
Status: 200
Response: {"code":2000,"message":"nok","content":[{"referenceId":"2550235","message":"لم ينجاح","errorNo":"0"}]}
Response Time: 2ms
================================================================================

[2026-06-28 19:00:59.786] FAILURE | Serial: 2598482 | Error: nok | لم ينجاح

================================================================================
[2026-06-28 19:01:02.004] REQUEST
Method: POST
Endpoint: http://localhost:8081/api/GL/ImportJournal
Body: [{"docSerExternal":"2598483","branchNo":1,"docDate":"2026-04-27","docNo":null,"jvType":1,"amountLocal":3.8175,"referenceNo":"0","beneficiaryName":"","receiver":"","manualDocNo":"","description":"","addTerminalName":"1","details":[{"docDueDate":"2026-04-27","accountCode":"4111010001","accountCodeDtl":"100001","accountCodeDtlSub":"","currencyCode":"SAR","exchangeRate":0,"drOrCr":1,"amountLocal":4.3901,"amountForeign":0,"costCenterCode":"101001","chequeNo":"0","referenceNo":"0","billNo":"","billSer...
Status: 200
Response: {"code":2000,"message":"nok","content":[{"referenceId":"2550235","message":"لم ينجاح","errorNo":"0"}]}
Response Time: 1ms
================================================================================

[2026-06-28 19:01:02.006] FAILURE | Serial: 2598483 | Error: nok | لم ينجاح

================================================================================
[2026-06-28 19:01:03.994] REQUEST
Method: POST
Endpoint: http://localhost:8081/api/GL/ImportJournal
Body: [{"docSerExternal":"2598485","branchNo":1,"docDate":"2026-04-27","docNo":null,"jvType":1,"amountLocal":157.79,"referenceNo":"0","beneficiaryName":"","receiver":"","manualDocNo":"","description":"","addTerminalName":"1","details":[{"docDueDate":"2026-04-27","accountCode":"214310001","accountCodeDtl":"100041","accountCodeDtlSub":"","currencyCode":"SAR","exchangeRate":0,"drOrCr":1,"amountLocal":181.4585,"amountForeign":0,"costCenterCode":null,"chequeNo":"0","referenceNo":"0","billNo":"","billSer":"...
Status: 200
Response: {"code":2000,"message":"nok","content":[{"referenceId":"2550235","message":"لم ينجاح","errorNo":"0"}]}
Response Time: 1ms
================================================================================

[2026-06-28 19:01:03.996] FAILURE | Serial: 2598485 | Error: nok | لم ينجاح

================================================================================
[2026-06-28 19:01:06.056] REQUEST
Method: POST
Endpoint: http://localhost:8081/api/GL/ImportJournal
Body: [{"docSerExternal":"2598486","branchNo":1,"docDate":"2026-04-27","docNo":null,"jvType":1,"amountLocal":3.9447,"referenceNo":"0","beneficiaryName":"","receiver":"","manualDocNo":"","description":"","addTerminalName":"1","details":[{"docDueDate":"2026-04-27","accountCode":"4111010001","accountCodeDtl":"100041","accountCodeDtlSub":"","currencyCode":"SAR","exchangeRate":0,"drOrCr":1,"amountLocal":4.5364,"amountForeign":0,"costCenterCode":"101041","chequeNo":"0","referenceNo":"0","billNo":"","billSer...
Status: 200
Response: {"code":2000,"message":"nok","content":[{"referenceId":"2550235","message":"لم ينجاح","errorNo":"0"}]}
Response Time: 1ms
================================================================================

[2026-06-28 19:01:06.059] FAILURE | Serial: 2598486 | Error: nok | لم ينجاح

================================================================================
[2026-06-28 19:01:08.118] REQUEST
Method: POST
Endpoint: http://localhost:8081/api/GL/ImportJournal
Body: [{"docSerExternal":"2598488","branchNo":1,"docDate":"2026-04-27","docNo":null,"jvType":1,"amountLocal":339.34,"referenceNo":"0","beneficiaryName":"","receiver":"","manualDocNo":"","description":"","addTerminalName":"1","details":[{"docDueDate":"2026-04-27","accountCode":"214310001","accountCodeDtl":"100010","accountCodeDtlSub":"","currencyCode":"SAR","exchangeRate":0,"drOrCr":1,"amountLocal":390.241,"amountForeign":0,"costCenterCode":"101010","chequeNo":"0","referenceNo":"0","billNo":"","billSer...
Status: 200
Response: {"code":2000,"message":"nok","content":[{"referenceId":"2550235","message":"لم ينجاح","errorNo":"0"}]}
Response Time: 1ms
================================================================================

[2026-06-28 19:01:08.120] FAILURE | Serial: 2598488 | Error: nok | لم ينجاح

================================================================================
[2026-06-28 19:01:10.508] REQUEST
Method: POST
Endpoint: http://localhost:8081/api/GL/ImportJournal
Body: [{"docSerExternal":"2598489","branchNo":1,"docDate":"2026-04-27","docNo":null,"jvType":1,"amountLocal":8.4835,"referenceNo":"0","beneficiaryName":"","receiver":"","manualDocNo":"","description":"","addTerminalName":"1","details":[{"docDueDate":"2026-04-27","accountCode":"4111010001","accountCodeDtl":"100010","accountCodeDtlSub":"","currencyCode":"SAR","exchangeRate":0,"drOrCr":1,"amountLocal":9.756,"amountForeign":0,"costCenterCode":"101010","chequeNo":"0","referenceNo":"0","billNo":"","billSer"...
Status: 200
Response: {"code":2000,"message":"nok","content":[{"referenceId":"2550235","message":"لم ينجاح","errorNo":"0"}]}
Response Time: 1ms
================================================================================

[2026-06-28 19:01:10.511] FAILURE | Serial: 2598489 | Error: nok | لم ينجاح

================================================================================
[2026-06-28 19:01:13.805] REQUEST
Method: POST
Endpoint: http://localhost:8081/api/GL/ImportJournal
Body: [{"docSerExternal":"2598491","branchNo":1,"docDate":"2026-04-27","docNo":null,"jvType":1,"amountLocal":169.67,"referenceNo":"0","beneficiaryName":"","receiver":"","manualDocNo":"","description":"","addTerminalName":"1","details":[{"docDueDate":"2026-04-27","accountCode":"214310001","accountCodeDtl":"100013","accountCodeDtlSub":"","currencyCode":"SAR","exchangeRate":0,"drOrCr":1,"amountLocal":195.1205,"amountForeign":0,"costCenterCode":"101013","chequeNo":"0","referenceNo":"0","billNo":"","billSe...
Status: 200
Response: {"code":2000,"message":"nok","content":[{"referenceId":"2550235","message":"لم ينجاح","errorNo":"0"}]}
Response Time: 2ms
================================================================================

[2026-06-28 19:01:13.809] FAILURE | Serial: 2598491 | Error: nok | لم ينجاح

================================================================================
[2026-06-28 19:01:16.838] REQUEST
Method: POST
Endpoint: http://localhost:8081/api/GL/ImportJournal
Body: [{"docSerExternal":"2598492","branchNo":1,"docDate":"2026-04-27","docNo":null,"jvType":1,"amountLocal":4.2417,"referenceNo":"0","beneficiaryName":"","receiver":"","manualDocNo":"","description":"","addTerminalName":"1","details":[{"docDueDate":"2026-04-27","accountCode":"4111010001","accountCodeDtl":"100013","accountCodeDtlSub":"","currencyCode":"SAR","exchangeRate":0,"drOrCr":1,"amountLocal":4.878,"amountForeign":0,"costCenterCode":"101013","chequeNo":"0","referenceNo":"0","billNo":"","billSer"...
Status: 200
Response: {"code":2000,"message":"nok","content":[{"referenceId":"2550235","message":"لم ينجاح","errorNo":"0"}]}
Response Time: 1ms
================================================================================

[2026-06-28 19:01:16.841] FAILURE | Serial: 2598492 | Error: nok | لم ينجاح

================================================================================
[2026-06-28 19:01:19.111] REQUEST
Method: POST
Endpoint: http://localhost:8081/api/GL/ImportJournal
Body: [{"docSerExternal":"2598385","branchNo":1,"docDate":"2026-04-27","docNo":null,"jvType":1,"amountLocal":212.09,"referenceNo":"0","beneficiaryName":"","receiver":"","manualDocNo":"","description":"","addTerminalName":"1","details":[{"docDueDate":"2026-04-27","accountCode":"214310001","accountCodeDtl":"100040","accountCodeDtlSub":"","currencyCode":"SAR","exchangeRate":0,"drOrCr":1,"amountLocal":243.9035,"amountForeign":0,"costCenterCode":null,"chequeNo":"0","referenceNo":"0","billNo":"","billSer":"...
Status: 200
Response: {"code":2000,"message":"nok","content":[{"referenceId":"2550235","message":"لم ينجاح","errorNo":"0"}]}
Response Time: 2ms
================================================================================

[2026-06-28 19:01:19.114] FAILURE | Serial: 2598385 | Error: nok | لم ينجاح

================================================================================
[2026-06-28 19:01:21.354] REQUEST
Method: POST
Endpoint: http://localhost:8081/api/GL/ImportJournal
Body: [{"docSerExternal":"2598386","branchNo":1,"docDate":"2026-04-27","docNo":null,"jvType":1,"amountLocal":5.3022,"referenceNo":"0","beneficiaryName":"","receiver":"","manualDocNo":"","description":"","addTerminalName":"1","details":[{"docDueDate":"2026-04-27","accountCode":"4111010001","accountCodeDtl":"100040","accountCodeDtlSub":"","currencyCode":"SAR","exchangeRate":0,"drOrCr":1,"amountLocal":6.0975,"amountForeign":0,"costCenterCode":"101040","chequeNo":"0","referenceNo":"0","billNo":"","billSer...
Status: 200
Response: {"code":2000,"message":"nok","content":[{"referenceId":"2550235","message":"لم ينجاح","errorNo":"0"}]}
Response Time: 1ms
================================================================================

[2026-06-28 19:01:21.356] FAILURE | Serial: 2598386 | Error: nok | لم ينجاح

================================================================================
[2026-06-28 19:01:23.395] REQUEST
Method: POST
Endpoint: http://localhost:8081/api/GL/ImportJournal
Body: [{"docSerExternal":"2598388","branchNo":1,"docDate":"2026-04-27","docNo":null,"jvType":1,"amountLocal":169.67,"referenceNo":"0","beneficiaryName":"","receiver":"","manualDocNo":"","description":"","addTerminalName":"1","details":[{"docDueDate":"2026-04-27","accountCode":"214310001","accountCodeDtl":"100060","accountCodeDtlSub":"","currencyCode":"SAR","exchangeRate":0,"drOrCr":1,"amountLocal":195.1205,"amountForeign":0,"costCenterCode":null,"chequeNo":"0","referenceNo":"0","billNo":"","billSer":"...
Status: 200
Response: {"code":2000,"message":"nok","content":[{"referenceId":"2550235","message":"لم ينجاح","errorNo":"0"}]}
Response Time: 1ms
================================================================================

[2026-06-28 19:01:23.397] FAILURE | Serial: 2598388 | Error: nok | لم ينجاح

================================================================================
[2026-06-28 19:01:25.549] REQUEST
Method: POST
Endpoint: http://localhost:8081/api/GL/ImportJournal
Body: [{"docSerExternal":"2598389","branchNo":1,"docDate":"2026-04-27","docNo":null,"jvType":1,"amountLocal":4.2417,"referenceNo":"0","beneficiaryName":"","receiver":"","manualDocNo":"","description":"","addTerminalName":"1","details":[{"docDueDate":"2026-04-27","accountCode":"4111010001","accountCodeDtl":"100060","accountCodeDtlSub":"","currencyCode":"SAR","exchangeRate":0,"drOrCr":1,"amountLocal":4.878,"amountForeign":0,"costCenterCode":"101060","chequeNo":"0","referenceNo":"0","billNo":"","billSer"...
Status: 200
Response: {"code":2000,"message":"nok","content":[{"referenceId":"2550235","message":"لم ينجاح","errorNo":"0"}]}
Response Time: 1ms
================================================================================

[2026-06-28 19:01:25.551] FAILURE | Serial: 2598389 | Error: nok | لم ينجاح

================================================================================
[2026-06-28 19:01:27.589] REQUEST
Method: POST
Endpoint: http://localhost:8081/api/GL/ImportJournal
Body: [{"docSerExternal":"2598391","branchNo":1,"docDate":"2026-04-27","docNo":null,"jvType":1,"amountLocal":169.67,"referenceNo":"0","beneficiaryName":"","receiver":"","manualDocNo":"","description":"","addTerminalName":"1","details":[{"docDueDate":"2026-04-27","accountCode":"214310001","accountCodeDtl":"100004","accountCodeDtlSub":"","currencyCode":"SAR","exchangeRate":0,"drOrCr":1,"amountLocal":195.1205,"amountForeign":0,"costCenterCode":"101004","chequeNo":"0","referenceNo":"0","billNo":"","billSe...
Status: 200
Response: {"code":2000,"message":"nok","content":[{"referenceId":"2550235","message":"لم ينجاح","errorNo":"0"}]}
Response Time: 1ms
================================================================================

[2026-06-28 19:01:27.592] FAILURE | Serial: 2598391 | Error: nok | لم ينجاح

================================================================================
[2026-06-28 19:01:29.634] REQUEST
Method: POST
Endpoint: http://localhost:8081/api/GL/ImportJournal
Body: [{"docSerExternal":"2598392","branchNo":1,"docDate":"2026-04-27","docNo":null,"jvType":1,"amountLocal":4.2417,"referenceNo":"0","beneficiaryName":"","receiver":"","manualDocNo":"","description":"","addTerminalName":"1","details":[{"docDueDate":"2026-04-27","accountCode":"4111010001","accountCodeDtl":"100004","accountCodeDtlSub":"","currencyCode":"SAR","exchangeRate":0,"drOrCr":1,"amountLocal":4.878,"amountForeign":0,"costCenterCode":"101004","chequeNo":"0","referenceNo":"0","billNo":"","billSer"...
Status: 200
Response: {"code":2000,"message":"nok","content":[{"referenceId":"2550235","message":"لم ينجاح","errorNo":"0"}]}
Response Time: 1ms
================================================================================

[2026-06-28 19:01:29.636] FAILURE | Serial: 2598392 | Error: nok | لم ينجاح

================================================================================
[2026-06-28 19:01:31.642] REQUEST
Method: POST
Endpoint: http://localhost:8081/api/GL/ImportJournal
Body: [{"docSerExternal":"2598394","branchNo":1,"docDate":"2026-04-27","docNo":null,"jvType":1,"amountLocal":169.67,"referenceNo":"0","beneficiaryName":"","receiver":"","manualDocNo":"","description":"","addTerminalName":"1","details":[{"docDueDate":"2026-04-27","accountCode":"214310001","accountCodeDtl":"100062","accountCodeDtlSub":"","currencyCode":"SAR","exchangeRate":0,"drOrCr":1,"amountLocal":195.1205,"amountForeign":0,"costCenterCode":null,"chequeNo":"0","referenceNo":"0","billNo":"","billSer":"...
Status: 200
Response: {"code":2000,"message":"nok","content":[{"referenceId":"2550235","message":"لم ينجاح","errorNo":"0"}]}
Response Time: 1ms
================================================================================

[2026-06-28 19:01:31.644] FAILURE | Serial: 2598394 | Error: nok | لم ينجاح

================================================================================
[2026-06-28 19:01:33.622] REQUEST
Method: POST
Endpoint: http://localhost:8081/api/GL/ImportJournal
Body: [{"docSerExternal":"2598395","branchNo":1,"docDate":"2026-04-27","docNo":null,"jvType":1,"amountLocal":4.2417,"referenceNo":"0","beneficiaryName":"","receiver":"","manualDocNo":"","description":"","addTerminalName":"1","details":[{"docDueDate":"2026-04-27","accountCode":"4111010001","accountCodeDtl":"100062","accountCodeDtlSub":"","currencyCode":"SAR","exchangeRate":0,"drOrCr":1,"amountLocal":4.878,"amountForeign":0,"costCenterCode":"101062","chequeNo":"0","referenceNo":"0","billNo":"","billSer"...
Status: 200
Response: {"code":2000,"message":"nok","content":[{"referenceId":"2550235","message":"لم ينجاح","errorNo":"0"}]}
Response Time: 1ms
================================================================================

[2026-06-28 19:01:33.624] FAILURE | Serial: 2598395 | Error: nok | لم ينجاح

================================================================================
[2026-06-28 19:01:35.623] REQUEST
Method: POST
Endpoint: http://localhost:8081/api/GL/ImportJournal
Body: [{"docSerExternal":"2598401","branchNo":1,"docDate":"2026-04-27","docNo":null,"jvType":1,"amountLocal":160.34,"referenceNo":"0","beneficiaryName":"","receiver":"","manualDocNo":"","description":"","addTerminalName":"1","details":[{"docDueDate":"2026-04-27","accountCode":"214310001","accountCodeDtl":"100070","accountCodeDtlSub":"","currencyCode":"SAR","exchangeRate":0,"drOrCr":1,"amountLocal":184.391,"amountForeign":0,"costCenterCode":null,"chequeNo":"0","referenceNo":"0","billNo":"","billSer":""...
Status: 200
Response: {"code":2000,"message":"nok","content":[{"referenceId":"2550235","message":"لم ينجاح","errorNo":"0"}]}
Response Time: 1ms
================================================================================

[2026-06-28 19:01:35.626] FAILURE | Serial: 2598401 | Error: nok | لم ينجاح

================================================================================
[2026-06-28 19:01:37.598] REQUEST
Method: POST
Endpoint: http://localhost:8081/api/GL/ImportJournal
Body: [{"docSerExternal":"2598402","branchNo":1,"docDate":"2026-04-27","docNo":null,"jvType":1,"amountLocal":4.0085,"referenceNo":"0","beneficiaryName":"","receiver":"","manualDocNo":"","description":"","addTerminalName":"1","details":[{"docDueDate":"2026-04-27","accountCode":"4111010001","accountCodeDtl":"100070","accountCodeDtlSub":"","currencyCode":"SAR","exchangeRate":0,"drOrCr":1,"amountLocal":4.6098,"amountForeign":0,"costCenterCode":"101070","chequeNo":"0","referenceNo":"0","billNo":"","billSer...
Status: 200
Response: {"code":2000,"message":"nok","content":[{"referenceId":"2550235","message":"لم ينجاح","errorNo":"0"}]}
Response Time: 2ms
================================================================================

[2026-06-28 19:01:37.601] FAILURE | Serial: 2598402 | Error: nok | لم ينجاح

================================================================================
[2026-06-28 19:01:39.606] REQUEST
Method: POST
Endpoint: http://localhost:8081/api/GL/ImportJournal
Body: [{"docSerExternal":"2598410","branchNo":1,"docDate":"2026-04-27","docNo":null,"jvType":1,"amountLocal":195.12,"referenceNo":"0","beneficiaryName":"","receiver":"","manualDocNo":"","description":"","addTerminalName":"1","details":[{"docDueDate":"2026-04-27","accountCode":"214310001","accountCodeDtl":"100036","accountCodeDtlSub":"","currencyCode":"SAR","exchangeRate":0,"drOrCr":1,"amountLocal":224.388,"amountForeign":0,"costCenterCode":null,"chequeNo":"0","referenceNo":"0","billNo":"","billSer":""...
Status: 200
Response: {"code":2000,"message":"nok","content":[{"referenceId":"2550235","message":"لم ينجاح","errorNo":"0"}]}
Response Time: 1ms
================================================================================

[2026-06-28 19:01:39.608] FAILURE | Serial: 2598410 | Error: nok | لم ينجاح

================================================================================
[2026-06-28 19:01:41.708] REQUEST
Method: POST
Endpoint: http://localhost:8081/api/GL/ImportJournal
Body: [{"docSerExternal":"2598411","branchNo":1,"docDate":"2026-04-27","docNo":null,"jvType":1,"amountLocal":4.878,"referenceNo":"0","beneficiaryName":"","receiver":"","manualDocNo":"","description":"","addTerminalName":"1","details":[{"docDueDate":"2026-04-27","accountCode":"4111010001","accountCodeDtl":"100036","accountCodeDtlSub":"","currencyCode":"SAR","exchangeRate":0,"drOrCr":1,"amountLocal":5.6097,"amountForeign":0,"costCenterCode":"101036","chequeNo":"0","referenceNo":"0","billNo":"","billSer"...
Status: 200
Response: {"code":2000,"message":"nok","content":[{"referenceId":"2550235","message":"لم ينجاح","errorNo":"0"}]}
Response Time: 1ms
================================================================================

[2026-06-28 19:01:41.710] FAILURE | Serial: 2598411 | Error: nok | لم ينجاح

================================================================================
[2026-06-28 19:01:43.769] REQUEST
Method: POST
Endpoint: http://localhost:8081/api/GL/ImportJournal
Body: [{"docSerExternal":"2598417","branchNo":1,"docDate":"2026-04-27","docNo":null,"jvType":1,"amountLocal":160.34,"referenceNo":"0","beneficiaryName":"","receiver":"","manualDocNo":"","description":"","addTerminalName":"1","details":[{"docDueDate":"2026-04-27","accountCode":"214310001","accountCodeDtl":"100034","accountCodeDtlSub":"","currencyCode":"SAR","exchangeRate":0,"drOrCr":1,"amountLocal":184.391,"amountForeign":0,"costCenterCode":null,"chequeNo":"0","referenceNo":"0","billNo":"","billSer":""...
Status: 200
Response: {"code":2000,"message":"nok","content":[{"referenceId":"2550235","message":"لم ينجاح","errorNo":"0"}]}
Response Time: 1ms
================================================================================

[2026-06-28 19:01:43.771] FAILURE | Serial: 2598417 | Error: nok | لم ينجاح

================================================================================
[2026-06-28 19:01:45.837] REQUEST
Method: POST
Endpoint: http://localhost:8081/api/GL/ImportJournal
Body: [{"docSerExternal":"2598418","branchNo":1,"docDate":"2026-04-27","docNo":null,"jvType":1,"amountLocal":4.0085,"referenceNo":"0","beneficiaryName":"","receiver":"","manualDocNo":"","description":"","addTerminalName":"1","details":[{"docDueDate":"2026-04-27","accountCode":"4111010001","accountCodeDtl":"100034","accountCodeDtlSub":"","currencyCode":"SAR","exchangeRate":0,"drOrCr":1,"amountLocal":4.6098,"amountForeign":0,"costCenterCode":"101034","chequeNo":"0","referenceNo":"0","billNo":"","billSer...
Status: 200
Response: {"code":2000,"message":"nok","content":[{"referenceId":"2550235","message":"لم ينجاح","errorNo":"0"}]}
Response Time: 1ms
================================================================================

[2026-06-28 19:01:45.839] FAILURE | Serial: 2598418 | Error: nok | لم ينجاح

================================================================================
[2026-06-28 19:01:47.887] REQUEST
Method: POST
Endpoint: http://localhost:8081/api/GL/ImportJournal
Body: [{"docSerExternal":"2598420","branchNo":1,"docDate":"2026-04-27","docNo":null,"jvType":1,"amountLocal":160.34,"referenceNo":"0","beneficiaryName":"","receiver":"","manualDocNo":"","description":"","addTerminalName":"1","details":[{"docDueDate":"2026-04-27","accountCode":"214310001","accountCodeDtl":"100049","accountCodeDtlSub":"","currencyCode":"SAR","exchangeRate":0,"drOrCr":1,"amountLocal":184.391,"amountForeign":0,"costCenterCode":"101049","chequeNo":"0","referenceNo":"0","billNo":"","billSer...
Status: 200
Response: {"code":2000,"message":"nok","content":[{"referenceId":"2550235","message":"لم ينجاح","errorNo":"0"}]}
Response Time: 1ms
================================================================================

[2026-06-28 19:01:47.889] FAILURE | Serial: 2598420 | Error: nok | لم ينجاح

================================================================================
[2026-06-28 19:01:49.901] REQUEST
Method: POST
Endpoint: http://localhost:8081/api/GL/ImportJournal
Body: [{"docSerExternal":"2598421","branchNo":1,"docDate":"2026-04-27","docNo":null,"jvType":1,"amountLocal":4.0085,"referenceNo":"0","beneficiaryName":"","receiver":"","manualDocNo":"","description":"","addTerminalName":"1","details":[{"docDueDate":"2026-04-27","accountCode":"4111010001","accountCodeDtl":"100049","accountCodeDtlSub":"","currencyCode":"SAR","exchangeRate":0,"drOrCr":1,"amountLocal":4.6098,"amountForeign":0,"costCenterCode":"101049","chequeNo":"0","referenceNo":"0","billNo":"","billSer...
Status: 200
Response: {"code":2000,"message":"nok","content":[{"referenceId":"2550235","message":"لم ينجاح","errorNo":"0"}]}
Response Time: 1ms
================================================================================

[2026-06-28 19:01:49.903] FAILURE | Serial: 2598421 | Error: nok | لم ينجاح

================================================================================
[2026-06-28 20:20:06.184] REQUEST
Method: POST
Endpoint: http://localhost:8081/api/GL/ImportJournal
Body: [{"docSerExternal":"2598425","branchNo":1,"docDate":"2026-04-27","docNo":null,"jvType":1,"amountLocal":157.79,"referenceNo":"0","beneficiaryName":"","receiver":"","manualDocNo":"","description":"","addTerminalName":"1","details":[{"docDueDate":"2026-04-27","accountCode":"214310001","accountCodeDtl":"100009","accountCodeDtlSub":"","currencyCode":"SAR","exchangeRate":0,"drOrCr":1,"amountLocal":181.4585,"amountForeign":0,"costCenterCode":"101009","chequeNo":"0","referenceNo":"0","billNo":"","billSe...
Status: 200
Response: {"code":0,"message":"ok","content":[{"referenceId":"2550235","message":"The operation accomplished successfully.","errorNo":"0","docNo":"17472","docSer":"2025000001000010010000117472","statusCode":"200"}]}
Response Time: 25ms
================================================================================

[2026-06-28 20:20:06.215] SUCCESS | Serial: 2598425 | Status: Statement processed successfully

================================================================================
[2026-06-28 20:20:23.161] REQUEST
Method: POST
Endpoint: http://localhost:8081/api/GL/ImportJournal
Body: [{"docSerExternal":"2598426","branchNo":1,"docDate":"2026-04-27","docNo":null,"jvType":1,"amountLocal":3.9447,"referenceNo":"0","beneficiaryName":"","receiver":"","manualDocNo":"","description":"","addTerminalName":"1","details":[{"docDueDate":"2026-04-27","accountCode":"4111010001","accountCodeDtl":"100009","accountCodeDtlSub":"","currencyCode":"SAR","exchangeRate":0,"drOrCr":1,"amountLocal":4.5364,"amountForeign":0,"costCenterCode":"101009","chequeNo":"0","referenceNo":"0","billNo":"","billSer...
Status: 200
Response: {"code":0,"message":"ok","content":[{"referenceId":"2550235","message":"The operation accomplished successfully.","errorNo":"0","docNo":"17472","docSer":"2025000001000010010000117472","statusCode":"200"}]}
Response Time: 4ms
================================================================================

[2026-06-28 20:20:23.167] SUCCESS | Serial: 2598426 | Status: Statement processed successfully

================================================================================
[2026-06-28 20:20:39.474] REQUEST
Method: POST
Endpoint: http://localhost:8081/api/GL/ImportJournal
Body: [{"docSerExternal":"2598430","branchNo":1,"docDate":"2026-04-27","docNo":null,"jvType":1,"amountLocal":157.79,"referenceNo":"0","beneficiaryName":"","receiver":"","manualDocNo":"","description":"","addTerminalName":"1","details":[{"docDueDate":"2026-04-27","accountCode":"214310001","accountCodeDtl":"100007","accountCodeDtlSub":"","currencyCode":"SAR","exchangeRate":0,"drOrCr":1,"amountLocal":181.4585,"amountForeign":0,"costCenterCode":"101007","chequeNo":"0","referenceNo":"0","billNo":"","billSe...
Status: 200
Response: {"code":0,"message":"ok","content":[{"referenceId":"2550235","message":"The operation accomplished successfully.","errorNo":"0","docNo":"17472","docSer":"2025000001000010010000117472","statusCode":"200"}]}
Response Time: 4ms
================================================================================

[2026-06-28 20:20:39.480] SUCCESS | Serial: 2598430 | Status: Statement processed successfully

================================================================================
[2026-06-28 20:20:44.498] REQUEST
Method: POST
Endpoint: http://localhost:8081/api/GL/ImportJournal
Body: [{"docSerExternal":"2598431","branchNo":1,"docDate":"2026-04-27","docNo":null,"jvType":1,"amountLocal":3.9447,"referenceNo":"0","beneficiaryName":"","receiver":"","manualDocNo":"","description":"","addTerminalName":"1","details":[{"docDueDate":"2026-04-27","accountCode":"4111010001","accountCodeDtl":"100007","accountCodeDtlSub":"","currencyCode":"SAR","exchangeRate":0,"drOrCr":1,"amountLocal":4.5364,"amountForeign":0,"costCenterCode":"101007","chequeNo":"0","referenceNo":"0","billNo":"","billSer...
Status: 200
Response: {"code":0,"message":"ok","content":[{"referenceId":"2550235","message":"The operation accomplished successfully.","errorNo":"0","docNo":"17472","docSer":"2025000001000010010000117472","statusCode":"200"}]}
Response Time: 4ms
================================================================================

[2026-06-28 20:20:44.503] SUCCESS | Serial: 2598431 | Status: Statement processed successfully

================================================================================
[2026-06-28 20:20:46.935] REQUEST
Method: POST
Endpoint: http://localhost:8081/api/GL/ImportJournal
Body: [{"docSerExternal":"2598432","branchNo":1,"docDate":"2026-04-27","docNo":null,"jvType":1,"amountLocal":169.67,"referenceNo":"0","beneficiaryName":"","receiver":"","manualDocNo":"","description":"","addTerminalName":"1","details":[{"docDueDate":"2026-04-27","accountCode":"214310001","accountCodeDtl":"100061","accountCodeDtlSub":"","currencyCode":"SAR","exchangeRate":0,"drOrCr":1,"amountLocal":195.1205,"amountForeign":0,"costCenterCode":null,"chequeNo":"0","referenceNo":"0","billNo":"","billSer":"...
Status: 200
Response: {"code":0,"message":"ok","content":[{"referenceId":"2550235","message":"The operation accomplished successfully.","errorNo":"0","docNo":"17472","docSer":"2025000001000010010000117472","statusCode":"200"}]}
Response Time: 2ms
================================================================================

[2026-06-28 20:20:46.938] SUCCESS | Serial: 2598432 | Status: Statement processed successfully

================================================================================
[2026-06-28 20:20:49.685] REQUEST
Method: POST
Endpoint: http://localhost:8081/api/GL/ImportJournal
Body: [{"docSerExternal":"2598433","branchNo":1,"docDate":"2026-04-27","docNo":null,"jvType":1,"amountLocal":4.2417,"referenceNo":"0","beneficiaryName":"","receiver":"","manualDocNo":"","description":"","addTerminalName":"1","details":[{"docDueDate":"2026-04-27","accountCode":"4111010001","accountCodeDtl":"100061","accountCodeDtlSub":"","currencyCode":"SAR","exchangeRate":0,"drOrCr":1,"amountLocal":4.878,"amountForeign":0,"costCenterCode":"101061","chequeNo":"0","referenceNo":"0","billNo":"","billSer"...
Status: 200
Response: {"code":0,"message":"ok","content":[{"referenceId":"2550235","message":"The operation accomplished successfully.","errorNo":"0","docNo":"17472","docSer":"2025000001000010010000117472","statusCode":"200"}]}
Response Time: 1ms
================================================================================

[2026-06-28 20:20:49.688] SUCCESS | Serial: 2598433 | Status: Statement processed successfully

================================================================================
[2026-06-28 20:20:52.553] REQUEST
Method: POST
Endpoint: http://localhost:8081/api/GL/ImportJournal
Body: [{"docSerExternal":"2598435","branchNo":1,"docDate":"2026-04-27","docNo":null,"jvType":1,"amountLocal":152.7,"referenceNo":"0","beneficiaryName":"","receiver":"","manualDocNo":"","description":"","addTerminalName":"1","details":[{"docDueDate":"2026-04-27","accountCode":"214310001","accountCodeDtl":"100072","accountCodeDtlSub":"","currencyCode":"SAR","exchangeRate":0,"drOrCr":1,"amountLocal":175.605,"amountForeign":0,"costCenterCode":null,"chequeNo":"0","referenceNo":"0","billNo":"","billSer":"",...
Status: 200
Response: {"code":0,"message":"ok","content":[{"referenceId":"2550235","message":"The operation accomplished successfully.","errorNo":"0","docNo":"17472","docSer":"2025000001000010010000117472","statusCode":"200"}]}
Response Time: 1ms
================================================================================

[2026-06-28 20:20:52.555] SUCCESS | Serial: 2598435 | Status: Statement processed successfully

================================================================================
[2026-06-28 20:20:55.223] REQUEST
Method: POST
Endpoint: http://localhost:8081/api/GL/ImportJournal
Body: [{"docSerExternal":"2598436","branchNo":1,"docDate":"2026-04-27","docNo":null,"jvType":1,"amountLocal":3.8175,"referenceNo":"0","beneficiaryName":"","receiver":"","manualDocNo":"","description":"","addTerminalName":"1","details":[{"docDueDate":"2026-04-27","accountCode":"4111010001","accountCodeDtl":"100072","accountCodeDtlSub":"","currencyCode":"SAR","exchangeRate":0,"drOrCr":1,"amountLocal":4.3901,"amountForeign":0,"costCenterCode":"101072","chequeNo":"0","referenceNo":"0","billNo":"","billSer...
Status: 200
Response: {"code":0,"message":"ok","content":[{"referenceId":"2550235","message":"The operation accomplished successfully.","errorNo":"0","docNo":"17472","docSer":"2025000001000010010000117472","statusCode":"200"}]}
Response Time: 2ms
================================================================================

[2026-06-28 20:20:55.227] SUCCESS | Serial: 2598436 | Status: Statement processed successfully

================================================================================
[2026-06-28 20:20:57.891] REQUEST
Method: POST
Endpoint: http://localhost:8081/api/GL/ImportJournal
Body: [{"docSerExternal":"2598438","branchNo":1,"docDate":"2026-04-27","docNo":null,"jvType":1,"amountLocal":157.79,"referenceNo":"0","beneficiaryName":"","receiver":"","manualDocNo":"","description":"","addTerminalName":"1","details":[{"docDueDate":"2026-04-27","accountCode":"214310001","accountCodeDtl":"100012","accountCodeDtlSub":"","currencyCode":"SAR","exchangeRate":0,"drOrCr":1,"amountLocal":181.4585,"amountForeign":0,"costCenterCode":"101012","chequeNo":"0","referenceNo":"0","billNo":"","billSe...
Status: 200
Response: {"code":0,"message":"ok","content":[{"referenceId":"2550235","message":"The operation accomplished successfully.","errorNo":"0","docNo":"17472","docSer":"2025000001000010010000117472","statusCode":"200"}]}
Response Time: 2ms
================================================================================

[2026-06-28 20:20:57.894] SUCCESS | Serial: 2598438 | Status: Statement processed successfully

================================================================================
[2026-06-28 20:21:00.583] REQUEST
Method: POST
Endpoint: http://localhost:8081/api/GL/ImportJournal
Body: [{"docSerExternal":"2598439","branchNo":1,"docDate":"2026-04-27","docNo":null,"jvType":1,"amountLocal":3.9447,"referenceNo":"0","beneficiaryName":"","receiver":"","manualDocNo":"","description":"","addTerminalName":"1","details":[{"docDueDate":"2026-04-27","accountCode":"4111010001","accountCodeDtl":"100012","accountCodeDtlSub":"","currencyCode":"SAR","exchangeRate":0,"drOrCr":1,"amountLocal":4.5364,"amountForeign":0,"costCenterCode":"101012","chequeNo":"0","referenceNo":"0","billNo":"","billSer...
Status: 200
Response: {"code":0,"message":"ok","content":[{"referenceId":"2550235","message":"The operation accomplished successfully.","errorNo":"0","docNo":"17472","docSer":"2025000001000010010000117472","statusCode":"200"}]}
Response Time: 1ms
================================================================================

[2026-06-28 20:21:00.586] SUCCESS | Serial: 2598439 | Status: Statement processed successfully

================================================================================
[2026-06-28 20:21:03.439] REQUEST
Method: POST
Endpoint: http://localhost:8081/api/GL/ImportJournal
Body: [{"docSerExternal":"2598441","branchNo":1,"docDate":"2026-04-27","docNo":null,"jvType":1,"amountLocal":169.67,"referenceNo":"0","beneficiaryName":"","receiver":"","manualDocNo":"","description":"","addTerminalName":"1","details":[{"docDueDate":"2026-04-27","accountCode":"214310001","accountCodeDtl":"100021","accountCodeDtlSub":"","currencyCode":"SAR","exchangeRate":0,"drOrCr":1,"amountLocal":195.1205,"amountForeign":0,"costCenterCode":null,"chequeNo":"0","referenceNo":"0","billNo":"","billSer":"...
Status: 200
Response: {"code":0,"message":"ok","content":[{"referenceId":"2550235","message":"The operation accomplished successfully.","errorNo":"0","docNo":"17472","docSer":"2025000001000010010000117472","statusCode":"200"}]}
Response Time: 1ms
================================================================================

[2026-06-28 20:21:03.441] SUCCESS | Serial: 2598441 | Status: Statement processed successfully

================================================================================
[2026-06-28 20:21:06.099] REQUEST
Method: POST
Endpoint: http://localhost:8081/api/GL/ImportJournal
Body: [{"docSerExternal":"2598442","branchNo":1,"docDate":"2026-04-27","docNo":null,"jvType":1,"amountLocal":4.2417,"referenceNo":"0","beneficiaryName":"","receiver":"","manualDocNo":"","description":"","addTerminalName":"1","details":[{"docDueDate":"2026-04-27","accountCode":"4111010001","accountCodeDtl":"100021","accountCodeDtlSub":"","currencyCode":"SAR","exchangeRate":0,"drOrCr":1,"amountLocal":4.878,"amountForeign":0,"costCenterCode":"101021","chequeNo":"0","referenceNo":"0","billNo":"","billSer"...
Status: 200
Response: {"code":0,"message":"ok","content":[{"referenceId":"2550235","message":"The operation accomplished successfully.","errorNo":"0","docNo":"17472","docSer":"2025000001000010010000117472","statusCode":"200"}]}
Response Time: 1ms
================================================================================

[2026-06-28 20:21:06.102] SUCCESS | Serial: 2598442 | Status: Statement processed successfully

================================================================================
[2026-06-28 20:21:08.874] REQUEST
Method: POST
Endpoint: http://localhost:8081/api/GL/ImportJournal
Body: [{"docSerExternal":"2598443","branchNo":1,"docDate":"2026-04-27","docNo":null,"jvType":1,"amountLocal":169.67,"referenceNo":"0","beneficiaryName":"","receiver":"","manualDocNo":"","description":"","addTerminalName":"1","details":[{"docDueDate":"2026-04-27","accountCode":"214310001","accountCodeDtl":"100008","accountCodeDtlSub":"","currencyCode":"SAR","exchangeRate":0,"drOrCr":1,"amountLocal":195.1205,"amountForeign":0,"costCenterCode":"101008","chequeNo":"0","referenceNo":"0","billNo":"","billSe...
Status: 200
Response: {"code":0,"message":"ok","content":[{"referenceId":"2550235","message":"The operation accomplished successfully.","errorNo":"0","docNo":"17472","docSer":"2025000001000010010000117472","statusCode":"200"}]}
Response Time: 2ms
================================================================================

[2026-06-28 20:21:08.877] SUCCESS | Serial: 2598443 | Status: Statement processed successfully

================================================================================
[2026-06-28 20:21:11.270] REQUEST
Method: POST
Endpoint: http://localhost:8081/api/GL/ImportJournal
Body: [{"docSerExternal":"2598444","branchNo":1,"docDate":"2026-04-27","docNo":null,"jvType":1,"amountLocal":154.4,"referenceNo":"0","beneficiaryName":"","receiver":"","manualDocNo":"","description":"","addTerminalName":"1","details":[{"docDueDate":"2026-04-27","accountCode":"214310001","accountCodeDtl":"100066","accountCodeDtlSub":"","currencyCode":"SAR","exchangeRate":0,"drOrCr":1,"amountLocal":177.56,"amountForeign":0,"costCenterCode":null,"chequeNo":"0","referenceNo":"0","billNo":"","billSer":"","...
Status: 200
Response: {"code":0,"message":"ok","content":[{"referenceId":"2550235","message":"The operation accomplished successfully.","errorNo":"0","docNo":"17472","docSer":"2025000001000010010000117472","statusCode":"200"}]}
Response Time: 2ms
================================================================================

[2026-06-28 20:21:11.274] SUCCESS | Serial: 2598444 | Status: Statement processed successfully

================================================================================
[2026-06-28 20:21:13.486] REQUEST
Method: POST
Endpoint: http://localhost:8081/api/GL/ImportJournal
Body: [{"docSerExternal":"2598445","branchNo":1,"docDate":"2026-04-27","docNo":null,"jvType":1,"amountLocal":156.1,"referenceNo":"0","beneficiaryName":"","receiver":"","manualDocNo":"","description":"","addTerminalName":"1","details":[{"docDueDate":"2026-04-27","accountCode":"214310001","accountCodeDtl":"100076","accountCodeDtlSub":"","currencyCode":"SAR","exchangeRate":0,"drOrCr":1,"amountLocal":179.515,"amountForeign":0,"costCenterCode":null,"chequeNo":"0","referenceNo":"0","billNo":"","billSer":"",...
Status: 200
Response: {"code":0,"message":"ok","content":[{"referenceId":"2550235","message":"The operation accomplished successfully.","errorNo":"0","docNo":"17472","docSer":"2025000001000010010000117472","statusCode":"200"}]}
Response Time: 2ms
================================================================================

[2026-06-28 20:21:13.489] SUCCESS | Serial: 2598445 | Status: Statement processed successfully

================================================================================
[2026-06-28 20:21:15.699] REQUEST
Method: POST
Endpoint: http://localhost:8081/api/GL/ImportJournal
Body: [{"docSerExternal":"2598446","branchNo":1,"docDate":"2026-04-27","docNo":null,"jvType":1,"amountLocal":169.67,"referenceNo":"0","beneficiaryName":"","receiver":"","manualDocNo":"","description":"","addTerminalName":"1","details":[{"docDueDate":"2026-04-27","accountCode":"214310001","accountCodeDtl":"100014","accountCodeDtlSub":"","currencyCode":"SAR","exchangeRate":0,"drOrCr":1,"amountLocal":195.1205,"amountForeign":0,"costCenterCode":"101014","chequeNo":"0","referenceNo":"0","billNo":"","billSe...
Status: 200
Response: {"code":0,"message":"ok","content":[{"referenceId":"2550235","message":"The operation accomplished successfully.","errorNo":"0","docNo":"17472","docSer":"2025000001000010010000117472","statusCode":"200"}]}
Response Time: 1ms
================================================================================

[2026-06-28 20:21:15.702] SUCCESS | Serial: 2598446 | Status: Statement processed successfully

================================================================================
[2026-06-28 20:21:17.931] REQUEST
Method: POST
Endpoint: http://localhost:8081/api/GL/ImportJournal
Body: [{"docSerExternal":"2598447","branchNo":1,"docDate":"2026-04-27","docNo":null,"jvType":1,"amountLocal":156.1,"referenceNo":"0","beneficiaryName":"","receiver":"","manualDocNo":"","description":"","addTerminalName":"1","details":[{"docDueDate":"2026-04-27","accountCode":"214310001","accountCodeDtl":"100019","accountCodeDtlSub":"","currencyCode":"SAR","exchangeRate":0,"drOrCr":1,"amountLocal":179.515,"amountForeign":0,"costCenterCode":"101019","chequeNo":"0","referenceNo":"0","billNo":"","billSer"...
Status: 200
Response: {"code":0,"message":"ok","content":[{"referenceId":"2550235","message":"The operation accomplished successfully.","errorNo":"0","docNo":"17472","docSer":"2025000001000010010000117472","statusCode":"200"}]}
Response Time: 1ms
================================================================================

[2026-06-28 20:21:17.934] SUCCESS | Serial: 2598447 | Status: Statement processed successfully

================================================================================
[2026-06-28 20:21:20.571] REQUEST
Method: POST
Endpoint: http://localhost:8081/api/GL/ImportJournal
Body: [{"docSerExternal":"2598448","branchNo":1,"docDate":"2026-04-27","docNo":null,"jvType":1,"amountLocal":152.7,"referenceNo":"0","beneficiaryName":"","receiver":"","manualDocNo":"","description":"","addTerminalName":"1","details":[{"docDueDate":"2026-04-27","accountCode":"214310001","accountCodeDtl":"100028","accountCodeDtlSub":"","currencyCode":"SAR","exchangeRate":0,"drOrCr":1,"amountLocal":175.605,"amountForeign":0,"costCenterCode":null,"chequeNo":"0","referenceNo":"0","billNo":"","billSer":"",...
Status: 200
Response: {"code":0,"message":"ok","content":[{"referenceId":"2550235","message":"The operation accomplished successfully.","errorNo":"0","docNo":"17472","docSer":"2025000001000010010000117472","statusCode":"200"}]}
Response Time: 1ms
================================================================================

[2026-06-28 20:21:20.574] SUCCESS | Serial: 2598448 | Status: Statement processed successfully

================================================================================
[2026-06-28 20:21:24.103] REQUEST
Method: POST
Endpoint: http://localhost:8081/api/GL/ImportJournal
Body: [{"docSerExternal":"2598449","branchNo":1,"docDate":"2026-04-27","docNo":null,"jvType":1,"amountLocal":169.67,"referenceNo":"0","beneficiaryName":"","receiver":"","manualDocNo":"","description":"","addTerminalName":"1","details":[{"docDueDate":"2026-04-27","accountCode":"214310001","accountCodeDtl":"100038","accountCodeDtlSub":"","currencyCode":"SAR","exchangeRate":0,"drOrCr":1,"amountLocal":195.1205,"amountForeign":0,"costCenterCode":null,"chequeNo":"0","referenceNo":"0","billNo":"","billSer":"...
Status: 200
Response: {"code":0,"message":"ok","content":[{"referenceId":"2550235","message":"The operation accomplished successfully.","errorNo":"0","docNo":"17472","docSer":"2025000001000010010000117472","statusCode":"200"}]}
Response Time: 2ms
================================================================================

[2026-06-28 20:21:24.106] SUCCESS | Serial: 2598449 | Status: Statement processed successfully

================================================================================
[2026-06-28 20:21:27.932] REQUEST
Method: POST
Endpoint: http://localhost:8081/api/GL/ImportJournal
Body: [{"docSerExternal":"2598450","branchNo":1,"docDate":"2026-04-27","docNo":null,"jvType":1,"amountLocal":154.4,"referenceNo":"0","beneficiaryName":"","receiver":"","manualDocNo":"","description":"","addTerminalName":"1","details":[{"docDueDate":"2026-04-27","accountCode":"214310001","accountCodeDtl":"100044","accountCodeDtlSub":"","currencyCode":"SAR","exchangeRate":0,"drOrCr":1,"amountLocal":177.56,"amountForeign":0,"costCenterCode":null,"chequeNo":"0","referenceNo":"0","billNo":"","billSer":"","...
Status: 200
Response: {"code":0,"message":"ok","content":[{"referenceId":"2550235","message":"The operation accomplished successfully.","errorNo":"0","docNo":"17472","docSer":"2025000001000010010000117472","statusCode":"200"}]}
Response Time: 2ms
================================================================================

[2026-06-28 20:21:27.935] SUCCESS | Serial: 2598450 | Status: Statement processed successfully

================================================================================
[2026-06-28 20:21:31.875] REQUEST
Method: POST
Endpoint: http://localhost:8081/api/GL/ImportJournal
Body: [{"docSerExternal":"2598451","branchNo":1,"docDate":"2026-04-27","docNo":null,"jvType":1,"amountLocal":169.67,"referenceNo":"0","beneficiaryName":"","receiver":"","manualDocNo":"","description":"","addTerminalName":"1","details":[{"docDueDate":"2026-04-27","accountCode":"214310001","accountCodeDtl":"100046","accountCodeDtlSub":"","currencyCode":"SAR","exchangeRate":0,"drOrCr":1,"amountLocal":195.1205,"amountForeign":0,"costCenterCode":null,"chequeNo":"0","referenceNo":"0","billNo":"","billSer":"...
Status: 200
Response: {"code":0,"message":"ok","content":[{"referenceId":"2550235","message":"The operation accomplished successfully.","errorNo":"0","docNo":"17472","docSer":"2025000001000010010000117472","statusCode":"200"}]}
Response Time: 1ms
================================================================================

[2026-06-28 20:21:31.878] SUCCESS | Serial: 2598451 | Status: Statement processed successfully

================================================================================
[2026-06-28 20:21:36.135] REQUEST
Method: POST
Endpoint: http://localhost:8081/api/GL/ImportJournal
Body: [{"docSerExternal":"2598452","branchNo":1,"docDate":"2026-04-27","docNo":null,"jvType":1,"amountLocal":312,"referenceNo":"0","beneficiaryName":"","receiver":"","manualDocNo":"","description":"","addTerminalName":"1","details":[{"docDueDate":"2026-04-27","accountCode":"214310001","accountCodeDtl":"100048","accountCodeDtlSub":"","currencyCode":"SAR","exchangeRate":0,"drOrCr":1,"amountLocal":358.8,"amountForeign":0,"costCenterCode":"101048","chequeNo":"0","referenceNo":"0","billNo":"","billSer":"",...
Status: 200
Response: {"code":0,"message":"ok","content":[{"referenceId":"2550235","message":"The operation accomplished successfully.","errorNo":"0","docNo":"17472","docSer":"2025000001000010010000117472","statusCode":"200"}]}
Response Time: 14ms
================================================================================

[2026-06-28 20:21:36.151] SUCCESS | Serial: 2598452 | Status: Statement processed successfully

================================================================================
[2026-06-28 20:21:40.375] REQUEST
Method: POST
Endpoint: http://localhost:8081/api/GL/ImportJournal
Body: [{"docSerExternal":"2598453","branchNo":1,"docDate":"2026-04-27","docNo":null,"jvType":1,"amountLocal":156.1,"referenceNo":"0","beneficiaryName":"","receiver":"","manualDocNo":"","description":"","addTerminalName":"1","details":[{"docDueDate":"2026-04-27","accountCode":"214310001","accountCodeDtl":"100050","accountCodeDtlSub":"","currencyCode":"SAR","exchangeRate":0,"drOrCr":1,"amountLocal":179.515,"amountForeign":0,"costCenterCode":"101050","chequeNo":"0","referenceNo":"0","billNo":"","billSer"...
Status: 200
Response: {"code":0,"message":"ok","content":[{"referenceId":"2550235","message":"The operation accomplished successfully.","errorNo":"0","docNo":"17472","docSer":"2025000001000010010000117472","statusCode":"200"}]}
Response Time: 10ms
================================================================================

[2026-06-28 20:21:40.387] SUCCESS | Serial: 2598453 | Status: Statement processed successfully

================================================================================
[2026-06-28 20:21:44.423] REQUEST
Method: POST
Endpoint: http://localhost:8081/api/GL/ImportJournal
Body: [{"docSerExternal":"2598454","branchNo":1,"docDate":"2026-04-27","docNo":null,"jvType":1,"amountLocal":152.7,"referenceNo":"0","beneficiaryName":"","receiver":"","manualDocNo":"","description":"","addTerminalName":"1","details":[{"docDueDate":"2026-04-27","accountCode":"214310001","accountCodeDtl":"100053","accountCodeDtlSub":"","currencyCode":"SAR","exchangeRate":0,"drOrCr":1,"amountLocal":175.605,"amountForeign":0,"costCenterCode":"101053","chequeNo":"0","referenceNo":"0","billNo":"","billSer"...
Status: 200
Response: {"code":0,"message":"ok","content":[{"referenceId":"2550235","message":"The operation accomplished successfully.","errorNo":"0","docNo":"17472","docSer":"2025000001000010010000117472","statusCode":"200"}]}
Response Time: 4ms
================================================================================

[2026-06-28 20:21:44.429] SUCCESS | Serial: 2598454 | Status: Statement processed successfully

================================================================================
[2026-06-28 20:21:48.527] REQUEST
Method: POST
Endpoint: http://localhost:8081/api/GL/ImportJournal
Body: [{"docSerExternal":"2598455","branchNo":1,"docDate":"2026-04-27","docNo":null,"jvType":1,"amountLocal":169.67,"referenceNo":"0","beneficiaryName":"","receiver":"","manualDocNo":"","description":"","addTerminalName":"1","details":[{"docDueDate":"2026-04-27","accountCode":"214310001","accountCodeDtl":"100056","accountCodeDtlSub":"","currencyCode":"SAR","exchangeRate":0,"drOrCr":1,"amountLocal":195.1205,"amountForeign":0,"costCenterCode":"101056","chequeNo":"0","referenceNo":"0","billNo":"","billSe...
Status: 200
Response: {"code":0,"message":"ok","content":[{"referenceId":"2550235","message":"The operation accomplished successfully.","errorNo":"0","docNo":"17472","docSer":"2025000001000010010000117472","statusCode":"200"}]}
Response Time: 5ms
================================================================================

[2026-06-28 20:21:48.534] SUCCESS | Serial: 2598455 | Status: Statement processed successfully

================================================================================
[2026-06-28 20:21:52.632] REQUEST
Method: POST
Endpoint: http://localhost:8081/api/GL/ImportJournal
Body: [{"docSerExternal":"2598456","branchNo":1,"docDate":"2026-04-27","docNo":null,"jvType":1,"amountLocal":152.7,"referenceNo":"0","beneficiaryName":"","receiver":"","manualDocNo":"","description":"","addTerminalName":"1","details":[{"docDueDate":"2026-04-27","accountCode":"214310001","accountCodeDtl":"100063","accountCodeDtlSub":"","currencyCode":"SAR","exchangeRate":0,"drOrCr":1,"amountLocal":175.605,"amountForeign":0,"costCenterCode":null,"chequeNo":"0","referenceNo":"0","billNo":"","billSer":"",...
Status: 200
Response: {"code":0,"message":"ok","content":[{"referenceId":"2550235","message":"The operation accomplished successfully.","errorNo":"0","docNo":"17472","docSer":"2025000001000010010000117472","statusCode":"200"}]}
Response Time: 5ms
================================================================================

[2026-06-28 20:21:52.638] SUCCESS | Serial: 2598456 | Status: Statement processed successfully

================================================================================
[2026-06-28 20:21:56.710] REQUEST
Method: POST
Endpoint: http://localhost:8081/api/GL/ImportJournal
Body: [{"docSerExternal":"2598457","branchNo":1,"docDate":"2026-04-27","docNo":null,"jvType":1,"amountLocal":169.67,"referenceNo":"0","beneficiaryName":"","receiver":"","manualDocNo":"","description":"","addTerminalName":"1","details":[{"docDueDate":"2026-04-27","accountCode":"214310001","accountCodeDtl":"100071","accountCodeDtlSub":"","currencyCode":"SAR","exchangeRate":0,"drOrCr":1,"amountLocal":195.1205,"amountForeign":0,"costCenterCode":null,"chequeNo":"0","referenceNo":"0","billNo":"","billSer":"...
Status: 200
Response: {"code":0,"message":"ok","content":[{"referenceId":"2550235","message":"The operation accomplished successfully.","errorNo":"0","docNo":"17472","docSer":"2025000001000010010000117472","statusCode":"200"}]}
Response Time: 6ms
================================================================================

[2026-06-28 20:21:56.717] SUCCESS | Serial: 2598457 | Status: Statement processed successfully

================================================================================
[2026-06-28 20:22:00.902] REQUEST
Method: POST
Endpoint: http://localhost:8081/api/GL/ImportJournal
Body: [{"docSerExternal":"2598458","branchNo":1,"docDate":"2026-04-27","docNo":null,"jvType":1,"amountLocal":197.67,"referenceNo":"0","beneficiaryName":"","receiver":"","manualDocNo":"","description":"","addTerminalName":"1","details":[{"docDueDate":"2026-04-27","accountCode":"214310001","accountCodeDtl":"100073","accountCodeDtlSub":"","currencyCode":"SAR","exchangeRate":0,"drOrCr":1,"amountLocal":227.3205,"amountForeign":0,"costCenterCode":null,"chequeNo":"0","referenceNo":"0","billNo":"","billSer":"...
Status: 200
Response: {"code":0,"message":"ok","content":[{"referenceId":"2550235","message":"The operation accomplished successfully.","errorNo":"0","docNo":"17472","docSer":"2025000001000010010000117472","statusCode":"200"}]}
Response Time: 5ms
================================================================================

[2026-06-28 20:22:00.909] SUCCESS | Serial: 2598458 | Status: Statement processed successfully

================================================================================
[2026-06-28 20:22:05.259] REQUEST
Method: POST
Endpoint: http://localhost:8081/api/GL/ImportJournal
Body: [{"docSerExternal":"2598459","branchNo":1,"docDate":"2026-04-27","docNo":null,"jvType":1,"amountLocal":4.2417,"referenceNo":"0","beneficiaryName":"","receiver":"","manualDocNo":"","description":"","addTerminalName":"1","details":[{"docDueDate":"2026-04-27","accountCode":"4111010001","accountCodeDtl":"100008","accountCodeDtlSub":"","currencyCode":"SAR","exchangeRate":0,"drOrCr":1,"amountLocal":4.878,"amountForeign":0,"costCenterCode":"101008","chequeNo":"0","referenceNo":"0","billNo":"","billSer"...
Status: 200
Response: {"code":0,"message":"ok","content":[{"referenceId":"2550235","message":"The operation accomplished successfully.","errorNo":"0","docNo":"17472","docSer":"2025000001000010010000117472","statusCode":"200"}]}
Response Time: 4ms
================================================================================

[2026-06-28 20:22:05.265] SUCCESS | Serial: 2598459 | Status: Statement processed successfully

================================================================================
[2026-06-28 20:22:09.372] REQUEST
Method: POST
Endpoint: http://localhost:8081/api/GL/ImportJournal
Body: [{"docSerExternal":"2598460","branchNo":1,"docDate":"2026-04-27","docNo":null,"jvType":1,"amountLocal":3.86,"referenceNo":"0","beneficiaryName":"","receiver":"","manualDocNo":"","description":"","addTerminalName":"1","details":[{"docDueDate":"2026-04-27","accountCode":"4111010001","accountCodeDtl":"100066","accountCodeDtlSub":"","currencyCode":"SAR","exchangeRate":0,"drOrCr":1,"amountLocal":4.439,"amountForeign":0,"costCenterCode":"101066","chequeNo":"0","referenceNo":"0","billNo":"","billSer":"...
Status: 200
Response: {"code":0,"message":"ok","content":[{"referenceId":"2550235","message":"The operation accomplished successfully.","errorNo":"0","docNo":"17472","docSer":"2025000001000010010000117472","statusCode":"200"}]}
Response Time: 4ms
================================================================================

[2026-06-28 20:22:09.378] SUCCESS | Serial: 2598460 | Status: Statement processed successfully

================================================================================
[2026-06-28 20:22:13.557] REQUEST
Method: POST
Endpoint: http://localhost:8081/api/GL/ImportJournal
Body: [{"docSerExternal":"2598461","branchNo":1,"docDate":"2026-04-27","docNo":null,"jvType":1,"amountLocal":3.9025,"referenceNo":"0","beneficiaryName":"","receiver":"","manualDocNo":"","description":"","addTerminalName":"1","details":[{"docDueDate":"2026-04-27","accountCode":"4111010001","accountCodeDtl":"100076","accountCodeDtlSub":"","currencyCode":"SAR","exchangeRate":0,"drOrCr":1,"amountLocal":4.4879,"amountForeign":0,"costCenterCode":"101076","chequeNo":"0","referenceNo":"0","billNo":"","billSer...
Status: 200
Response: {"code":0,"message":"ok","content":[{"referenceId":"2550235","message":"The operation accomplished successfully.","errorNo":"0","docNo":"17472","docSer":"2025000001000010010000117472","statusCode":"200"}]}
Response Time: 4ms
================================================================================

[2026-06-28 20:22:13.563] SUCCESS | Serial: 2598461 | Status: Statement processed successfully

================================================================================
[2026-06-28 20:22:17.765] REQUEST
Method: POST
Endpoint: http://localhost:8081/api/GL/ImportJournal
Body: [{"docSerExternal":"2598462","branchNo":1,"docDate":"2026-04-27","docNo":null,"jvType":1,"amountLocal":4.2417,"referenceNo":"0","beneficiaryName":"","receiver":"","manualDocNo":"","description":"","addTerminalName":"1","details":[{"docDueDate":"2026-04-27","accountCode":"4111010001","accountCodeDtl":"100014","accountCodeDtlSub":"","currencyCode":"SAR","exchangeRate":0,"drOrCr":1,"amountLocal":4.878,"amountForeign":0,"costCenterCode":"101014","chequeNo":"0","referenceNo":"0","billNo":"","billSer"...
Status: 200
Response: {"code":0,"message":"ok","content":[{"referenceId":"2550235","message":"The operation accomplished successfully.","errorNo":"0","docNo":"17472","docSer":"2025000001000010010000117472","statusCode":"200"}]}
Response Time: 5ms
================================================================================

[2026-06-28 20:22:17.771] SUCCESS | Serial: 2598462 | Status: Statement processed successfully

================================================================================
[2026-06-28 20:22:21.978] REQUEST
Method: POST
Endpoint: http://localhost:8081/api/GL/ImportJournal
Body: [{"docSerExternal":"2598463","branchNo":1,"docDate":"2026-04-27","docNo":null,"jvType":1,"amountLocal":3.9025,"referenceNo":"0","beneficiaryName":"","receiver":"","manualDocNo":"","description":"","addTerminalName":"1","details":[{"docDueDate":"2026-04-27","accountCode":"4111010001","accountCodeDtl":"100018","accountCodeDtlSub":"","currencyCode":"SAR","exchangeRate":0,"drOrCr":1,"amountLocal":4.4879,"amountForeign":0,"costCenterCode":"101018","chequeNo":"0","referenceNo":"0","billNo":"","billSer...
Status: 200
Response: {"code":0,"message":"ok","content":[{"referenceId":"2550235","message":"The operation accomplished successfully.","errorNo":"0","docNo":"17472","docSer":"2025000001000010010000117472","statusCode":"200"}]}
Response Time: 4ms
================================================================================

[2026-06-28 20:22:21.983] SUCCESS | Serial: 2598463 | Status: Statement processed successfully

================================================================================
[2026-06-28 20:22:26.209] REQUEST
Method: POST
Endpoint: http://localhost:8081/api/GL/ImportJournal
Body: [{"docSerExternal":"2598464","branchNo":1,"docDate":"2026-04-27","docNo":null,"jvType":1,"amountLocal":3.8175,"referenceNo":"0","beneficiaryName":"","receiver":"","manualDocNo":"","description":"","addTerminalName":"1","details":[{"docDueDate":"2026-04-27","accountCode":"4111010001","accountCodeDtl":"100028","accountCodeDtlSub":"","currencyCode":"SAR","exchangeRate":0,"drOrCr":1,"amountLocal":4.3901,"amountForeign":0,"costCenterCode":"101028","chequeNo":"0","referenceNo":"0","billNo":"","billSer...
Status: 200
Response: {"code":0,"message":"ok","content":[{"referenceId":"2550235","message":"The operation accomplished successfully.","errorNo":"0","docNo":"17472","docSer":"2025000001000010010000117472","statusCode":"200"}]}
Response Time: 4ms
================================================================================

[2026-06-28 20:22:26.215] SUCCESS | Serial: 2598464 | Status: Statement processed successfully

================================================================================
[2026-06-28 20:22:30.574] REQUEST
Method: POST
Endpoint: http://localhost:8081/api/GL/ImportJournal
Body: [{"docSerExternal":"2598465","branchNo":1,"docDate":"2026-04-27","docNo":null,"jvType":1,"amountLocal":4.2417,"referenceNo":"0","beneficiaryName":"","receiver":"","manualDocNo":"","description":"","addTerminalName":"1","details":[{"docDueDate":"2026-04-27","accountCode":"4111010001","accountCodeDtl":"100038","accountCodeDtlSub":"","currencyCode":"SAR","exchangeRate":0,"drOrCr":1,"amountLocal":4.878,"amountForeign":0,"costCenterCode":"101038","chequeNo":"0","referenceNo":"0","billNo":"","billSer"...
Status: 200
Response: {"code":0,"message":"ok","content":[{"referenceId":"2550235","message":"The operation accomplished successfully.","errorNo":"0","docNo":"17472","docSer":"2025000001000010010000117472","statusCode":"200"}]}
Response Time: 4ms
================================================================================

[2026-06-28 20:22:30.580] SUCCESS | Serial: 2598465 | Status: Statement processed successfully

================================================================================
[2026-06-28 20:22:34.798] REQUEST
Method: POST
Endpoint: http://localhost:8081/api/GL/ImportJournal
Body: [{"docSerExternal":"2598466","branchNo":1,"docDate":"2026-04-27","docNo":null,"jvType":1,"amountLocal":3.86,"referenceNo":"0","beneficiaryName":"","receiver":"","manualDocNo":"","description":"","addTerminalName":"1","details":[{"docDueDate":"2026-04-27","accountCode":"4111010001","accountCodeDtl":"100044","accountCodeDtlSub":"","currencyCode":"SAR","exchangeRate":0,"drOrCr":1,"amountLocal":4.439,"amountForeign":0,"costCenterCode":"101044","chequeNo":"0","referenceNo":"0","billNo":"","billSer":"...
Status: 200
Response: {"code":0,"message":"ok","content":[{"referenceId":"2550235","message":"The operation accomplished successfully.","errorNo":"0","docNo":"17472","docSer":"2025000001000010010000117472","statusCode":"200"}]}
Response Time: 3ms
================================================================================

[2026-06-28 20:22:34.803] SUCCESS | Serial: 2598466 | Status: Statement processed successfully

================================================================================
[2026-06-28 20:22:39.014] REQUEST
Method: POST
Endpoint: http://localhost:8081/api/GL/ImportJournal
Body: [{"docSerExternal":"2598467","branchNo":1,"docDate":"2026-04-27","docNo":null,"jvType":1,"amountLocal":4.2417,"referenceNo":"0","beneficiaryName":"","receiver":"","manualDocNo":"","description":"","addTerminalName":"1","details":[{"docDueDate":"2026-04-27","accountCode":"4111010001","accountCodeDtl":"100046","accountCodeDtlSub":"","currencyCode":"SAR","exchangeRate":0,"drOrCr":1,"amountLocal":4.878,"amountForeign":0,"costCenterCode":"101046","chequeNo":"0","referenceNo":"0","billNo":"","billSer"...
Status: 200
Response: {"code":0,"message":"ok","content":[{"referenceId":"2550235","message":"The operation accomplished successfully.","errorNo":"0","docNo":"17472","docSer":"2025000001000010010000117472","statusCode":"200"}]}
Response Time: 4ms
================================================================================

[2026-06-28 20:22:39.020] SUCCESS | Serial: 2598467 | Status: Statement processed successfully

================================================================================
[2026-06-28 20:22:43.144] REQUEST
Method: POST
Endpoint: http://localhost:8081/api/GL/ImportJournal
Body: [{"docSerExternal":"2598468","branchNo":1,"docDate":"2026-04-27","docNo":null,"jvType":1,"amountLocal":7.8,"referenceNo":"0","beneficiaryName":"","receiver":"","manualDocNo":"","description":"","addTerminalName":"1","details":[{"docDueDate":"2026-04-27","accountCode":"4111010001","accountCodeDtl":"100048","accountCodeDtlSub":"","currencyCode":"SAR","exchangeRate":0,"drOrCr":1,"amountLocal":8.97,"amountForeign":0,"costCenterCode":"101048","chequeNo":"0","referenceNo":"0","billNo":"","billSer":"",...
Status: 200
Response: {"code":0,"message":"ok","content":[{"referenceId":"2550235","message":"The operation accomplished successfully.","errorNo":"0","docNo":"17472","docSer":"2025000001000010010000117472","statusCode":"200"}]}
Response Time: 4ms
================================================================================

[2026-06-28 20:22:43.149] SUCCESS | Serial: 2598468 | Status: Statement processed successfully

================================================================================
[2026-06-28 20:22:46.138] REQUEST
Method: POST
Endpoint: http://localhost:8081/api/GL/ImportJournal
Body: [{"docSerExternal":"2598469","branchNo":1,"docDate":"2026-04-27","docNo":null,"jvType":1,"amountLocal":3.9025,"referenceNo":"0","beneficiaryName":"","receiver":"","manualDocNo":"","description":"","addTerminalName":"1","details":[{"docDueDate":"2026-04-27","accountCode":"4111010001","accountCodeDtl":"100050","accountCodeDtlSub":"","currencyCode":"SAR","exchangeRate":0,"drOrCr":1,"amountLocal":4.4879,"amountForeign":0,"costCenterCode":"101050","chequeNo":"0","referenceNo":"0","billNo":"","billSer...
Status: 200
Response: {"code":0,"message":"ok","content":[{"referenceId":"2550235","message":"The operation accomplished successfully.","errorNo":"0","docNo":"17472","docSer":"2025000001000010010000117472","statusCode":"200"}]}
Response Time: 1ms
================================================================================

[2026-06-28 20:22:46.140] SUCCESS | Serial: 2598469 | Status: Statement processed successfully

================================================================================
[2026-06-28 20:22:50.124] REQUEST
Method: POST
Endpoint: http://localhost:8081/api/GL/ImportJournal
Body: [{"docSerExternal":"2598470","branchNo":1,"docDate":"2026-04-27","docNo":null,"jvType":1,"amountLocal":3.8175,"referenceNo":"0","beneficiaryName":"","receiver":"","manualDocNo":"","description":"","addTerminalName":"1","details":[{"docDueDate":"2026-04-27","accountCode":"4111010001","accountCodeDtl":"100053","accountCodeDtlSub":"","currencyCode":"SAR","exchangeRate":0,"drOrCr":1,"amountLocal":4.3901,"amountForeign":0,"costCenterCode":"101053","chequeNo":"0","referenceNo":"0","billNo":"","billSer...
Status: 200
Response: {"code":0,"message":"ok","content":[{"referenceId":"2550235","message":"The operation accomplished successfully.","errorNo":"0","docNo":"17472","docSer":"2025000001000010010000117472","statusCode":"200"}]}
Response Time: 1ms
================================================================================

[2026-06-28 20:22:50.127] SUCCESS | Serial: 2598470 | Status: Statement processed successfully

================================================================================
[2026-06-28 20:22:54.354] REQUEST
Method: POST
Endpoint: http://localhost:8081/api/GL/ImportJournal
Body: [{"docSerExternal":"2598471","branchNo":1,"docDate":"2026-04-27","docNo":null,"jvType":1,"amountLocal":4.2417,"referenceNo":"0","beneficiaryName":"","receiver":"","manualDocNo":"","description":"","addTerminalName":"1","details":[{"docDueDate":"2026-04-27","accountCode":"4111010001","accountCodeDtl":"100056","accountCodeDtlSub":"","currencyCode":"SAR","exchangeRate":0,"drOrCr":1,"amountLocal":4.878,"amountForeign":0,"costCenterCode":"101056","chequeNo":"0","referenceNo":"0","billNo":"","billSer"...
Status: 200
Response: {"code":0,"message":"ok","content":[{"referenceId":"2550235","message":"The operation accomplished successfully.","errorNo":"0","docNo":"17472","docSer":"2025000001000010010000117472","statusCode":"200"}]}
Response Time: 3ms
================================================================================

[2026-06-28 20:22:54.358] SUCCESS | Serial: 2598471 | Status: Statement processed successfully

================================================================================
[2026-06-28 20:22:57.180] REQUEST
Method: POST
Endpoint: http://localhost:8081/api/GL/ImportJournal
Body: [{"docSerExternal":"2598472","branchNo":1,"docDate":"2026-04-27","docNo":null,"jvType":1,"amountLocal":3.8175,"referenceNo":"0","beneficiaryName":"","receiver":"","manualDocNo":"","description":"","addTerminalName":"1","details":[{"docDueDate":"2026-04-27","accountCode":"4111010001","accountCodeDtl":"100063","accountCodeDtlSub":"","currencyCode":"SAR","exchangeRate":0,"drOrCr":1,"amountLocal":4.3901,"amountForeign":0,"costCenterCode":"101063","chequeNo":"0","referenceNo":"0","billNo":"","billSer...
Status: 200
Response: {"code":0,"message":"ok","content":[{"referenceId":"2550235","message":"The operation accomplished successfully.","errorNo":"0","docNo":"17472","docSer":"2025000001000010010000117472","statusCode":"200"}]}
Response Time: 3ms
================================================================================

[2026-06-28 20:22:57.183] SUCCESS | Serial: 2598472 | Status: Statement processed successfully

================================================================================
[2026-06-28 20:22:59.622] REQUEST
Method: POST
Endpoint: http://localhost:8081/api/GL/ImportJournal
Body: [{"docSerExternal":"2598473","branchNo":1,"docDate":"2026-04-27","docNo":null,"jvType":1,"amountLocal":4.2417,"referenceNo":"0","beneficiaryName":"","receiver":"","manualDocNo":"","description":"","addTerminalName":"1","details":[{"docDueDate":"2026-04-27","accountCode":"4111010001","accountCodeDtl":"100071","accountCodeDtlSub":"","currencyCode":"SAR","exchangeRate":0,"drOrCr":1,"amountLocal":4.878,"amountForeign":0,"costCenterCode":"101071","chequeNo":"0","referenceNo":"0","billNo":"","billSer"...
Status: 200
Response: {"code":0,"message":"ok","content":[{"referenceId":"2550235","message":"The operation accomplished successfully.","errorNo":"0","docNo":"17472","docSer":"2025000001000010010000117472","statusCode":"200"}]}
Response Time: 1ms
================================================================================

[2026-06-28 20:22:59.624] SUCCESS | Serial: 2598473 | Status: Statement processed successfully

================================================================================
[2026-06-28 20:23:02.133] REQUEST
Method: POST
Endpoint: http://localhost:8081/api/GL/ImportJournal
Body: [{"docSerExternal":"2598474","branchNo":1,"docDate":"2026-04-27","docNo":null,"jvType":1,"amountLocal":4.9417,"referenceNo":"0","beneficiaryName":"","receiver":"","manualDocNo":"","description":"","addTerminalName":"1","details":[{"docDueDate":"2026-04-27","accountCode":"4111010001","accountCodeDtl":"100073","accountCodeDtlSub":"","currencyCode":"SAR","exchangeRate":0,"drOrCr":1,"amountLocal":5.683,"amountForeign":0,"costCenterCode":"101073","chequeNo":"0","referenceNo":"0","billNo":"","billSer"...
Status: 200
Response: {"code":0,"message":"ok","content":[{"referenceId":"2550235","message":"The operation accomplished successfully.","errorNo":"0","docNo":"17472","docSer":"2025000001000010010000117472","statusCode":"200"}]}
Response Time: 1ms
================================================================================

[2026-06-28 20:23:02.135] SUCCESS | Serial: 2598474 | Status: Statement processed successfully

================================================================================
[2026-06-28 20:23:04.634] REQUEST
Method: POST
Endpoint: http://localhost:8081/api/GL/ImportJournal
Body: [{"docSerExternal":"2598476","branchNo":1,"docDate":"2026-04-27","docNo":null,"jvType":1,"amountLocal":169.67,"referenceNo":"0","beneficiaryName":"","receiver":"","manualDocNo":"","description":"","addTerminalName":"1","details":[{"docDueDate":"2026-04-27","accountCode":"214310001","accountCodeDtl":"100019","accountCodeDtlSub":"","currencyCode":"SAR","exchangeRate":0,"drOrCr":1,"amountLocal":195.1205,"amountForeign":0,"costCenterCode":"101019","chequeNo":"0","referenceNo":"0","billNo":"","billSe...
Status: 200
Response: {"code":0,"message":"ok","content":[{"referenceId":"2550235","message":"The operation accomplished successfully.","errorNo":"0","docNo":"17472","docSer":"2025000001000010010000117472","statusCode":"200"}]}
Response Time: 3ms
================================================================================

[2026-06-28 20:23:04.638] SUCCESS | Serial: 2598476 | Status: Statement processed successfully

================================================================================
[2026-06-28 20:23:07.127] REQUEST
Method: POST
Endpoint: http://localhost:8081/api/GL/ImportJournal
Body: [{"docSerExternal":"2598477","branchNo":1,"docDate":"2026-04-27","docNo":null,"jvType":1,"amountLocal":4.2417,"referenceNo":"0","beneficiaryName":"","receiver":"","manualDocNo":"","description":"","addTerminalName":"1","details":[{"docDueDate":"2026-04-27","accountCode":"4111010001","accountCodeDtl":"100029","accountCodeDtlSub":"","currencyCode":"SAR","exchangeRate":0,"drOrCr":1,"amountLocal":4.878,"amountForeign":0,"costCenterCode":"101029","chequeNo":"0","referenceNo":"0","billNo":"","billSer"...
Status: 200
Response: {"code":0,"message":"ok","content":[{"referenceId":"2550235","message":"The operation accomplished successfully.","errorNo":"0","docNo":"17472","docSer":"2025000001000010010000117472","statusCode":"200"}]}
Response Time: 2ms
================================================================================

[2026-06-28 20:23:07.130] SUCCESS | Serial: 2598477 | Status: Statement processed successfully

================================================================================
[2026-06-28 20:23:09.621] REQUEST
Method: POST
Endpoint: http://localhost:8081/api/GL/ImportJournal
Body: [{"docSerExternal":"2598479","branchNo":1,"docDate":"2026-04-27","docNo":null,"jvType":1,"amountLocal":157.79,"referenceNo":"0","beneficiaryName":"","receiver":"","manualDocNo":"","description":"","addTerminalName":"1","details":[{"docDueDate":"2026-04-27","accountCode":"214310001","accountCodeDtl":"100052","accountCodeDtlSub":"","currencyCode":"SAR","exchangeRate":0,"drOrCr":1,"amountLocal":181.4585,"amountForeign":0,"costCenterCode":"101052","chequeNo":"0","referenceNo":"0","billNo":"","billSe...
Status: 200
Response: {"code":0,"message":"ok","content":[{"referenceId":"2550235","message":"The operation accomplished successfully.","errorNo":"0","docNo":"17472","docSer":"2025000001000010010000117472","statusCode":"200"}]}
Response Time: 1ms
================================================================================

[2026-06-28 20:23:09.623] SUCCESS | Serial: 2598479 | Status: Statement processed successfully

================================================================================
[2026-06-28 20:23:12.154] REQUEST
Method: POST
Endpoint: http://localhost:8081/api/GL/ImportJournal
Body: [{"docSerExternal":"2598480","branchNo":1,"docDate":"2026-04-27","docNo":null,"jvType":1,"amountLocal":3.9447,"referenceNo":"0","beneficiaryName":"","receiver":"","manualDocNo":"","description":"","addTerminalName":"1","details":[{"docDueDate":"2026-04-27","accountCode":"4111010001","accountCodeDtl":"100052","accountCodeDtlSub":"","currencyCode":"SAR","exchangeRate":0,"drOrCr":1,"amountLocal":4.5364,"amountForeign":0,"costCenterCode":"101052","chequeNo":"0","referenceNo":"0","billNo":"","billSer...
Status: 200
Response: {"code":0,"message":"ok","content":[{"referenceId":"2550235","message":"The operation accomplished successfully.","errorNo":"0","docNo":"17472","docSer":"2025000001000010010000117472","statusCode":"200"}]}
Response Time: 1ms
================================================================================

[2026-06-28 20:23:12.156] SUCCESS | Serial: 2598480 | Status: Statement processed successfully

================================================================================
[2026-06-28 20:23:14.649] REQUEST
Method: POST
Endpoint: http://localhost:8081/api/GL/ImportJournal
Body: [{"docSerExternal":"2598482","branchNo":1,"docDate":"2026-04-27","docNo":null,"jvType":1,"amountLocal":152.7,"referenceNo":"0","beneficiaryName":"","receiver":"","manualDocNo":"","description":"","addTerminalName":"1","details":[{"docDueDate":"2026-04-27","accountCode":"214310001","accountCodeDtl":"100001","accountCodeDtlSub":"","currencyCode":"SAR","exchangeRate":0,"drOrCr":1,"amountLocal":175.605,"amountForeign":0,"costCenterCode":"101001","chequeNo":"0","referenceNo":"0","billNo":"","billSer"...
Status: 200
Response: {"code":0,"message":"ok","content":[{"referenceId":"2550235","message":"The operation accomplished successfully.","errorNo":"0","docNo":"17472","docSer":"2025000001000010010000117472","statusCode":"200"}]}
Response Time: 1ms
================================================================================

[2026-06-28 20:23:14.652] SUCCESS | Serial: 2598482 | Status: Statement processed successfully

================================================================================
[2026-06-28 20:23:17.201] REQUEST
Method: POST
Endpoint: http://localhost:8081/api/GL/ImportJournal
Body: [{"docSerExternal":"2598483","branchNo":1,"docDate":"2026-04-27","docNo":null,"jvType":1,"amountLocal":3.8175,"referenceNo":"0","beneficiaryName":"","receiver":"","manualDocNo":"","description":"","addTerminalName":"1","details":[{"docDueDate":"2026-04-27","accountCode":"4111010001","accountCodeDtl":"100001","accountCodeDtlSub":"","currencyCode":"SAR","exchangeRate":0,"drOrCr":1,"amountLocal":4.3901,"amountForeign":0,"costCenterCode":"101001","chequeNo":"0","referenceNo":"0","billNo":"","billSer...
Status: 200
Response: {"code":0,"message":"ok","content":[{"referenceId":"2550235","message":"The operation accomplished successfully.","errorNo":"0","docNo":"17472","docSer":"2025000001000010010000117472","statusCode":"200"}]}
Response Time: 2ms
================================================================================

[2026-06-28 20:23:17.204] SUCCESS | Serial: 2598483 | Status: Statement processed successfully

================================================================================
[2026-06-28 20:23:19.769] REQUEST
Method: POST
Endpoint: http://localhost:8081/api/GL/ImportJournal
Body: [{"docSerExternal":"2598485","branchNo":1,"docDate":"2026-04-27","docNo":null,"jvType":1,"amountLocal":157.79,"referenceNo":"0","beneficiaryName":"","receiver":"","manualDocNo":"","description":"","addTerminalName":"1","details":[{"docDueDate":"2026-04-27","accountCode":"214310001","accountCodeDtl":"100041","accountCodeDtlSub":"","currencyCode":"SAR","exchangeRate":0,"drOrCr":1,"amountLocal":181.4585,"amountForeign":0,"costCenterCode":null,"chequeNo":"0","referenceNo":"0","billNo":"","billSer":"...
Status: 200
Response: {"code":0,"message":"ok","content":[{"referenceId":"2550235","message":"The operation accomplished successfully.","errorNo":"0","docNo":"17472","docSer":"2025000001000010010000117472","statusCode":"200"}]}
Response Time: 2ms
================================================================================

[2026-06-28 20:23:19.772] SUCCESS | Serial: 2598485 | Status: Statement processed successfully

================================================================================
[2026-06-28 20:23:22.338] REQUEST
Method: POST
Endpoint: http://localhost:8081/api/GL/ImportJournal
Body: [{"docSerExternal":"2598486","branchNo":1,"docDate":"2026-04-27","docNo":null,"jvType":1,"amountLocal":3.9447,"referenceNo":"0","beneficiaryName":"","receiver":"","manualDocNo":"","description":"","addTerminalName":"1","details":[{"docDueDate":"2026-04-27","accountCode":"4111010001","accountCodeDtl":"100041","accountCodeDtlSub":"","currencyCode":"SAR","exchangeRate":0,"drOrCr":1,"amountLocal":4.5364,"amountForeign":0,"costCenterCode":"101041","chequeNo":"0","referenceNo":"0","billNo":"","billSer...
Status: 200
Response: {"code":0,"message":"ok","content":[{"referenceId":"2550235","message":"The operation accomplished successfully.","errorNo":"0","docNo":"17472","docSer":"2025000001000010010000117472","statusCode":"200"}]}
Response Time: 2ms
================================================================================

[2026-06-28 20:23:22.341] SUCCESS | Serial: 2598486 | Status: Statement processed successfully

================================================================================
[2026-06-28 20:23:24.873] REQUEST
Method: POST
Endpoint: http://localhost:8081/api/GL/ImportJournal
Body: [{"docSerExternal":"2598488","branchNo":1,"docDate":"2026-04-27","docNo":null,"jvType":1,"amountLocal":339.34,"referenceNo":"0","beneficiaryName":"","receiver":"","manualDocNo":"","description":"","addTerminalName":"1","details":[{"docDueDate":"2026-04-27","accountCode":"214310001","accountCodeDtl":"100010","accountCodeDtlSub":"","currencyCode":"SAR","exchangeRate":0,"drOrCr":1,"amountLocal":390.241,"amountForeign":0,"costCenterCode":"101010","chequeNo":"0","referenceNo":"0","billNo":"","billSer...
Status: 200
Response: {"code":0,"message":"ok","content":[{"referenceId":"2550235","message":"The operation accomplished successfully.","errorNo":"0","docNo":"17472","docSer":"2025000001000010010000117472","statusCode":"200"}]}
Response Time: 1ms
================================================================================

[2026-06-28 20:23:24.876] SUCCESS | Serial: 2598488 | Status: Statement processed successfully

================================================================================
[2026-06-28 20:23:27.424] REQUEST
Method: POST
Endpoint: http://localhost:8081/api/GL/ImportJournal
Body: [{"docSerExternal":"2598489","branchNo":1,"docDate":"2026-04-27","docNo":null,"jvType":1,"amountLocal":8.4835,"referenceNo":"0","beneficiaryName":"","receiver":"","manualDocNo":"","description":"","addTerminalName":"1","details":[{"docDueDate":"2026-04-27","accountCode":"4111010001","accountCodeDtl":"100010","accountCodeDtlSub":"","currencyCode":"SAR","exchangeRate":0,"drOrCr":1,"amountLocal":9.756,"amountForeign":0,"costCenterCode":"101010","chequeNo":"0","referenceNo":"0","billNo":"","billSer"...
Status: 200
Response: {"code":0,"message":"ok","content":[{"referenceId":"2550235","message":"The operation accomplished successfully.","errorNo":"0","docNo":"17472","docSer":"2025000001000010010000117472","statusCode":"200"}]}
Response Time: 2ms
================================================================================

[2026-06-28 20:23:27.427] SUCCESS | Serial: 2598489 | Status: Statement processed successfully

================================================================================
[2026-06-28 20:23:30.035] REQUEST
Method: POST
Endpoint: http://localhost:8081/api/GL/ImportJournal
Body: [{"docSerExternal":"2598491","branchNo":1,"docDate":"2026-04-27","docNo":null,"jvType":1,"amountLocal":169.67,"referenceNo":"0","beneficiaryName":"","receiver":"","manualDocNo":"","description":"","addTerminalName":"1","details":[{"docDueDate":"2026-04-27","accountCode":"214310001","accountCodeDtl":"100013","accountCodeDtlSub":"","currencyCode":"SAR","exchangeRate":0,"drOrCr":1,"amountLocal":195.1205,"amountForeign":0,"costCenterCode":"101013","chequeNo":"0","referenceNo":"0","billNo":"","billSe...
Status: 200
Response: {"code":0,"message":"ok","content":[{"referenceId":"2550235","message":"The operation accomplished successfully.","errorNo":"0","docNo":"17472","docSer":"2025000001000010010000117472","statusCode":"200"}]}
Response Time: 1ms
================================================================================

[2026-06-28 20:23:30.038] SUCCESS | Serial: 2598491 | Status: Statement processed successfully

================================================================================
[2026-06-28 20:23:32.897] REQUEST
Method: POST
Endpoint: http://localhost:8081/api/GL/ImportJournal
Body: [{"docSerExternal":"2598492","branchNo":1,"docDate":"2026-04-27","docNo":null,"jvType":1,"amountLocal":4.2417,"referenceNo":"0","beneficiaryName":"","receiver":"","manualDocNo":"","description":"","addTerminalName":"1","details":[{"docDueDate":"2026-04-27","accountCode":"4111010001","accountCodeDtl":"100013","accountCodeDtlSub":"","currencyCode":"SAR","exchangeRate":0,"drOrCr":1,"amountLocal":4.878,"amountForeign":0,"costCenterCode":"101013","chequeNo":"0","referenceNo":"0","billNo":"","billSer"...
Status: 200
Response: {"code":0,"message":"ok","content":[{"referenceId":"2550235","message":"The operation accomplished successfully.","errorNo":"0","docNo":"17472","docSer":"2025000001000010010000117472","statusCode":"200"}]}
Response Time: 2ms
================================================================================

[2026-06-28 20:23:32.900] SUCCESS | Serial: 2598492 | Status: Statement processed successfully

================================================================================
[2026-06-28 20:23:35.816] REQUEST
Method: POST
Endpoint: http://localhost:8081/api/GL/ImportJournal
Body: [{"docSerExternal":"2598385","branchNo":1,"docDate":"2026-04-27","docNo":null,"jvType":1,"amountLocal":212.09,"referenceNo":"0","beneficiaryName":"","receiver":"","manualDocNo":"","description":"","addTerminalName":"1","details":[{"docDueDate":"2026-04-27","accountCode":"214310001","accountCodeDtl":"100040","accountCodeDtlSub":"","currencyCode":"SAR","exchangeRate":0,"drOrCr":1,"amountLocal":243.9035,"amountForeign":0,"costCenterCode":null,"chequeNo":"0","referenceNo":"0","billNo":"","billSer":"...
Status: 200
Response: {"code":0,"message":"ok","content":[{"referenceId":"2550235","message":"The operation accomplished successfully.","errorNo":"0","docNo":"17472","docSer":"2025000001000010010000117472","statusCode":"200"}]}
Response Time: 1ms
================================================================================

[2026-06-28 20:23:35.819] SUCCESS | Serial: 2598385 | Status: Statement processed successfully

================================================================================
[2026-06-28 20:23:38.408] REQUEST
Method: POST
Endpoint: http://localhost:8081/api/GL/ImportJournal
Body: [{"docSerExternal":"2598386","branchNo":1,"docDate":"2026-04-27","docNo":null,"jvType":1,"amountLocal":5.3022,"referenceNo":"0","beneficiaryName":"","receiver":"","manualDocNo":"","description":"","addTerminalName":"1","details":[{"docDueDate":"2026-04-27","accountCode":"4111010001","accountCodeDtl":"100040","accountCodeDtlSub":"","currencyCode":"SAR","exchangeRate":0,"drOrCr":1,"amountLocal":6.0975,"amountForeign":0,"costCenterCode":"101040","chequeNo":"0","referenceNo":"0","billNo":"","billSer...
Status: 200
Response: {"code":0,"message":"ok","content":[{"referenceId":"2550235","message":"The operation accomplished successfully.","errorNo":"0","docNo":"17472","docSer":"2025000001000010010000117472","statusCode":"200"}]}
Response Time: 2ms
================================================================================

[2026-06-28 20:23:38.410] SUCCESS | Serial: 2598386 | Status: Statement processed successfully

================================================================================
[2026-06-28 20:23:41.011] REQUEST
Method: POST
Endpoint: http://localhost:8081/api/GL/ImportJournal
Body: [{"docSerExternal":"2598388","branchNo":1,"docDate":"2026-04-27","docNo":null,"jvType":1,"amountLocal":169.67,"referenceNo":"0","beneficiaryName":"","receiver":"","manualDocNo":"","description":"","addTerminalName":"1","details":[{"docDueDate":"2026-04-27","accountCode":"214310001","accountCodeDtl":"100060","accountCodeDtlSub":"","currencyCode":"SAR","exchangeRate":0,"drOrCr":1,"amountLocal":195.1205,"amountForeign":0,"costCenterCode":null,"chequeNo":"0","referenceNo":"0","billNo":"","billSer":"...
Status: 200
Response: {"code":0,"message":"ok","content":[{"referenceId":"2550235","message":"The operation accomplished successfully.","errorNo":"0","docNo":"17472","docSer":"2025000001000010010000117472","statusCode":"200"}]}
Response Time: 1ms
================================================================================

[2026-06-28 20:23:41.013] SUCCESS | Serial: 2598388 | Status: Statement processed successfully

================================================================================
[2026-06-28 20:23:43.593] REQUEST
Method: POST
Endpoint: http://localhost:8081/api/GL/ImportJournal
Body: [{"docSerExternal":"2598389","branchNo":1,"docDate":"2026-04-27","docNo":null,"jvType":1,"amountLocal":4.2417,"referenceNo":"0","beneficiaryName":"","receiver":"","manualDocNo":"","description":"","addTerminalName":"1","details":[{"docDueDate":"2026-04-27","accountCode":"4111010001","accountCodeDtl":"100060","accountCodeDtlSub":"","currencyCode":"SAR","exchangeRate":0,"drOrCr":1,"amountLocal":4.878,"amountForeign":0,"costCenterCode":"101060","chequeNo":"0","referenceNo":"0","billNo":"","billSer"...
Status: 200
Response: {"code":0,"message":"ok","content":[{"referenceId":"2550235","message":"The operation accomplished successfully.","errorNo":"0","docNo":"17472","docSer":"2025000001000010010000117472","statusCode":"200"}]}
Response Time: 2ms
================================================================================

[2026-06-28 20:23:43.595] SUCCESS | Serial: 2598389 | Status: Statement processed successfully

================================================================================
[2026-06-28 20:23:46.208] REQUEST
Method: POST
Endpoint: http://localhost:8081/api/GL/ImportJournal
Body: [{"docSerExternal":"2598391","branchNo":1,"docDate":"2026-04-27","docNo":null,"jvType":1,"amountLocal":169.67,"referenceNo":"0","beneficiaryName":"","receiver":"","manualDocNo":"","description":"","addTerminalName":"1","details":[{"docDueDate":"2026-04-27","accountCode":"214310001","accountCodeDtl":"100004","accountCodeDtlSub":"","currencyCode":"SAR","exchangeRate":0,"drOrCr":1,"amountLocal":195.1205,"amountForeign":0,"costCenterCode":"101004","chequeNo":"0","referenceNo":"0","billNo":"","billSe...
Status: 200
Response: {"code":0,"message":"ok","content":[{"referenceId":"2550235","message":"The operation accomplished successfully.","errorNo":"0","docNo":"17472","docSer":"2025000001000010010000117472","statusCode":"200"}]}
Response Time: 1ms
================================================================================

[2026-06-28 20:23:46.211] SUCCESS | Serial: 2598391 | Status: Statement processed successfully

================================================================================
[2026-06-28 20:23:48.820] REQUEST
Method: POST
Endpoint: http://localhost:8081/api/GL/ImportJournal
Body: [{"docSerExternal":"2598392","branchNo":1,"docDate":"2026-04-27","docNo":null,"jvType":1,"amountLocal":4.2417,"referenceNo":"0","beneficiaryName":"","receiver":"","manualDocNo":"","description":"","addTerminalName":"1","details":[{"docDueDate":"2026-04-27","accountCode":"4111010001","accountCodeDtl":"100004","accountCodeDtlSub":"","currencyCode":"SAR","exchangeRate":0,"drOrCr":1,"amountLocal":4.878,"amountForeign":0,"costCenterCode":"101004","chequeNo":"0","referenceNo":"0","billNo":"","billSer"...
Status: 200
Response: {"code":0,"message":"ok","content":[{"referenceId":"2550235","message":"The operation accomplished successfully.","errorNo":"0","docNo":"17472","docSer":"2025000001000010010000117472","statusCode":"200"}]}
Response Time: 2ms
================================================================================

[2026-06-28 20:23:48.823] SUCCESS | Serial: 2598392 | Status: Statement processed successfully

================================================================================
[2026-06-28 20:23:51.428] REQUEST
Method: POST
Endpoint: http://localhost:8081/api/GL/ImportJournal
Body: [{"docSerExternal":"2598394","branchNo":1,"docDate":"2026-04-27","docNo":null,"jvType":1,"amountLocal":169.67,"referenceNo":"0","beneficiaryName":"","receiver":"","manualDocNo":"","description":"","addTerminalName":"1","details":[{"docDueDate":"2026-04-27","accountCode":"214310001","accountCodeDtl":"100062","accountCodeDtlSub":"","currencyCode":"SAR","exchangeRate":0,"drOrCr":1,"amountLocal":195.1205,"amountForeign":0,"costCenterCode":null,"chequeNo":"0","referenceNo":"0","billNo":"","billSer":"...
Status: 200
Response: {"code":0,"message":"ok","content":[{"referenceId":"2550235","message":"The operation accomplished successfully.","errorNo":"0","docNo":"17472","docSer":"2025000001000010010000117472","statusCode":"200"}]}
Response Time: 3ms
================================================================================

[2026-06-28 20:23:51.433] SUCCESS | Serial: 2598394 | Status: Statement processed successfully

================================================================================
[2026-06-28 20:23:54.062] REQUEST
Method: POST
Endpoint: http://localhost:8081/api/GL/ImportJournal
Body: [{"docSerExternal":"2598395","branchNo":1,"docDate":"2026-04-27","docNo":null,"jvType":1,"amountLocal":4.2417,"referenceNo":"0","beneficiaryName":"","receiver":"","manualDocNo":"","description":"","addTerminalName":"1","details":[{"docDueDate":"2026-04-27","accountCode":"4111010001","accountCodeDtl":"100062","accountCodeDtlSub":"","currencyCode":"SAR","exchangeRate":0,"drOrCr":1,"amountLocal":4.878,"amountForeign":0,"costCenterCode":"101062","chequeNo":"0","referenceNo":"0","billNo":"","billSer"...
Status: 200
Response: {"code":0,"message":"ok","content":[{"referenceId":"2550235","message":"The operation accomplished successfully.","errorNo":"0","docNo":"17472","docSer":"2025000001000010010000117472","statusCode":"200"}]}
Response Time: 1ms
================================================================================

[2026-06-28 20:23:54.065] SUCCESS | Serial: 2598395 | Status: Statement processed successfully

================================================================================
[2026-06-28 20:23:56.861] REQUEST
Method: POST
Endpoint: http://localhost:8081/api/GL/ImportJournal
Body: [{"docSerExternal":"2598401","branchNo":1,"docDate":"2026-04-27","docNo":null,"jvType":1,"amountLocal":160.34,"referenceNo":"0","beneficiaryName":"","receiver":"","manualDocNo":"","description":"","addTerminalName":"1","details":[{"docDueDate":"2026-04-27","accountCode":"214310001","accountCodeDtl":"100070","accountCodeDtlSub":"","currencyCode":"SAR","exchangeRate":0,"drOrCr":1,"amountLocal":184.391,"amountForeign":0,"costCenterCode":null,"chequeNo":"0","referenceNo":"0","billNo":"","billSer":""...
Status: 200
Response: {"code":0,"message":"ok","content":[{"referenceId":"2550235","message":"The operation accomplished successfully.","errorNo":"0","docNo":"17472","docSer":"2025000001000010010000117472","statusCode":"200"}]}
Response Time: 2ms
================================================================================

[2026-06-28 20:23:56.865] SUCCESS | Serial: 2598401 | Status: Statement processed successfully

================================================================================
[2026-06-28 20:24:00.159] REQUEST
Method: POST
Endpoint: http://localhost:8081/api/GL/ImportJournal
Body: [{"docSerExternal":"2598402","branchNo":1,"docDate":"2026-04-27","docNo":null,"jvType":1,"amountLocal":4.0085,"referenceNo":"0","beneficiaryName":"","receiver":"","manualDocNo":"","description":"","addTerminalName":"1","details":[{"docDueDate":"2026-04-27","accountCode":"4111010001","accountCodeDtl":"100070","accountCodeDtlSub":"","currencyCode":"SAR","exchangeRate":0,"drOrCr":1,"amountLocal":4.6098,"amountForeign":0,"costCenterCode":"101070","chequeNo":"0","referenceNo":"0","billNo":"","billSer...
Status: 200
Response: {"code":0,"message":"ok","content":[{"referenceId":"2550235","message":"The operation accomplished successfully.","errorNo":"0","docNo":"17472","docSer":"2025000001000010010000117472","statusCode":"200"}]}
Response Time: 1ms
================================================================================

[2026-06-28 20:24:00.162] SUCCESS | Serial: 2598402 | Status: Statement processed successfully

================================================================================
[2026-06-28 20:24:03.390] REQUEST
Method: POST
Endpoint: http://localhost:8081/api/GL/ImportJournal
Body: [{"docSerExternal":"2598410","branchNo":1,"docDate":"2026-04-27","docNo":null,"jvType":1,"amountLocal":195.12,"referenceNo":"0","beneficiaryName":"","receiver":"","manualDocNo":"","description":"","addTerminalName":"1","details":[{"docDueDate":"2026-04-27","accountCode":"214310001","accountCodeDtl":"100036","accountCodeDtlSub":"","currencyCode":"SAR","exchangeRate":0,"drOrCr":1,"amountLocal":224.388,"amountForeign":0,"costCenterCode":null,"chequeNo":"0","referenceNo":"0","billNo":"","billSer":""...
Status: 200
Response: {"code":0,"message":"ok","content":[{"referenceId":"2550235","message":"The operation accomplished successfully.","errorNo":"0","docNo":"17472","docSer":"2025000001000010010000117472","statusCode":"200"}]}
Response Time: 1ms
================================================================================

[2026-06-28 20:24:03.393] SUCCESS | Serial: 2598410 | Status: Statement processed successfully

================================================================================
[2026-06-28 20:24:06.605] REQUEST
Method: POST
Endpoint: http://localhost:8081/api/GL/ImportJournal
Body: [{"docSerExternal":"2598411","branchNo":1,"docDate":"2026-04-27","docNo":null,"jvType":1,"amountLocal":4.878,"referenceNo":"0","beneficiaryName":"","receiver":"","manualDocNo":"","description":"","addTerminalName":"1","details":[{"docDueDate":"2026-04-27","accountCode":"4111010001","accountCodeDtl":"100036","accountCodeDtlSub":"","currencyCode":"SAR","exchangeRate":0,"drOrCr":1,"amountLocal":5.6097,"amountForeign":0,"costCenterCode":"101036","chequeNo":"0","referenceNo":"0","billNo":"","billSer"...
Status: 200
Response: {"code":0,"message":"ok","content":[{"referenceId":"2550235","message":"The operation accomplished successfully.","errorNo":"0","docNo":"17472","docSer":"2025000001000010010000117472","statusCode":"200"}]}
Response Time: 1ms
================================================================================

[2026-06-28 20:24:06.608] SUCCESS | Serial: 2598411 | Status: Statement processed successfully

================================================================================
[2026-06-28 20:24:09.868] REQUEST
Method: POST
Endpoint: http://localhost:8081/api/GL/ImportJournal
Body: [{"docSerExternal":"2598417","branchNo":1,"docDate":"2026-04-27","docNo":null,"jvType":1,"amountLocal":160.34,"referenceNo":"0","beneficiaryName":"","receiver":"","manualDocNo":"","description":"","addTerminalName":"1","details":[{"docDueDate":"2026-04-27","accountCode":"214310001","accountCodeDtl":"100034","accountCodeDtlSub":"","currencyCode":"SAR","exchangeRate":0,"drOrCr":1,"amountLocal":184.391,"amountForeign":0,"costCenterCode":null,"chequeNo":"0","referenceNo":"0","billNo":"","billSer":""...
Status: 200
Response: {"code":0,"message":"ok","content":[{"referenceId":"2550235","message":"The operation accomplished successfully.","errorNo":"0","docNo":"17472","docSer":"2025000001000010010000117472","statusCode":"200"}]}
Response Time: 1ms
================================================================================

[2026-06-28 20:24:09.871] SUCCESS | Serial: 2598417 | Status: Statement processed successfully

================================================================================
[2026-06-28 20:24:13.215] REQUEST
Method: POST
Endpoint: http://localhost:8081/api/GL/ImportJournal
Body: [{"docSerExternal":"2598418","branchNo":1,"docDate":"2026-04-27","docNo":null,"jvType":1,"amountLocal":4.0085,"referenceNo":"0","beneficiaryName":"","receiver":"","manualDocNo":"","description":"","addTerminalName":"1","details":[{"docDueDate":"2026-04-27","accountCode":"4111010001","accountCodeDtl":"100034","accountCodeDtlSub":"","currencyCode":"SAR","exchangeRate":0,"drOrCr":1,"amountLocal":4.6098,"amountForeign":0,"costCenterCode":"101034","chequeNo":"0","referenceNo":"0","billNo":"","billSer...
Status: 200
Response: {"code":0,"message":"ok","content":[{"referenceId":"2550235","message":"The operation accomplished successfully.","errorNo":"0","docNo":"17472","docSer":"2025000001000010010000117472","statusCode":"200"}]}
Response Time: 1ms
================================================================================

[2026-06-28 20:24:13.217] SUCCESS | Serial: 2598418 | Status: Statement processed successfully

================================================================================
[2026-06-28 20:24:16.560] REQUEST
Method: POST
Endpoint: http://localhost:8081/api/GL/ImportJournal
Body: [{"docSerExternal":"2598420","branchNo":1,"docDate":"2026-04-27","docNo":null,"jvType":1,"amountLocal":160.34,"referenceNo":"0","beneficiaryName":"","receiver":"","manualDocNo":"","description":"","addTerminalName":"1","details":[{"docDueDate":"2026-04-27","accountCode":"214310001","accountCodeDtl":"100049","accountCodeDtlSub":"","currencyCode":"SAR","exchangeRate":0,"drOrCr":1,"amountLocal":184.391,"amountForeign":0,"costCenterCode":"101049","chequeNo":"0","referenceNo":"0","billNo":"","billSer...
Status: 200
Response: {"code":0,"message":"ok","content":[{"referenceId":"2550235","message":"The operation accomplished successfully.","errorNo":"0","docNo":"17472","docSer":"2025000001000010010000117472","statusCode":"200"}]}
Response Time: 1ms
================================================================================

[2026-06-28 20:24:16.562] SUCCESS | Serial: 2598420 | Status: Statement processed successfully

================================================================================
[2026-06-28 20:24:19.755] REQUEST
Method: POST
Endpoint: http://localhost:8081/api/GL/ImportJournal
Body: [{"docSerExternal":"2598421","branchNo":1,"docDate":"2026-04-27","docNo":null,"jvType":1,"amountLocal":4.0085,"referenceNo":"0","beneficiaryName":"","receiver":"","manualDocNo":"","description":"","addTerminalName":"1","details":[{"docDueDate":"2026-04-27","accountCode":"4111010001","accountCodeDtl":"100049","accountCodeDtlSub":"","currencyCode":"SAR","exchangeRate":0,"drOrCr":1,"amountLocal":4.6098,"amountForeign":0,"costCenterCode":"101049","chequeNo":"0","referenceNo":"0","billNo":"","billSer...
Status: 200
Response: {"code":0,"message":"ok","content":[{"referenceId":"2550235","message":"The operation accomplished successfully.","errorNo":"0","docNo":"17472","docSer":"2025000001000010010000117472","statusCode":"200"}]}
Response Time: 1ms
================================================================================

[2026-06-28 20:24:19.758] SUCCESS | Serial: 2598421 | Status: Statement processed successfully

================================================================================
[2026-06-28 20:51:57.960] REQUEST
Method: POST
Endpoint: http://localhost:8081/api/GL/ImportJournal
Body: [{"docSerExternal":"2530386","branchNo":1,"docDate":"2025-01-22","docNo":null,"jvType":1,"amountLocal":470,"referenceNo":"0","beneficiaryName":"","receiver":"","manualDocNo":"","description":"","addTerminalName":"1","details":[{"docDueDate":"2025-01-22","accountCode":"1112010003","accountCodeDtl":null,"accountCodeDtlSub":"","currencyCode":"SAR","exchangeRate":0,"drOrCr":1,"amountLocal":470,"amountForeign":0,"costCenterCode":null,"chequeNo":"0","referenceNo":"0","billNo":"","billSer":"","installm...
Status: 200
Response: {"code":2002,"message":"Some entities can not be inserted","content":[{"referenceId":"2530386","message":"Error When Updating Post In Vouchers ORA-20420: Error When Insert Doc. Into Posting Tables , ORA-20333: : مشكلة في الترحيل = 1 , 53698\rORA-20469: لم تكتمل عملية الترحيل =1 , 53698\r = -470\rORA-0000: normal, successful completion","errorNo":"20079","docNo":"","docSer":"","statusCode":"20420"}]}
Response Time: 37ms
================================================================================

[2026-06-28 20:51:57.998] FAILURE | Serial: 2530386 | Error: Some entities can not be inserted | Error When Updating Post In Vouchers ORA-20420: Error When Insert Doc. Into Posting Tables , ORA-20333: : مشكلة في الترحيل = 1 , 53698ORA-20469: لم تكتمل عملية الترحيل =1 , 53698 = -470ORA-0000: normal, successful completion

================================================================================
[2026-06-28 20:52:01.103] REQUEST
Method: POST
Endpoint: http://localhost:8081/api/GL/ImportJournal
Body: [{"docSerExternal":"2530387","branchNo":1,"docDate":"2025-01-22","docNo":null,"jvType":1,"amountLocal":398.73,"referenceNo":"0","beneficiaryName":"","receiver":"","manualDocNo":"","description":"","addTerminalName":"1","details":[{"docDueDate":"2025-01-22","accountCode":"214310001","accountCodeDtl":"100017","accountCodeDtlSub":"","currencyCode":"SAR","exchangeRate":0,"drOrCr":1,"amountLocal":458.5395,"amountForeign":0,"costCenterCode":"101017","chequeNo":"0","referenceNo":"0","billNo":"","billSe...
Status: 200
Response: {"code":2002,"message":"Some entities can not be inserted","content":[{"referenceId":"2530387","message":"Error When Updating Post In Vouchers ORA-20420: Error When Insert Doc. Into Posting Tables , ORA-20333: : مشكلة في الترحيل = 1 , 53698\rORA-20469: لم تكتمل عملية الترحيل =1 , 53698\r = -398.73\rORA-0000: normal, successful completion","errorNo":"20079","docNo":"","docSer":"","statusCode":"20420"}]}
Response Time: 2ms
================================================================================

[2026-06-28 20:52:01.107] FAILURE | Serial: 2530387 | Error: Some entities can not be inserted | Error When Updating Post In Vouchers ORA-20420: Error When Insert Doc. Into Posting Tables , ORA-20333: : مشكلة في الترحيل = 1 , 53698ORA-20469: لم تكتمل عملية الترحيل =1 , 53698 = -398.73ORA-0000: normal, successful completion

================================================================================
[2026-06-28 20:52:04.515] REQUEST
Method: POST
Endpoint: http://localhost:8081/api/GL/ImportJournal
Body: [{"docSerExternal":"2530390","branchNo":1,"docDate":"2025-01-22","docNo":null,"jvType":1,"amountLocal":230,"referenceNo":"0","beneficiaryName":"","receiver":"","manualDocNo":"","description":"","addTerminalName":"1","details":[{"docDueDate":"2025-01-22","accountCode":"1112010003","accountCodeDtl":null,"accountCodeDtlSub":"","currencyCode":"SAR","exchangeRate":0,"drOrCr":1,"amountLocal":230,"amountForeign":0,"costCenterCode":null,"chequeNo":"0","referenceNo":"0","billNo":"","billSer":"","installm...
Status: 200
Response: {"code":2002,"message":"Some entities can not be inserted","content":[{"referenceId":"2530390","message":"Error When Updating Post In Vouchers ORA-20420: Error When Insert Doc. Into Posting Tables , ORA-20333: : مشكلة في الترحيل = 1 , 53698\rORA-20469: لم تكتمل عملية الترحيل =1 , 53698\r = -230\rORA-0000: normal, successful completion","errorNo":"20079","docNo":"","docSer":"","statusCode":"20420"}]}
Response Time: 2ms
================================================================================

[2026-06-28 20:52:04.518] FAILURE | Serial: 2530390 | Error: Some entities can not be inserted | Error When Updating Post In Vouchers ORA-20420: Error When Insert Doc. Into Posting Tables , ORA-20333: : مشكلة في الترحيل = 1 , 53698ORA-20469: لم تكتمل عملية الترحيل =1 , 53698 = -230ORA-0000: normal, successful completion

================================================================================
[2026-06-28 20:52:07.932] REQUEST
Method: POST
Endpoint: http://localhost:8081/api/GL/ImportJournal
Body: [{"docSerExternal":"2530391","branchNo":1,"docDate":"2025-01-22","docNo":null,"jvType":1,"amountLocal":195.12,"referenceNo":"0","beneficiaryName":"","receiver":"","manualDocNo":"","description":"","addTerminalName":"1","details":[{"docDueDate":"2025-01-22","accountCode":"214310001","accountCodeDtl":"100023","accountCodeDtlSub":"","currencyCode":"SAR","exchangeRate":0,"drOrCr":1,"amountLocal":224.388,"amountForeign":0,"costCenterCode":"101023","chequeNo":"0","referenceNo":"0","billNo":"","billSer...
Status: 200
Response: {"code":2002,"message":"Some entities can not be inserted","content":[{"referenceId":"2530391","message":"Error When Updating Post In Vouchers ORA-20420: Error When Insert Doc. Into Posting Tables , ORA-20333: : مشكلة في الترحيل = 1 , 53698\rORA-20469: لم تكتمل عملية الترحيل =1 , 53698\r = -195.12\rORA-0000: normal, successful completion","errorNo":"20079","docNo":"","docSer":"","statusCode":"20420"}]}
Response Time: 2ms
================================================================================

[2026-06-28 20:52:07.936] FAILURE | Serial: 2530391 | Error: Some entities can not be inserted | Error When Updating Post In Vouchers ORA-20420: Error When Insert Doc. Into Posting Tables , ORA-20333: : مشكلة في الترحيل = 1 , 53698ORA-20469: لم تكتمل عملية الترحيل =1 , 53698 = -195.12ORA-0000: normal, successful completion

================================================================================
[2026-06-28 20:52:10.994] REQUEST
Method: POST
Endpoint: http://localhost:8081/api/GL/ImportJournal
Body: [{"docSerExternal":"2530392","branchNo":1,"docDate":"2025-01-22","docNo":null,"jvType":1,"amountLocal":4.878,"referenceNo":"0","beneficiaryName":"","receiver":"","manualDocNo":"","description":"","addTerminalName":"1","details":[{"docDueDate":"2025-01-22","accountCode":"4111010001","accountCodeDtl":"100001","accountCodeDtlSub":"","currencyCode":"SAR","exchangeRate":0,"drOrCr":1,"amountLocal":5.6097,"amountForeign":0,"costCenterCode":"101001","chequeNo":"0","referenceNo":"0","billNo":"","billSer"...
Status: 200
Response: {"code":2002,"message":"Some entities can not be inserted","content":[{"referenceId":"2530392","message":"Error When Updating Post In Vouchers ORA-20420: Error When Insert Doc. Into Posting Tables , ORA-20333: : مشكلة في الترحيل = 1 , 53698\rORA-20469: لم تكتمل عملية الترحيل =1 , 53698\r = -4.878\rORA-0000: normal, successful completion","errorNo":"20079","docNo":"","docSer":"","statusCode":"20420"}]}
Response Time: 2ms
================================================================================

[2026-06-28 20:52:10.998] FAILURE | Serial: 2530392 | Error: Some entities can not be inserted | Error When Updating Post In Vouchers ORA-20420: Error When Insert Doc. Into Posting Tables , ORA-20333: : مشكلة في الترحيل = 1 , 53698ORA-20469: لم تكتمل عملية الترحيل =1 , 53698 = -4.878ORA-0000: normal, successful completion

================================================================================
[2026-06-28 20:52:14.293] REQUEST
Method: POST
Endpoint: http://localhost:8081/api/GL/ImportJournal
Body: [{"docSerExternal":"2530393","branchNo":1,"docDate":"2025-01-22","docNo":null,"jvType":1,"amountLocal":230,"referenceNo":"0","beneficiaryName":"","receiver":"","manualDocNo":"","description":"","addTerminalName":"1","details":[{"docDueDate":"2025-01-22","accountCode":"1112010003","accountCodeDtl":null,"accountCodeDtlSub":"","currencyCode":"SAR","exchangeRate":0,"drOrCr":1,"amountLocal":230,"amountForeign":0,"costCenterCode":null,"chequeNo":"0","referenceNo":"0","billNo":"","billSer":"","installm...
Status: 200
Response: {"code":2002,"message":"Some entities can not be inserted","content":[{"referenceId":"2530393","message":"Error When Updating Post In Vouchers ORA-20420: Error When Insert Doc. Into Posting Tables , ORA-20333: : مشكلة في الترحيل = 1 , 53698\rORA-20469: لم تكتمل عملية الترحيل =1 , 53698\r = -230\rORA-0000: normal, successful completion","errorNo":"20079","docNo":"","docSer":"","statusCode":"20420"}]}
Response Time: 2ms
================================================================================

[2026-06-28 20:52:14.297] FAILURE | Serial: 2530393 | Error: Some entities can not be inserted | Error When Updating Post In Vouchers ORA-20420: Error When Insert Doc. Into Posting Tables , ORA-20333: : مشكلة في الترحيل = 1 , 53698ORA-20469: لم تكتمل عملية الترحيل =1 , 53698 = -230ORA-0000: normal, successful completion

================================================================================
[2026-06-28 20:52:18.202] REQUEST
Method: POST
Endpoint: http://localhost:8081/api/GL/ImportJournal
Body: [{"docSerExternal":"2530394","branchNo":1,"docDate":"2025-01-22","docNo":null,"jvType":1,"amountLocal":195.12,"referenceNo":"0","beneficiaryName":"","receiver":"","manualDocNo":"","description":"","addTerminalName":"1","details":[{"docDueDate":"2025-01-22","accountCode":"214310001","accountCodeDtl":"100010","accountCodeDtlSub":"","currencyCode":"SAR","exchangeRate":0,"drOrCr":1,"amountLocal":224.388,"amountForeign":0,"costCenterCode":"101010","chequeNo":"0","referenceNo":"0","billNo":"","billSer...
Status: 200
Response: {"code":2002,"message":"Some entities can not be inserted","content":[{"referenceId":"2530394","message":"Error When Updating Post In Vouchers ORA-20420: Error When Insert Doc. Into Posting Tables , ORA-20333: : مشكلة في الترحيل = 1 , 53698\rORA-20469: لم تكتمل عملية الترحيل =1 , 53698\r = -195.12\rORA-0000: normal, successful completion","errorNo":"20079","docNo":"","docSer":"","statusCode":"20420"}]}
Response Time: 2ms
================================================================================

[2026-06-28 20:52:18.206] FAILURE | Serial: 2530394 | Error: Some entities can not be inserted | Error When Updating Post In Vouchers ORA-20420: Error When Insert Doc. Into Posting Tables , ORA-20333: : مشكلة في الترحيل = 1 , 53698ORA-20469: لم تكتمل عملية الترحيل =1 , 53698 = -195.12ORA-0000: normal, successful completion

================================================================================
[2026-06-28 20:52:22.341] REQUEST
Method: POST
Endpoint: http://localhost:8081/api/GL/ImportJournal
Body: [{"docSerExternal":"2530396","branchNo":1,"docDate":"2025-01-22","docNo":null,"jvType":1,"amountLocal":200,"referenceNo":"0","beneficiaryName":"","receiver":"","manualDocNo":"","description":"","addTerminalName":"1","details":[{"docDueDate":"2025-01-22","accountCode":"1112010003","accountCodeDtl":null,"accountCodeDtlSub":"","currencyCode":"SAR","exchangeRate":0,"drOrCr":1,"amountLocal":200,"amountForeign":0,"costCenterCode":null,"chequeNo":"0","referenceNo":"0","billNo":"","billSer":"","installm...
Status: 200
Response: {"code":2002,"message":"Some entities can not be inserted","content":[{"referenceId":"2530396","message":"Error When Updating Post In Vouchers ORA-20420: Error When Insert Doc. Into Posting Tables , ORA-20333: : مشكلة في الترحيل = 1 , 53698\rORA-20469: لم تكتمل عملية الترحيل =1 , 53698\r = -200\rORA-0000: normal, successful completion","errorNo":"20079","docNo":"","docSer":"","statusCode":"20420"}]}
Response Time: 4ms
================================================================================

[2026-06-28 20:52:22.346] FAILURE | Serial: 2530396 | Error: Some entities can not be inserted | Error When Updating Post In Vouchers ORA-20420: Error When Insert Doc. Into Posting Tables , ORA-20333: : مشكلة في الترحيل = 1 , 53698ORA-20469: لم تكتمل عملية الترحيل =1 , 53698 = -200ORA-0000: normal, successful completion

================================================================================
[2026-06-28 20:52:26.117] REQUEST
Method: POST
Endpoint: http://localhost:8081/api/GL/ImportJournal
Body: [{"docSerExternal":"2530397","branchNo":1,"docDate":"2025-01-22","docNo":null,"jvType":1,"amountLocal":169.67,"referenceNo":"0","beneficiaryName":"","receiver":"","manualDocNo":"","description":"","addTerminalName":"1","details":[{"docDueDate":"2025-01-22","accountCode":"214310001","accountCodeDtl":"100033","accountCodeDtlSub":"","currencyCode":"SAR","exchangeRate":0,"drOrCr":1,"amountLocal":195.1205,"amountForeign":0,"costCenterCode":"101033","chequeNo":"0","referenceNo":"0","billNo":"","billSe...
Status: 200
Response: {"code":2002,"message":"Some entities can not be inserted","content":[{"referenceId":"2530397","message":"Error When Updating Post In Vouchers ORA-20420: Error When Insert Doc. Into Posting Tables , ORA-20333: : مشكلة في الترحيل = 1 , 53698\rORA-20469: لم تكتمل عملية الترحيل =1 , 53698\r = -169.67\rORA-0000: normal, successful completion","errorNo":"20079","docNo":"","docSer":"","statusCode":"20420"}]}
Response Time: 3ms
================================================================================

[2026-06-28 20:52:26.121] FAILURE | Serial: 2530397 | Error: Some entities can not be inserted | Error When Updating Post In Vouchers ORA-20420: Error When Insert Doc. Into Posting Tables , ORA-20333: : مشكلة في الترحيل = 1 , 53698ORA-20469: لم تكتمل عملية الترحيل =1 , 53698 = -169.67ORA-0000: normal, successful completion

================================================================================
[2026-06-28 20:52:28.604] REQUEST
Method: POST
Endpoint: http://localhost:8081/api/GL/ImportJournal
Body: [{"docSerExternal":"2530398","branchNo":1,"docDate":"2025-01-22","docNo":null,"jvType":1,"amountLocal":4.2417,"referenceNo":"0","beneficiaryName":"","receiver":"","manualDocNo":"","description":"","addTerminalName":"1","details":[{"docDueDate":"2025-01-22","accountCode":"4111010001","accountCodeDtl":"100001","accountCodeDtlSub":"","currencyCode":"SAR","exchangeRate":0,"drOrCr":1,"amountLocal":4.878,"amountForeign":0,"costCenterCode":"101001","chequeNo":"0","referenceNo":"0","billNo":"","billSer"...
Status: 200
Response: {"code":2002,"message":"Some entities can not be inserted","content":[{"referenceId":"2530398","message":"Error When Updating Post In Vouchers ORA-20420: Error When Insert Doc. Into Posting Tables , ORA-20333: : مشكلة في الترحيل = 1 , 53698\rORA-20469: لم تكتمل عملية الترحيل =1 , 53698\r = -4.2417\rORA-0000: normal, successful completion","errorNo":"20079","docNo":"","docSer":"","statusCode":"20420"}]}
Response Time: 2ms
================================================================================

[2026-06-28 20:52:28.607] FAILURE | Serial: 2530398 | Error: Some entities can not be inserted | Error When Updating Post In Vouchers ORA-20420: Error When Insert Doc. Into Posting Tables , ORA-20333: : مشكلة في الترحيل = 1 , 53698ORA-20469: لم تكتمل عملية الترحيل =1 , 53698 = -4.2417ORA-0000: normal, successful completion

================================================================================
[2026-06-28 20:52:31.124] REQUEST
Method: POST
Endpoint: http://localhost:8081/api/GL/ImportJournal
Body: [{"docSerExternal":"2530399","branchNo":1,"docDate":"2025-01-22","docNo":null,"jvType":1,"amountLocal":1410,"referenceNo":"0","beneficiaryName":"","receiver":"","manualDocNo":"","description":"","addTerminalName":"1","details":[{"docDueDate":"2025-01-22","accountCode":"1112010003","accountCodeDtl":null,"accountCodeDtlSub":"","currencyCode":"SAR","exchangeRate":0,"drOrCr":1,"amountLocal":1410,"amountForeign":0,"costCenterCode":null,"chequeNo":"0","referenceNo":"0","billNo":"","billSer":"","instal...
Status: 200
Response: {"code":2002,"message":"Some entities can not be inserted","content":[{"referenceId":"2530399","message":"Error When Updating Post In Vouchers ORA-20420: Error When Insert Doc. Into Posting Tables , ORA-20333: : مشكلة في الترحيل = 1 , 53698\rORA-20469: لم تكتمل عملية الترحيل =1 , 53698\r = -1410\rORA-0000: normal, successful completion","errorNo":"20079","docNo":"","docSer":"","statusCode":"20420"}]}
Response Time: 2ms
================================================================================

[2026-06-28 20:52:31.127] FAILURE | Serial: 2530399 | Error: Some entities can not be inserted | Error When Updating Post In Vouchers ORA-20420: Error When Insert Doc. Into Posting Tables , ORA-20333: : مشكلة في الترحيل = 1 , 53698ORA-20469: لم تكتمل عملية الترحيل =1 , 53698 = -1410ORA-0000: normal, successful completion

================================================================================
[2026-06-28 20:52:33.614] REQUEST
Method: POST
Endpoint: http://localhost:8081/api/GL/ImportJournal
Body: [{"docSerExternal":"2530400","branchNo":1,"docDate":"2025-01-22","docNo":null,"jvType":1,"amountLocal":398.73,"referenceNo":"0","beneficiaryName":"","receiver":"","manualDocNo":"","description":"","addTerminalName":"1","details":[{"docDueDate":"2025-01-22","accountCode":"214310001","accountCodeDtl":"100035","accountCodeDtlSub":"","currencyCode":"SAR","exchangeRate":0,"drOrCr":1,"amountLocal":458.5395,"amountForeign":0,"costCenterCode":"101035","chequeNo":"0","referenceNo":"0","billNo":"","billSe...
Status: 200
Response: {"code":2002,"message":"Some entities can not be inserted","content":[{"referenceId":"2530400","message":"Error When Updating Post In Vouchers ORA-20420: Error When Insert Doc. Into Posting Tables , ORA-20333: : مشكلة في الترحيل = 1 , 53698\rORA-20469: لم تكتمل عملية الترحيل =1 , 53698\r = -398.73\rORA-0000: normal, successful completion","errorNo":"20079","docNo":"","docSer":"","statusCode":"20420"}]}
Response Time: 2ms
================================================================================

[2026-06-28 20:52:33.617] FAILURE | Serial: 2530400 | Error: Some entities can not be inserted | Error When Updating Post In Vouchers ORA-20420: Error When Insert Doc. Into Posting Tables , ORA-20333: : مشكلة في الترحيل = 1 , 53698ORA-20469: لم تكتمل عملية الترحيل =1 , 53698 = -398.73ORA-0000: normal, successful completion

================================================================================
[2026-06-28 20:52:36.094] REQUEST
Method: POST
Endpoint: http://localhost:8081/api/GL/ImportJournal
Body: [{"docSerExternal":"2530402","branchNo":1,"docDate":"2025-01-22","docNo":null,"jvType":1,"amountLocal":250,"referenceNo":"0","beneficiaryName":"","receiver":"","manualDocNo":"","description":"","addTerminalName":"1","details":[{"docDueDate":"2025-01-22","accountCode":"1112010003","accountCodeDtl":null,"accountCodeDtlSub":"","currencyCode":"SAR","exchangeRate":0,"drOrCr":1,"amountLocal":250,"amountForeign":0,"costCenterCode":null,"chequeNo":"0","referenceNo":"0","billNo":"","billSer":"","installm...
Status: 200
Response: {"code":2002,"message":"Some entities can not be inserted","content":[{"referenceId":"2530402","message":"Error When Updating Post In Vouchers ORA-20420: Error When Insert Doc. Into Posting Tables , ORA-20333: : مشكلة في الترحيل = 1 , 53698\rORA-20469: لم تكتمل عملية الترحيل =1 , 53698\r = -250\rORA-0000: normal, successful completion","errorNo":"20079","docNo":"","docSer":"","statusCode":"20420"}]}
Response Time: 2ms
================================================================================

[2026-06-28 20:52:36.097] FAILURE | Serial: 2530402 | Error: Some entities can not be inserted | Error When Updating Post In Vouchers ORA-20420: Error When Insert Doc. Into Posting Tables , ORA-20333: : مشكلة في الترحيل = 1 , 53698ORA-20469: لم تكتمل عملية الترحيل =1 , 53698 = -250ORA-0000: normal, successful completion

================================================================================
[2026-06-28 20:52:38.576] REQUEST
Method: POST
Endpoint: http://localhost:8081/api/GL/ImportJournal
Body: [{"docSerExternal":"2530403","branchNo":1,"docDate":"2025-01-22","docNo":null,"jvType":1,"amountLocal":212.09,"referenceNo":"0","beneficiaryName":"","receiver":"","manualDocNo":"","description":"","addTerminalName":"1","details":[{"docDueDate":"2025-01-22","accountCode":"214310001","accountCodeDtl":"100039","accountCodeDtlSub":"","currencyCode":"SAR","exchangeRate":0,"drOrCr":1,"amountLocal":243.9035,"amountForeign":0,"costCenterCode":"101039","chequeNo":"0","referenceNo":"0","billNo":"","billSe...
Status: 200
Response: {"code":2002,"message":"Some entities can not be inserted","content":[{"referenceId":"2530403","message":"Error When Updating Post In Vouchers ORA-20420: Error When Insert Doc. Into Posting Tables , ORA-20333: : مشكلة في الترحيل = 1 , 53698\rORA-20469: لم تكتمل عملية الترحيل =1 , 53698\r = -212.09\rORA-0000: normal, successful completion","errorNo":"20079","docNo":"","docSer":"","statusCode":"20420"}]}
Response Time: 2ms
================================================================================

[2026-06-28 20:52:38.579] FAILURE | Serial: 2530403 | Error: Some entities can not be inserted | Error When Updating Post In Vouchers ORA-20420: Error When Insert Doc. Into Posting Tables , ORA-20333: : مشكلة في الترحيل = 1 , 53698ORA-20469: لم تكتمل عملية الترحيل =1 , 53698 = -212.09ORA-0000: normal, successful completion

================================================================================
[2026-06-28 20:52:41.084] REQUEST
Method: POST
Endpoint: http://localhost:8081/api/GL/ImportJournal
Body: [{"docSerExternal":"2530404","branchNo":1,"docDate":"2025-01-22","docNo":null,"jvType":1,"amountLocal":5.3022,"referenceNo":"0","beneficiaryName":"","receiver":"","manualDocNo":"","description":"","addTerminalName":"1","details":[{"docDueDate":"2025-01-22","accountCode":"4111010001","accountCodeDtl":"100001","accountCodeDtlSub":"","currencyCode":"SAR","exchangeRate":0,"drOrCr":1,"amountLocal":6.0975,"amountForeign":0,"costCenterCode":"101001","chequeNo":"0","referenceNo":"0","billNo":"","billSer...
Status: 200
Response: {"code":2002,"message":"Some entities can not be inserted","content":[{"referenceId":"2530404","message":"Error When Updating Post In Vouchers ORA-20420: Error When Insert Doc. Into Posting Tables , ORA-20333: : مشكلة في الترحيل = 1 , 53698\rORA-20469: لم تكتمل عملية الترحيل =1 , 53698\r = -5.3022\rORA-0000: normal, successful completion","errorNo":"20079","docNo":"","docSer":"","statusCode":"20420"}]}
Response Time: 1ms
================================================================================

[2026-06-28 20:52:41.087] FAILURE | Serial: 2530404 | Error: Some entities can not be inserted | Error When Updating Post In Vouchers ORA-20420: Error When Insert Doc. Into Posting Tables , ORA-20333: : مشكلة في الترحيل = 1 , 53698ORA-20469: لم تكتمل عملية الترحيل =1 , 53698 = -5.3022ORA-0000: normal, successful completion

================================================================================
[2026-06-28 20:52:43.630] REQUEST
Method: POST
Endpoint: http://localhost:8081/api/GL/ImportJournal
Body: [{"docSerExternal":"2530405","branchNo":1,"docDate":"2025-01-22","docNo":null,"jvType":1,"amountLocal":230,"referenceNo":"0","beneficiaryName":"","receiver":"","manualDocNo":"","description":"","addTerminalName":"1","details":[{"docDueDate":"2025-01-22","accountCode":"1111010003","accountCodeDtl":null,"accountCodeDtlSub":"","currencyCode":"SAR","exchangeRate":0,"drOrCr":1,"amountLocal":230,"amountForeign":0,"costCenterCode":null,"chequeNo":"0","referenceNo":"0","billNo":"","billSer":"","installm...
Status: 200
Response: {"code":2002,"message":"Some entities can not be inserted","content":[{"referenceId":"2530405","message":"Error When Updating Post In Vouchers ORA-20420: Error When Insert Doc. Into Posting Tables , ORA-20333: : مشكلة في الترحيل = 1 , 53698\rORA-20469: لم تكتمل عملية الترحيل =1 , 53698\r = -230\rORA-0000: normal, successful completion","errorNo":"20079","docNo":"","docSer":"","statusCode":"20420"}]}
Response Time: 1ms
================================================================================

[2026-06-28 20:52:43.633] FAILURE | Serial: 2530405 | Error: Some entities can not be inserted | Error When Updating Post In Vouchers ORA-20420: Error When Insert Doc. Into Posting Tables , ORA-20333: : مشكلة في الترحيل = 1 , 53698ORA-20469: لم تكتمل عملية الترحيل =1 , 53698 = -230ORA-0000: normal, successful completion

================================================================================
[2026-06-28 20:52:46.152] REQUEST
Method: POST
Endpoint: http://localhost:8081/api/GL/ImportJournal
Body: [{"docSerExternal":"2530406","branchNo":1,"docDate":"2025-01-22","docNo":null,"jvType":1,"amountLocal":195.12,"referenceNo":"0","beneficiaryName":"","receiver":"","manualDocNo":"","description":"","addTerminalName":"1","details":[{"docDueDate":"2025-01-22","accountCode":"214310001","accountCodeDtl":"100025","accountCodeDtlSub":"","currencyCode":"SAR","exchangeRate":0,"drOrCr":1,"amountLocal":224.388,"amountForeign":0,"costCenterCode":"101025","chequeNo":"0","referenceNo":"0","billNo":"","billSer...
Status: 200
Response: {"code":2002,"message":"Some entities can not be inserted","content":[{"referenceId":"2530406","message":"Error When Updating Post In Vouchers ORA-20420: Error When Insert Doc. Into Posting Tables , ORA-20333: : مشكلة في الترحيل = 1 , 53698\rORA-20469: لم تكتمل عملية الترحيل =1 , 53698\r = -195.12\rORA-0000: normal, successful completion","errorNo":"20079","docNo":"","docSer":"","statusCode":"20420"}]}
Response Time: 1ms
================================================================================

[2026-06-28 20:52:46.154] FAILURE | Serial: 2530406 | Error: Some entities can not be inserted | Error When Updating Post In Vouchers ORA-20420: Error When Insert Doc. Into Posting Tables , ORA-20333: : مشكلة في الترحيل = 1 , 53698ORA-20469: لم تكتمل عملية الترحيل =1 , 53698 = -195.12ORA-0000: normal, successful completion

================================================================================
[2026-06-28 20:52:48.674] REQUEST
Method: POST
Endpoint: http://localhost:8081/api/GL/ImportJournal
Body: [{"docSerExternal":"2530408","branchNo":1,"docDate":"2025-01-22","docNo":null,"jvType":1,"amountLocal":250,"referenceNo":"0","beneficiaryName":"","receiver":"","manualDocNo":"","description":"","addTerminalName":"1","details":[{"docDueDate":"2025-01-22","accountCode":"1112010003","accountCodeDtl":null,"accountCodeDtlSub":"","currencyCode":"SAR","exchangeRate":0,"drOrCr":1,"amountLocal":250,"amountForeign":0,"costCenterCode":null,"chequeNo":"0","referenceNo":"0","billNo":"","billSer":"","installm...
Status: 200
Response: {"code":2002,"message":"Some entities can not be inserted","content":[{"referenceId":"2530408","message":"Error When Updating Post In Vouchers ORA-20420: Error When Insert Doc. Into Posting Tables , ORA-20333: : مشكلة في الترحيل = 1 , 53698\rORA-20469: لم تكتمل عملية الترحيل =1 , 53698\r = -250\rORA-0000: normal, successful completion","errorNo":"20079","docNo":"","docSer":"","statusCode":"20420"}]}
Response Time: 1ms
================================================================================

[2026-06-28 20:52:48.676] FAILURE | Serial: 2530408 | Error: Some entities can not be inserted | Error When Updating Post In Vouchers ORA-20420: Error When Insert Doc. Into Posting Tables , ORA-20333: : مشكلة في الترحيل = 1 , 53698ORA-20469: لم تكتمل عملية الترحيل =1 , 53698 = -250ORA-0000: normal, successful completion

================================================================================
[2026-06-28 20:52:51.169] REQUEST
Method: POST
Endpoint: http://localhost:8081/api/GL/ImportJournal
Body: [{"docSerExternal":"2530409","branchNo":1,"docDate":"2025-01-22","docNo":null,"jvType":1,"amountLocal":212.09,"referenceNo":"0","beneficiaryName":"","receiver":"","manualDocNo":"","description":"","addTerminalName":"1","details":[{"docDueDate":"2025-01-22","accountCode":"214310001","accountCodeDtl":"100038","accountCodeDtlSub":"","currencyCode":"SAR","exchangeRate":0,"drOrCr":1,"amountLocal":243.9035,"amountForeign":0,"costCenterCode":"101038","chequeNo":"0","referenceNo":"0","billNo":"","billSe...
Status: 200
Response: {"code":2002,"message":"Some entities can not be inserted","content":[{"referenceId":"2530409","message":"Error When Updating Post In Vouchers ORA-20420: Error When Insert Doc. Into Posting Tables , ORA-20333: : مشكلة في الترحيل = 1 , 53698\rORA-20469: لم تكتمل عملية الترحيل =1 , 53698\r = -212.09\rORA-0000: normal, successful completion","errorNo":"20079","docNo":"","docSer":"","statusCode":"20420"}]}
Response Time: 1ms
================================================================================

[2026-06-28 20:52:51.172] FAILURE | Serial: 2530409 | Error: Some entities can not be inserted | Error When Updating Post In Vouchers ORA-20420: Error When Insert Doc. Into Posting Tables , ORA-20333: : مشكلة في الترحيل = 1 , 53698ORA-20469: لم تكتمل عملية الترحيل =1 , 53698 = -212.09ORA-0000: normal, successful completion

================================================================================
[2026-06-28 20:52:53.790] REQUEST
Method: POST
Endpoint: http://localhost:8081/api/GL/ImportJournal
Body: [{"docSerExternal":"2530410","branchNo":1,"docDate":"2025-01-22","docNo":null,"jvType":1,"amountLocal":5.3022,"referenceNo":"0","beneficiaryName":"","receiver":"","manualDocNo":"","description":"","addTerminalName":"1","details":[{"docDueDate":"2025-01-22","accountCode":"4111010001","accountCodeDtl":"100001","accountCodeDtlSub":"","currencyCode":"SAR","exchangeRate":0,"drOrCr":1,"amountLocal":6.0975,"amountForeign":0,"costCenterCode":"101001","chequeNo":"0","referenceNo":"0","billNo":"","billSer...
Status: 200
Response: {"code":2002,"message":"Some entities can not be inserted","content":[{"referenceId":"2530410","message":"Error When Updating Post In Vouchers ORA-20420: Error When Insert Doc. Into Posting Tables , ORA-20333: : مشكلة في الترحيل = 1 , 53698\rORA-20469: لم تكتمل عملية الترحيل =1 , 53698\r = -5.3022\rORA-0000: normal, successful completion","errorNo":"20079","docNo":"","docSer":"","statusCode":"20420"}]}
Response Time: 1ms
================================================================================

[2026-06-28 20:52:53.792] FAILURE | Serial: 2530410 | Error: Some entities can not be inserted | Error When Updating Post In Vouchers ORA-20420: Error When Insert Doc. Into Posting Tables , ORA-20333: : مشكلة في الترحيل = 1 , 53698ORA-20469: لم تكتمل عملية الترحيل =1 , 53698 = -5.3022ORA-0000: normal, successful completion

================================================================================
[2026-06-28 20:52:56.351] REQUEST
Method: POST
Endpoint: http://localhost:8081/api/GL/ImportJournal
Body: [{"docSerExternal":"2530413","branchNo":1,"docDate":"2025-01-22","docNo":null,"jvType":1,"amountLocal":400,"referenceNo":"0","beneficiaryName":"","receiver":"","manualDocNo":"","description":"","addTerminalName":"1","details":[{"docDueDate":"2025-01-22","accountCode":"1112010003","accountCodeDtl":null,"accountCodeDtlSub":"","currencyCode":"SAR","exchangeRate":0,"drOrCr":1,"amountLocal":400,"amountForeign":0,"costCenterCode":null,"chequeNo":"0","referenceNo":"0","billNo":"","billSer":"","installm...
Status: 200
Response: {"code":2002,"message":"Some entities can not be inserted","content":[{"referenceId":"2530413","message":"Error When Updating Post In Vouchers ORA-20420: Error When Insert Doc. Into Posting Tables , ORA-20333: : مشكلة في الترحيل = 1 , 53698\rORA-20469: لم تكتمل عملية الترحيل =1 , 53698\r = -400\rORA-0000: normal, successful completion","errorNo":"20079","docNo":"","docSer":"","statusCode":"20420"}]}
Response Time: 1ms
================================================================================

[2026-06-28 20:52:56.354] FAILURE | Serial: 2530413 | Error: Some entities can not be inserted | Error When Updating Post In Vouchers ORA-20420: Error When Insert Doc. Into Posting Tables , ORA-20333: : مشكلة في الترحيل = 1 , 53698ORA-20469: لم تكتمل عملية الترحيل =1 , 53698 = -400ORA-0000: normal, successful completion

================================================================================
[2026-06-28 20:52:58.933] REQUEST
Method: POST
Endpoint: http://localhost:8081/api/GL/ImportJournal
Body: [{"docSerExternal":"2530419","branchNo":1,"docDate":"2025-01-22","docNo":null,"jvType":1,"amountLocal":200,"referenceNo":"0","beneficiaryName":"","receiver":"","manualDocNo":"","description":"","addTerminalName":"1","details":[{"docDueDate":"2025-01-22","accountCode":"1112010003","accountCodeDtl":null,"accountCodeDtlSub":"","currencyCode":"SAR","exchangeRate":0,"drOrCr":1,"amountLocal":200,"amountForeign":0,"costCenterCode":null,"chequeNo":"0","referenceNo":"0","billNo":"","billSer":"","installm...
Status: 200
Response: {"code":2002,"message":"Some entities can not be inserted","content":[{"referenceId":"2530419","message":"Error When Updating Post In Vouchers ORA-20420: Error When Insert Doc. Into Posting Tables , ORA-20333: : مشكلة في الترحيل = 1 , 53698\rORA-20469: لم تكتمل عملية الترحيل =1 , 53698\r = -200\rORA-0000: normal, successful completion","errorNo":"20079","docNo":"","docSer":"","statusCode":"20420"}]}
Response Time: 1ms
================================================================================

[2026-06-28 20:52:58.936] FAILURE | Serial: 2530419 | Error: Some entities can not be inserted | Error When Updating Post In Vouchers ORA-20420: Error When Insert Doc. Into Posting Tables , ORA-20333: : مشكلة في الترحيل = 1 , 53698ORA-20469: لم تكتمل عملية الترحيل =1 , 53698 = -200ORA-0000: normal, successful completion

================================================================================
[2026-06-28 20:53:01.503] REQUEST
Method: POST
Endpoint: http://localhost:8081/api/GL/ImportJournal
Body: [{"docSerExternal":"2530422","branchNo":1,"docDate":"2025-01-22","docNo":null,"jvType":1,"amountLocal":690,"referenceNo":"0","beneficiaryName":"","receiver":"","manualDocNo":"","description":"","addTerminalName":"1","details":[{"docDueDate":"2025-01-22","accountCode":"1112010003","accountCodeDtl":null,"accountCodeDtlSub":"","currencyCode":"SAR","exchangeRate":0,"drOrCr":1,"amountLocal":690,"amountForeign":0,"costCenterCode":null,"chequeNo":"0","referenceNo":"0","billNo":"","billSer":"","installm...
Status: 200
Response: {"code":2002,"message":"Some entities can not be inserted","content":[{"referenceId":"2530422","message":"Error When Updating Post In Vouchers ORA-20420: Error When Insert Doc. Into Posting Tables , ORA-20333: : مشكلة في الترحيل = 1 , 53698\rORA-20469: لم تكتمل عملية الترحيل =1 , 53698\r = -690\rORA-0000: normal, successful completion","errorNo":"20079","docNo":"","docSer":"","statusCode":"20420"}]}
Response Time: 2ms
================================================================================

[2026-06-28 20:53:01.507] FAILURE | Serial: 2530422 | Error: Some entities can not be inserted | Error When Updating Post In Vouchers ORA-20420: Error When Insert Doc. Into Posting Tables , ORA-20333: : مشكلة في الترحيل = 1 , 53698ORA-20469: لم تكتمل عملية الترحيل =1 , 53698 = -690ORA-0000: normal, successful completion

================================================================================
[2026-06-28 20:53:04.051] REQUEST
Method: POST
Endpoint: http://localhost:8081/api/GL/ImportJournal
Body: [{"docSerExternal":"2530423","branchNo":1,"docDate":"2025-01-22","docNo":null,"jvType":1,"amountLocal":200,"referenceNo":"0","beneficiaryName":"","receiver":"","manualDocNo":"","description":"","addTerminalName":"1","details":[{"docDueDate":"2025-01-22","accountCode":"1112010003","accountCodeDtl":null,"accountCodeDtlSub":"","currencyCode":"SAR","exchangeRate":0,"drOrCr":1,"amountLocal":200,"amountForeign":0,"costCenterCode":null,"chequeNo":"0","referenceNo":"0","billNo":"","billSer":"","installm...
Status: 200
Response: {"code":2002,"message":"Some entities can not be inserted","content":[{"referenceId":"2530423","message":"Error When Updating Post In Vouchers ORA-20420: Error When Insert Doc. Into Posting Tables , ORA-20333: : مشكلة في الترحيل = 1 , 53698\rORA-20469: لم تكتمل عملية الترحيل =1 , 53698\r = -200\rORA-0000: normal, successful completion","errorNo":"20079","docNo":"","docSer":"","statusCode":"20420"}]}
Response Time: 1ms
================================================================================

[2026-06-28 20:53:04.053] FAILURE | Serial: 2530423 | Error: Some entities can not be inserted | Error When Updating Post In Vouchers ORA-20420: Error When Insert Doc. Into Posting Tables , ORA-20333: : مشكلة في الترحيل = 1 , 53698ORA-20469: لم تكتمل عملية الترحيل =1 , 53698 = -200ORA-0000: normal, successful completion

================================================================================
[2026-06-28 20:53:06.625] REQUEST
Method: POST
Endpoint: http://localhost:8081/api/GL/ImportJournal
Body: [{"docSerExternal":"2530426","branchNo":1,"docDate":"2025-01-22","docNo":null,"jvType":1,"amountLocal":200,"referenceNo":"0","beneficiaryName":"","receiver":"","manualDocNo":"","description":"","addTerminalName":"1","details":[{"docDueDate":"2025-01-22","accountCode":"1111010003","accountCodeDtl":null,"accountCodeDtlSub":"","currencyCode":"SAR","exchangeRate":0,"drOrCr":1,"amountLocal":200,"amountForeign":0,"costCenterCode":null,"chequeNo":"0","referenceNo":"0","billNo":"","billSer":"","installm...
Status: 200
Response: {"code":2002,"message":"Some entities can not be inserted","content":[{"referenceId":"2530426","message":"Error When Updating Post In Vouchers ORA-20420: Error When Insert Doc. Into Posting Tables , ORA-20333: : مشكلة في الترحيل = 1 , 53698\rORA-20469: لم تكتمل عملية الترحيل =1 , 53698\r = -200\rORA-0000: normal, successful completion","errorNo":"20079","docNo":"","docSer":"","statusCode":"20420"}]}
Response Time: 1ms
================================================================================

[2026-06-28 20:53:06.628] FAILURE | Serial: 2530426 | Error: Some entities can not be inserted | Error When Updating Post In Vouchers ORA-20420: Error When Insert Doc. Into Posting Tables , ORA-20333: : مشكلة في الترحيل = 1 , 53698ORA-20469: لم تكتمل عملية الترحيل =1 , 53698 = -200ORA-0000: normal, successful completion

================================================================================
[2026-06-28 20:53:09.238] REQUEST
Method: POST
Endpoint: http://localhost:8081/api/GL/ImportJournal
Body: [{"docSerExternal":"2530432","branchNo":1,"docDate":"2025-01-22","docNo":null,"jvType":1,"amountLocal":200,"referenceNo":"0","beneficiaryName":"","receiver":"","manualDocNo":"","description":"","addTerminalName":"1","details":[{"docDueDate":"2025-01-22","accountCode":"1112010003","accountCodeDtl":null,"accountCodeDtlSub":"","currencyCode":"SAR","exchangeRate":0,"drOrCr":1,"amountLocal":200,"amountForeign":0,"costCenterCode":null,"chequeNo":"0","referenceNo":"0","billNo":"","billSer":"","installm...
Status: 200
Response: {"code":2002,"message":"Some entities can not be inserted","content":[{"referenceId":"2530432","message":"Error When Updating Post In Vouchers ORA-20420: Error When Insert Doc. Into Posting Tables , ORA-20333: : مشكلة في الترحيل = 1 , 53698\rORA-20469: لم تكتمل عملية الترحيل =1 , 53698\r = -200\rORA-0000: normal, successful completion","errorNo":"20079","docNo":"","docSer":"","statusCode":"20420"}]}
Response Time: 1ms
================================================================================

[2026-06-28 20:53:09.241] FAILURE | Serial: 2530432 | Error: Some entities can not be inserted | Error When Updating Post In Vouchers ORA-20420: Error When Insert Doc. Into Posting Tables , ORA-20333: : مشكلة في الترحيل = 1 , 53698ORA-20469: لم تكتمل عملية الترحيل =1 , 53698 = -200ORA-0000: normal, successful completion

================================================================================
[2026-06-28 20:53:11.810] REQUEST
Method: POST
Endpoint: http://localhost:8081/api/GL/ImportJournal
Body: [{"docSerExternal":"2530433","branchNo":1,"docDate":"2025-01-22","docNo":null,"jvType":1,"amountLocal":329,"referenceNo":"0","beneficiaryName":"","receiver":"","manualDocNo":"","description":"","addTerminalName":"1","details":[{"docDueDate":"2025-01-22","accountCode":"1112010003","accountCodeDtl":null,"accountCodeDtlSub":"","currencyCode":"SAR","exchangeRate":0,"drOrCr":1,"amountLocal":329,"amountForeign":0,"costCenterCode":null,"chequeNo":"0","referenceNo":"0","billNo":"","billSer":"","installm...
Status: 200
Response: {"code":2002,"message":"Some entities can not be inserted","content":[{"referenceId":"2530433","message":"Error When Updating Post In Vouchers ORA-20420: Error When Insert Doc. Into Posting Tables , ORA-20333: : مشكلة في الترحيل = 1 , 53698\rORA-20469: لم تكتمل عملية الترحيل =1 , 53698\r = -329\rORA-0000: normal, successful completion","errorNo":"20079","docNo":"","docSer":"","statusCode":"20420"}]}
Response Time: 1ms
================================================================================

[2026-06-28 20:53:11.812] FAILURE | Serial: 2530433 | Error: Some entities can not be inserted | Error When Updating Post In Vouchers ORA-20420: Error When Insert Doc. Into Posting Tables , ORA-20333: : مشكلة في الترحيل = 1 , 53698ORA-20469: لم تكتمل عملية الترحيل =1 , 53698 = -329ORA-0000: normal, successful completion

================================================================================
[2026-06-28 20:53:14.396] REQUEST
Method: POST
Endpoint: http://localhost:8081/api/GL/ImportJournal
Body: [{"docSerExternal":"2530436","branchNo":1,"docDate":"2025-01-22","docNo":null,"jvType":1,"amountLocal":1000,"referenceNo":"0","beneficiaryName":"","receiver":"","manualDocNo":"","description":"","addTerminalName":"1","details":[{"docDueDate":"2025-01-22","accountCode":"1112010003","accountCodeDtl":null,"accountCodeDtlSub":"","currencyCode":"SAR","exchangeRate":0,"drOrCr":1,"amountLocal":1000,"amountForeign":0,"costCenterCode":null,"chequeNo":"0","referenceNo":"0","billNo":"","billSer":"","instal...
Status: 200
Response: {"code":2002,"message":"Some entities can not be inserted","content":[{"referenceId":"2530436","message":"Error When Updating Post In Vouchers ORA-20420: Error When Insert Doc. Into Posting Tables , ORA-20333: : مشكلة في الترحيل = 1 , 53698\rORA-20469: لم تكتمل عملية الترحيل =1 , 53698\r = -1000\rORA-0000: normal, successful completion","errorNo":"20079","docNo":"","docSer":"","statusCode":"20420"}]}
Response Time: 1ms
================================================================================

[2026-06-28 20:53:14.399] FAILURE | Serial: 2530436 | Error: Some entities can not be inserted | Error When Updating Post In Vouchers ORA-20420: Error When Insert Doc. Into Posting Tables , ORA-20333: : مشكلة في الترحيل = 1 , 53698ORA-20469: لم تكتمل عملية الترحيل =1 , 53698 = -1000ORA-0000: normal, successful completion

================================================================================
[2026-06-28 20:53:16.982] REQUEST
Method: POST
Endpoint: http://localhost:8081/api/GL/ImportJournal
Body: [{"docSerExternal":"2530439","branchNo":1,"docDate":"2025-01-22","docNo":null,"jvType":1,"amountLocal":300,"referenceNo":"0","beneficiaryName":"","receiver":"","manualDocNo":"","description":"","addTerminalName":"1","details":[{"docDueDate":"2025-01-22","accountCode":"1112010003","accountCodeDtl":null,"accountCodeDtlSub":"","currencyCode":"SAR","exchangeRate":0,"drOrCr":1,"amountLocal":300,"amountForeign":0,"costCenterCode":null,"chequeNo":"0","referenceNo":"0","billNo":"","billSer":"","installm...
Status: 200
Response: {"code":2002,"message":"Some entities can not be inserted","content":[{"referenceId":"2530439","message":"Error When Updating Post In Vouchers ORA-20420: Error When Insert Doc. Into Posting Tables , ORA-20333: : مشكلة في الترحيل = 1 , 53698\rORA-20469: لم تكتمل عملية الترحيل =1 , 53698\r = -300\rORA-0000: normal, successful completion","errorNo":"20079","docNo":"","docSer":"","statusCode":"20420"}]}
Response Time: 2ms
================================================================================

[2026-06-28 20:53:16.984] FAILURE | Serial: 2530439 | Error: Some entities can not be inserted | Error When Updating Post In Vouchers ORA-20420: Error When Insert Doc. Into Posting Tables , ORA-20333: : مشكلة في الترحيل = 1 , 53698ORA-20469: لم تكتمل عملية الترحيل =1 , 53698 = -300ORA-0000: normal, successful completion

================================================================================
[2026-06-28 20:53:19.582] REQUEST
Method: POST
Endpoint: http://localhost:8081/api/GL/ImportJournal
Body: [{"docSerExternal":"2530443","branchNo":1,"docDate":"2025-01-22","docNo":null,"jvType":1,"amountLocal":250,"referenceNo":"0","beneficiaryName":"","receiver":"","manualDocNo":"","description":"","addTerminalName":"1","details":[{"docDueDate":"2025-01-22","accountCode":"1112010003","accountCodeDtl":null,"accountCodeDtlSub":"","currencyCode":"SAR","exchangeRate":0,"drOrCr":1,"amountLocal":250,"amountForeign":0,"costCenterCode":null,"chequeNo":"0","referenceNo":"0","billNo":"","billSer":"","installm...
Status: 200
Response: {"code":2002,"message":"Some entities can not be inserted","content":[{"referenceId":"2530443","message":"Error When Updating Post In Vouchers ORA-20420: Error When Insert Doc. Into Posting Tables , ORA-20333: : مشكلة في الترحيل = 1 , 53698\rORA-20469: لم تكتمل عملية الترحيل =1 , 53698\r = -250\rORA-0000: normal, successful completion","errorNo":"20079","docNo":"","docSer":"","statusCode":"20420"}]}
Response Time: 1ms
================================================================================

[2026-06-28 20:53:19.585] FAILURE | Serial: 2530443 | Error: Some entities can not be inserted | Error When Updating Post In Vouchers ORA-20420: Error When Insert Doc. Into Posting Tables , ORA-20333: : مشكلة في الترحيل = 1 , 53698ORA-20469: لم تكتمل عملية الترحيل =1 , 53698 = -250ORA-0000: normal, successful completion

================================================================================
[2026-06-28 20:53:22.215] REQUEST
Method: POST
Endpoint: http://localhost:8081/api/GL/ImportJournal
Body: [{"docSerExternal":"2530448","branchNo":1,"docDate":"2025-01-22","docNo":null,"jvType":1,"amountLocal":250,"referenceNo":"0","beneficiaryName":"","receiver":"","manualDocNo":"","description":"","addTerminalName":"1","details":[{"docDueDate":"2025-01-22","accountCode":"1112010003","accountCodeDtl":null,"accountCodeDtlSub":"","currencyCode":"SAR","exchangeRate":0,"drOrCr":1,"amountLocal":250,"amountForeign":0,"costCenterCode":null,"chequeNo":"0","referenceNo":"0","billNo":"","billSer":"","installm...
Status: 200
Response: {"code":2002,"message":"Some entities can not be inserted","content":[{"referenceId":"2530448","message":"Error When Updating Post In Vouchers ORA-20420: Error When Insert Doc. Into Posting Tables , ORA-20333: : مشكلة في الترحيل = 1 , 53698\rORA-20469: لم تكتمل عملية الترحيل =1 , 53698\r = -250\rORA-0000: normal, successful completion","errorNo":"20079","docNo":"","docSer":"","statusCode":"20420"}]}
Response Time: 2ms
================================================================================

[2026-06-28 20:53:22.218] FAILURE | Serial: 2530448 | Error: Some entities can not be inserted | Error When Updating Post In Vouchers ORA-20420: Error When Insert Doc. Into Posting Tables , ORA-20333: : مشكلة في الترحيل = 1 , 53698ORA-20469: لم تكتمل عملية الترحيل =1 , 53698 = -250ORA-0000: normal, successful completion

================================================================================
[2026-06-28 20:53:24.795] REQUEST
Method: POST
Endpoint: http://localhost:8081/api/GL/ImportJournal
Body: [{"docSerExternal":"2530452","branchNo":1,"docDate":"2025-01-22","docNo":null,"jvType":1,"amountLocal":250,"referenceNo":"0","beneficiaryName":"","receiver":"","manualDocNo":"","description":"","addTerminalName":"1","details":[{"docDueDate":"2025-01-22","accountCode":"1112010003","accountCodeDtl":null,"accountCodeDtlSub":"","currencyCode":"SAR","exchangeRate":0,"drOrCr":1,"amountLocal":250,"amountForeign":0,"costCenterCode":null,"chequeNo":"0","referenceNo":"0","billNo":"","billSer":"","installm...
Status: 200
Response: {"code":2002,"message":"Some entities can not be inserted","content":[{"referenceId":"2530452","message":"Error When Updating Post In Vouchers ORA-20420: Error When Insert Doc. Into Posting Tables , ORA-20333: : مشكلة في الترحيل = 1 , 53698\rORA-20469: لم تكتمل عملية الترحيل =1 , 53698\r = -250\rORA-0000: normal, successful completion","errorNo":"20079","docNo":"","docSer":"","statusCode":"20420"}]}
Response Time: 1ms
================================================================================

[2026-06-28 20:53:24.797] FAILURE | Serial: 2530452 | Error: Some entities can not be inserted | Error When Updating Post In Vouchers ORA-20420: Error When Insert Doc. Into Posting Tables , ORA-20333: : مشكلة في الترحيل = 1 , 53698ORA-20469: لم تكتمل عملية الترحيل =1 , 53698 = -250ORA-0000: normal, successful completion

================================================================================
[2026-06-28 20:53:27.386] REQUEST
Method: POST
Endpoint: http://localhost:8081/api/GL/ImportJournal
Body: [{"docSerExternal":"2530535","branchNo":1,"docDate":"2025-01-22","docNo":null,"jvType":1,"amountLocal":250,"referenceNo":"0","beneficiaryName":"","receiver":"","manualDocNo":"","description":"","addTerminalName":"1","details":[{"docDueDate":"2025-01-22","accountCode":"1112010003","accountCodeDtl":null,"accountCodeDtlSub":"","currencyCode":"SAR","exchangeRate":0,"drOrCr":1,"amountLocal":250,"amountForeign":0,"costCenterCode":null,"chequeNo":"0","referenceNo":"0","billNo":"","billSer":"","installm...
Status: 200
Response: {"code":2002,"message":"Some entities can not be inserted","content":[{"referenceId":"2530535","message":"Error When Updating Post In Vouchers ORA-20420: Error When Insert Doc. Into Posting Tables , ORA-20333: : مشكلة في الترحيل = 1 , 53698\rORA-20469: لم تكتمل عملية الترحيل =1 , 53698\r = -250\rORA-0000: normal, successful completion","errorNo":"20079","docNo":"","docSer":"","statusCode":"20420"}]}
Response Time: 1ms
================================================================================

[2026-06-28 20:53:27.388] FAILURE | Serial: 2530535 | Error: Some entities can not be inserted | Error When Updating Post In Vouchers ORA-20420: Error When Insert Doc. Into Posting Tables , ORA-20333: : مشكلة في الترحيل = 1 , 53698ORA-20469: لم تكتمل عملية الترحيل =1 , 53698 = -250ORA-0000: normal, successful completion

================================================================================
[2026-06-28 20:53:30.028] REQUEST
Method: POST
Endpoint: http://localhost:8081/api/GL/ImportJournal
Body: [{"docSerExternal":"2530538","branchNo":1,"docDate":"2025-01-22","docNo":null,"jvType":1,"amountLocal":500,"referenceNo":"0","beneficiaryName":"","receiver":"","manualDocNo":"","description":"","addTerminalName":"1","details":[{"docDueDate":"2025-01-22","accountCode":"1112010003","accountCodeDtl":null,"accountCodeDtlSub":"","currencyCode":"SAR","exchangeRate":0,"drOrCr":1,"amountLocal":500,"amountForeign":0,"costCenterCode":null,"chequeNo":"0","referenceNo":"0","billNo":"","billSer":"","installm...
Status: 200
Response: {"code":2002,"message":"Some entities can not be inserted","content":[{"referenceId":"2530538","message":"Error When Updating Post In Vouchers ORA-20420: Error When Insert Doc. Into Posting Tables , ORA-20333: : مشكلة في الترحيل = 1 , 53698\rORA-20469: لم تكتمل عملية الترحيل =1 , 53698\r = -500\rORA-0000: normal, successful completion","errorNo":"20079","docNo":"","docSer":"","statusCode":"20420"}]}
Response Time: 1ms
================================================================================

[2026-06-28 20:53:30.031] FAILURE | Serial: 2530538 | Error: Some entities can not be inserted | Error When Updating Post In Vouchers ORA-20420: Error When Insert Doc. Into Posting Tables , ORA-20333: : مشكلة في الترحيل = 1 , 53698ORA-20469: لم تكتمل عملية الترحيل =1 , 53698 = -500ORA-0000: normal, successful completion

================================================================================
[2026-06-28 20:53:32.664] REQUEST
Method: POST
Endpoint: http://localhost:8081/api/GL/ImportJournal
Body: [{"docSerExternal":"2530541","branchNo":1,"docDate":"2025-01-22","docNo":null,"jvType":1,"amountLocal":500,"referenceNo":"0","beneficiaryName":"","receiver":"","manualDocNo":"","description":"","addTerminalName":"1","details":[{"docDueDate":"2025-01-22","accountCode":"1112010003","accountCodeDtl":null,"accountCodeDtlSub":"","currencyCode":"SAR","exchangeRate":0,"drOrCr":1,"amountLocal":500,"amountForeign":0,"costCenterCode":null,"chequeNo":"0","referenceNo":"0","billNo":"","billSer":"","installm...
Status: 200
Response: {"code":2002,"message":"Some entities can not be inserted","content":[{"referenceId":"2530541","message":"Error When Updating Post In Vouchers ORA-20420: Error When Insert Doc. Into Posting Tables , ORA-20333: : مشكلة في الترحيل = 1 , 53698\rORA-20469: لم تكتمل عملية الترحيل =1 , 53698\r = -500\rORA-0000: normal, successful completion","errorNo":"20079","docNo":"","docSer":"","statusCode":"20420"}]}
Response Time: 2ms
================================================================================

[2026-06-28 20:53:32.667] FAILURE | Serial: 2530541 | Error: Some entities can not be inserted | Error When Updating Post In Vouchers ORA-20420: Error When Insert Doc. Into Posting Tables , ORA-20333: : مشكلة في الترحيل = 1 , 53698ORA-20469: لم تكتمل عملية الترحيل =1 , 53698 = -500ORA-0000: normal, successful completion

================================================================================
[2026-06-28 20:53:35.306] REQUEST
Method: POST
Endpoint: http://localhost:8081/api/GL/ImportJournal
Body: [{"docSerExternal":"2530547","branchNo":1,"docDate":"2025-01-22","docNo":null,"jvType":1,"amountLocal":250,"referenceNo":"0","beneficiaryName":"","receiver":"","manualDocNo":"","description":"","addTerminalName":"1","details":[{"docDueDate":"2025-01-22","accountCode":"1111010003","accountCodeDtl":null,"accountCodeDtlSub":"","currencyCode":"SAR","exchangeRate":0,"drOrCr":1,"amountLocal":250,"amountForeign":0,"costCenterCode":null,"chequeNo":"0","referenceNo":"0","billNo":"","billSer":"","installm...
Status: 200
Response: {"code":2002,"message":"Some entities can not be inserted","content":[{"referenceId":"2530547","message":"Error When Updating Post In Vouchers ORA-20420: Error When Insert Doc. Into Posting Tables , ORA-20333: : مشكلة في الترحيل = 1 , 53698\rORA-20469: لم تكتمل عملية الترحيل =1 , 53698\r = -250\rORA-0000: normal, successful completion","errorNo":"20079","docNo":"","docSer":"","statusCode":"20420"}]}
Response Time: 2ms
================================================================================

[2026-06-28 20:53:35.309] FAILURE | Serial: 2530547 | Error: Some entities can not be inserted | Error When Updating Post In Vouchers ORA-20420: Error When Insert Doc. Into Posting Tables , ORA-20333: : مشكلة في الترحيل = 1 , 53698ORA-20469: لم تكتمل عملية الترحيل =1 , 53698 = -250ORA-0000: normal, successful completion

================================================================================
[2026-06-28 20:53:37.908] REQUEST
Method: POST
Endpoint: http://localhost:8081/api/GL/ImportJournal
Body: [{"docSerExternal":"2530550","branchNo":1,"docDate":"2025-01-22","docNo":null,"jvType":1,"amountLocal":250,"referenceNo":"0","beneficiaryName":"","receiver":"","manualDocNo":"","description":"","addTerminalName":"1","details":[{"docDueDate":"2025-01-22","accountCode":"1112010003","accountCodeDtl":null,"accountCodeDtlSub":"","currencyCode":"SAR","exchangeRate":0,"drOrCr":1,"amountLocal":250,"amountForeign":0,"costCenterCode":null,"chequeNo":"0","referenceNo":"0","billNo":"","billSer":"","installm...
Status: 200
Response: {"code":2002,"message":"Some entities can not be inserted","content":[{"referenceId":"2530550","message":"Error When Updating Post In Vouchers ORA-20420: Error When Insert Doc. Into Posting Tables , ORA-20333: : مشكلة في الترحيل = 1 , 53698\rORA-20469: لم تكتمل عملية الترحيل =1 , 53698\r = -250\rORA-0000: normal, successful completion","errorNo":"20079","docNo":"","docSer":"","statusCode":"20420"}]}
Response Time: 1ms
================================================================================

[2026-06-28 20:53:37.910] FAILURE | Serial: 2530550 | Error: Some entities can not be inserted | Error When Updating Post In Vouchers ORA-20420: Error When Insert Doc. Into Posting Tables , ORA-20333: : مشكلة في الترحيل = 1 , 53698ORA-20469: لم تكتمل عملية الترحيل =1 , 53698 = -250ORA-0000: normal, successful completion

================================================================================
[2026-06-28 20:53:40.520] REQUEST
Method: POST
Endpoint: http://localhost:8081/api/GL/ImportJournal
Body: [{"docSerExternal":"2530553","branchNo":1,"docDate":"2025-01-22","docNo":null,"jvType":1,"amountLocal":690,"referenceNo":"0","beneficiaryName":"","receiver":"","manualDocNo":"","description":"","addTerminalName":"1","details":[{"docDueDate":"2025-01-22","accountCode":"1112010003","accountCodeDtl":null,"accountCodeDtlSub":"","currencyCode":"SAR","exchangeRate":0,"drOrCr":1,"amountLocal":690,"amountForeign":0,"costCenterCode":null,"chequeNo":"0","referenceNo":"0","billNo":"","billSer":"","installm...
Status: 200
Response: {"code":2002,"message":"Some entities can not be inserted","content":[{"referenceId":"2530553","message":"Error When Updating Post In Vouchers ORA-20420: Error When Insert Doc. Into Posting Tables , ORA-20333: : مشكلة في الترحيل = 1 , 53698\rORA-20469: لم تكتمل عملية الترحيل =1 , 53698\r = -690\rORA-0000: normal, successful completion","errorNo":"20079","docNo":"","docSer":"","statusCode":"20420"}]}
Response Time: 1ms
================================================================================

[2026-06-28 20:53:40.522] FAILURE | Serial: 2530553 | Error: Some entities can not be inserted | Error When Updating Post In Vouchers ORA-20420: Error When Insert Doc. Into Posting Tables , ORA-20333: : مشكلة في الترحيل = 1 , 53698ORA-20469: لم تكتمل عملية الترحيل =1 , 53698 = -690ORA-0000: normal, successful completion

================================================================================
[2026-06-28 20:53:43.169] REQUEST
Method: POST
Endpoint: http://localhost:8081/api/GL/ImportJournal
Body: [{"docSerExternal":"2530588","branchNo":1,"docDate":"2025-01-22","docNo":null,"jvType":1,"amountLocal":4.878,"referenceNo":"0","beneficiaryName":"","receiver":"","manualDocNo":"","description":"","addTerminalName":"1","details":[{"docDueDate":"2025-01-22","accountCode":"4111010001","accountCodeDtl":"100043","accountCodeDtlSub":"","currencyCode":"SAR","exchangeRate":0,"drOrCr":1,"amountLocal":5.6097,"amountForeign":0,"costCenterCode":"101043","chequeNo":"0","referenceNo":"0","billNo":"","billSer"...
Status: 200
Response: {"code":2002,"message":"Some entities can not be inserted","content":[{"referenceId":"2530588","message":"Error When Updating Post In Vouchers ORA-20420: Error When Insert Doc. Into Posting Tables , ORA-20333: : مشكلة في الترحيل = 1 , 53698\rORA-20469: لم تكتمل عملية الترحيل =1 , 53698\r = -4.878\rORA-0000: normal, successful completion","errorNo":"20079","docNo":"","docSer":"","statusCode":"20420"}]}
Response Time: 1ms
================================================================================

[2026-06-28 20:53:43.172] FAILURE | Serial: 2530588 | Error: Some entities can not be inserted | Error When Updating Post In Vouchers ORA-20420: Error When Insert Doc. Into Posting Tables , ORA-20333: : مشكلة في الترحيل = 1 , 53698ORA-20469: لم تكتمل عملية الترحيل =1 , 53698 = -4.878ORA-0000: normal, successful completion

================================================================================
[2026-06-28 20:53:45.842] REQUEST
Method: POST
Endpoint: http://localhost:8081/api/GL/ImportJournal
Body: [{"docSerExternal":"2530617","branchNo":1,"docDate":"2025-01-22","docNo":null,"jvType":1,"amountLocal":9.9682,"referenceNo":"0","beneficiaryName":"","receiver":"","manualDocNo":"","description":"","addTerminalName":"1","details":[{"docDueDate":"2025-01-22","accountCode":"4111010001","accountCodeDtl":"100001","accountCodeDtlSub":"","currencyCode":"SAR","exchangeRate":0,"drOrCr":1,"amountLocal":11.4634,"amountForeign":0,"costCenterCode":"101001","chequeNo":"0","referenceNo":"0","billNo":"","billSe...
Status: 200
Response: {"code":2002,"message":"Some entities can not be inserted","content":[{"referenceId":"2530617","message":"Error When Updating Post In Vouchers ORA-20420: Error When Insert Doc. Into Posting Tables , ORA-20333: : مشكلة في الترحيل = 1 , 53698\rORA-20469: لم تكتمل عملية الترحيل =1 , 53698\r = -9.9682\rORA-0000: normal, successful completion","errorNo":"20079","docNo":"","docSer":"","statusCode":"20420"}]}
Response Time: 1ms
================================================================================

[2026-06-28 20:53:45.845] FAILURE | Serial: 2530617 | Error: Some entities can not be inserted | Error When Updating Post In Vouchers ORA-20420: Error When Insert Doc. Into Posting Tables , ORA-20333: : مشكلة في الترحيل = 1 , 53698ORA-20469: لم تكتمل عملية الترحيل =1 , 53698 = -9.9682ORA-0000: normal, successful completion

================================================================================
[2026-06-28 20:53:48.464] REQUEST
Method: POST
Endpoint: http://localhost:8081/api/GL/ImportJournal
Body: [{"docSerExternal":"2531077","branchNo":1,"docDate":"2025-01-22","docNo":null,"jvType":1,"amountLocal":9.9682,"referenceNo":"0","beneficiaryName":"","receiver":"","manualDocNo":"","description":"","addTerminalName":"1","details":[{"docDueDate":"2025-01-22","accountCode":"4111010001","accountCodeDtl":"100064","accountCodeDtlSub":"","currencyCode":"SAR","exchangeRate":0,"drOrCr":1,"amountLocal":11.4634,"amountForeign":0,"costCenterCode":"101064","chequeNo":"0","referenceNo":"0","billNo":"","billSe...
Status: 200
Response: {"code":2002,"message":"Some entities can not be inserted","content":[{"referenceId":"2531077","message":"Error When Updating Post In Vouchers ORA-20420: Error When Insert Doc. Into Posting Tables , ORA-20333: : مشكلة في الترحيل = 1 , 53698\rORA-20469: لم تكتمل عملية الترحيل =1 , 53698\r = -9.9682\rORA-0000: normal, successful completion","errorNo":"20079","docNo":"","docSer":"","statusCode":"20420"}]}
Response Time: 1ms
================================================================================

[2026-06-28 20:53:48.467] FAILURE | Serial: 2531077 | Error: Some entities can not be inserted | Error When Updating Post In Vouchers ORA-20420: Error When Insert Doc. Into Posting Tables , ORA-20333: : مشكلة في الترحيل = 1 , 53698ORA-20469: لم تكتمل عملية الترحيل =1 , 53698 = -9.9682ORA-0000: normal, successful completion

================================================================================
[2026-06-28 20:53:51.104] REQUEST
Method: POST
Endpoint: http://localhost:8081/api/GL/ImportJournal
Body: [{"docSerExternal":"2597003","branchNo":1,"docDate":"2025-01-22","docNo":null,"jvType":1,"amountLocal":11676,"referenceNo":"0","beneficiaryName":"","receiver":"","manualDocNo":"","description":"","addTerminalName":"1","details":[{"docDueDate":"2025-01-22","accountCode":"1111010003","accountCodeDtl":null,"accountCodeDtlSub":"","currencyCode":"SAR","exchangeRate":0,"drOrCr":1,"amountLocal":11676,"amountForeign":0,"costCenterCode":null,"chequeNo":"0","referenceNo":"0","billNo":"","billSer":"","inst...
Status: 200
Response: {"code":2002,"message":"Some entities can not be inserted","content":[{"referenceId":"2597003","message":"Error When Updating Post In Vouchers ORA-20420: Error When Insert Doc. Into Posting Tables , ORA-20333: : مشكلة في الترحيل = 1 , 53698\rORA-20469: لم تكتمل عملية الترحيل =1 , 53698\r = -11676\rORA-0000: normal, successful completion","errorNo":"20079","docNo":"","docSer":"","statusCode":"20420"}]}
Response Time: 1ms
================================================================================

[2026-06-28 20:53:51.107] FAILURE | Serial: 2597003 | Error: Some entities can not be inserted | Error When Updating Post In Vouchers ORA-20420: Error When Insert Doc. Into Posting Tables , ORA-20333: : مشكلة في الترحيل = 1 , 53698ORA-20469: لم تكتمل عملية الترحيل =1 , 53698 = -11676ORA-0000: normal, successful completion

================================================================================
[2026-06-28 20:53:53.803] REQUEST
Method: POST
Endpoint: http://localhost:8081/api/GL/ImportJournal
Body: [{"docSerExternal":"2597004","branchNo":1,"docDate":"2025-01-22","docNo":null,"jvType":1,"amountLocal":509,"referenceNo":"0","beneficiaryName":"","receiver":"","manualDocNo":"","description":"","addTerminalName":"1","details":[{"docDueDate":"2025-01-22","accountCode":"1111010003","accountCodeDtl":null,"accountCodeDtlSub":"","currencyCode":"SAR","exchangeRate":0,"drOrCr":1,"amountLocal":509,"amountForeign":0,"costCenterCode":null,"chequeNo":"0","referenceNo":"0","billNo":"","billSer":"","installm...
Status: 200
Response: {"code":2002,"message":"Some entities can not be inserted","content":[{"referenceId":"2597004","message":"Error When Updating Post In Vouchers ORA-20420: Error When Insert Doc. Into Posting Tables , ORA-20333: : مشكلة في الترحيل = 1 , 53698\rORA-20469: لم تكتمل عملية الترحيل =1 , 53698\r = -509\rORA-0000: normal, successful completion","errorNo":"20079","docNo":"","docSer":"","statusCode":"20420"}]}
Response Time: 2ms
================================================================================

[2026-06-28 20:53:53.806] FAILURE | Serial: 2597004 | Error: Some entities can not be inserted | Error When Updating Post In Vouchers ORA-20420: Error When Insert Doc. Into Posting Tables , ORA-20333: : مشكلة في الترحيل = 1 , 53698ORA-20469: لم تكتمل عملية الترحيل =1 , 53698 = -509ORA-0000: normal, successful completion

================================================================================
[2026-06-28 20:53:56.428] REQUEST
Method: POST
Endpoint: http://localhost:8081/api/GL/ImportJournal
Body: [{"docSerExternal":"2599553","branchNo":1,"docDate":"2025-01-22","docNo":null,"jvType":1,"amountLocal":4.878,"referenceNo":"0","beneficiaryName":"","receiver":"","manualDocNo":"","description":"","addTerminalName":"1","details":[{"docDueDate":"2025-01-22","accountCode":"214310001","accountCodeDtl":"100010","accountCodeDtlSub":"","currencyCode":"SAR","exchangeRate":0,"drOrCr":1,"amountLocal":0.12195,"amountForeign":0,"costCenterCode":"101010","chequeNo":"0","referenceNo":"0","billNo":"","billSer"...
Status: 200
Response: {"code":2002,"message":"Some entities can not be inserted","content":[{"referenceId":"2599553","message":"Error When Updating Post In Vouchers ORA-20420: Error When Insert Doc. Into Posting Tables , ORA-20333: : مشكلة في الترحيل = 1 , 53698\rORA-20469: لم تكتمل عملية الترحيل =1 , 53698\r = -4.878\rORA-0000: normal, successful completion","errorNo":"20079","docNo":"","docSer":"","statusCode":"20420"}]}
Response Time: 1ms
================================================================================

[2026-06-28 20:53:56.431] FAILURE | Serial: 2599553 | Error: Some entities can not be inserted | Error When Updating Post In Vouchers ORA-20420: Error When Insert Doc. Into Posting Tables , ORA-20333: : مشكلة في الترحيل = 1 , 53698ORA-20469: لم تكتمل عملية الترحيل =1 , 53698 = -4.878ORA-0000: normal, successful completion

================================================================================
[2026-06-28 21:38:50.646] REQUEST
Method: POST
Endpoint: http://localhost:8081/api/Auth/login
Body: {"userId":"1","password":"1"}
Status: 200
Response: {"token":"HARDCODED_TEST_TOKEN_12345"}
Response Time: 73ms
================================================================================


================================================================================
[2026-06-28 21:38:50.726] REQUEST
Method: POST
Endpoint: http://localhost:8081/api/GL/ImportJournal
Body: [{"docSerExternal":"2530386","branchNo":1,"docDate":"2025-01-22","docNo":null,"jvType":1,"amountLocal":470,"referenceNo":"0","beneficiaryName":"","receiver":"","manualDocNo":"","description":"","addTerminalName":"1","details":[{"docDueDate":"2025-01-22","accountCode":"1112010003","accountCodeDtl":null,"accountCodeDtlSub":"","currencyCode":"SAR","exchangeRate":0,"drOrCr":1,"amountLocal":470,"amountForeign":0,"costCenterCode":null,"chequeNo":"0","referenceNo":"0","billNo":"","billSer":"","installm...
Status: 200
Response: {"code":2002,"message":"Some entities can not be inserted","content":[{"referenceId":"2530386","message":"Error When Updating Post In Vouchers ORA-20420: Error When Insert Doc. Into Posting Tables , ORA-20333: : مشكلة في الترحيل = 1 , 53698\rORA-20469: لم تكتمل عملية الترحيل =1 , 53698\r = -470\rORA-0000: normal, successful completion","errorNo":"20079","docNo":"","docSer":"","statusCode":"20420"}]}
Response Time: 3ms
================================================================================

[2026-06-28 21:38:50.733] FAILURE | Serial: 2530386 | Error: Some entities can not be inserted | Error When Updating Post In Vouchers ORA-20420: Error When Insert Doc. Into Posting Tables , ORA-20333: : مشكلة في الترحيل = 1 , 53698ORA-20469: لم تكتمل عملية الترحيل =1 , 53698 = -470ORA-0000: normal, successful completion

================================================================================
[2026-06-28 21:38:58.871] REQUEST
Method: POST
Endpoint: http://localhost:8081/api/GL/ImportJournal
Body: [{"docSerExternal":"2530387","branchNo":1,"docDate":"2025-01-22","docNo":null,"jvType":1,"amountLocal":398.73,"referenceNo":"0","beneficiaryName":"","receiver":"","manualDocNo":"","description":"","addTerminalName":"1","details":[{"docDueDate":"2025-01-22","accountCode":"214310001","accountCodeDtl":"100017","accountCodeDtlSub":"","currencyCode":"SAR","exchangeRate":0,"drOrCr":1,"amountLocal":458.5395,"amountForeign":0,"costCenterCode":"101017","chequeNo":"0","referenceNo":"0","billNo":"","billSe...
Status: 200
Response: {"code":2002,"message":"Some entities can not be inserted","content":[{"referenceId":"2530387","message":"Error When Updating Post In Vouchers ORA-20420: Error When Insert Doc. Into Posting Tables , ORA-20333: : مشكلة في الترحيل = 1 , 53698\rORA-20469: لم تكتمل عملية الترحيل =1 , 53698\r = -398.73\rORA-0000: normal, successful completion","errorNo":"20079","docNo":"","docSer":"","statusCode":"20420"}]}
Response Time: 5ms
================================================================================

[2026-06-28 21:38:58.877] FAILURE | Serial: 2530387 | Error: Some entities can not be inserted | Error When Updating Post In Vouchers ORA-20420: Error When Insert Doc. Into Posting Tables , ORA-20333: : مشكلة في الترحيل = 1 , 53698ORA-20469: لم تكتمل عملية الترحيل =1 , 53698 = -398.73ORA-0000: normal, successful completion

================================================================================
[2026-06-28 21:39:07.087] REQUEST
Method: POST
Endpoint: http://localhost:8081/api/GL/ImportJournal
Body: [{"docSerExternal":"2530390","branchNo":1,"docDate":"2025-01-22","docNo":null,"jvType":1,"amountLocal":230,"referenceNo":"0","beneficiaryName":"","receiver":"","manualDocNo":"","description":"","addTerminalName":"1","details":[{"docDueDate":"2025-01-22","accountCode":"1112010003","accountCodeDtl":null,"accountCodeDtlSub":"","currencyCode":"SAR","exchangeRate":0,"drOrCr":1,"amountLocal":230,"amountForeign":0,"costCenterCode":null,"chequeNo":"0","referenceNo":"0","billNo":"","billSer":"","installm...
Status: 200
Response: {"code":2002,"message":"Some entities can not be inserted","content":[{"referenceId":"2530390","message":"Error When Updating Post In Vouchers ORA-20420: Error When Insert Doc. Into Posting Tables , ORA-20333: : مشكلة في الترحيل = 1 , 53698\rORA-20469: لم تكتمل عملية الترحيل =1 , 53698\r = -230\rORA-0000: normal, successful completion","errorNo":"20079","docNo":"","docSer":"","statusCode":"20420"}]}
Response Time: 3ms
================================================================================

[2026-06-28 21:39:07.092] FAILURE | Serial: 2530390 | Error: Some entities can not be inserted | Error When Updating Post In Vouchers ORA-20420: Error When Insert Doc. Into Posting Tables , ORA-20333: : مشكلة في الترحيل = 1 , 53698ORA-20469: لم تكتمل عملية الترحيل =1 , 53698 = -230ORA-0000: normal, successful completion

================================================================================
[2026-06-28 21:39:15.328] REQUEST
Method: POST
Endpoint: http://localhost:8081/api/GL/ImportJournal
Body: [{"docSerExternal":"2530391","branchNo":1,"docDate":"2025-01-22","docNo":null,"jvType":1,"amountLocal":195.12,"referenceNo":"0","beneficiaryName":"","receiver":"","manualDocNo":"","description":"","addTerminalName":"1","details":[{"docDueDate":"2025-01-22","accountCode":"214310001","accountCodeDtl":"100023","accountCodeDtlSub":"","currencyCode":"SAR","exchangeRate":0,"drOrCr":1,"amountLocal":224.388,"amountForeign":0,"costCenterCode":"101023","chequeNo":"0","referenceNo":"0","billNo":"","billSer...
Status: 200
Response: {"code":2002,"message":"Some entities can not be inserted","content":[{"referenceId":"2530391","message":"Error When Updating Post In Vouchers ORA-20420: Error When Insert Doc. Into Posting Tables , ORA-20333: : مشكلة في الترحيل = 1 , 53698\rORA-20469: لم تكتمل عملية الترحيل =1 , 53698\r = -195.12\rORA-0000: normal, successful completion","errorNo":"20079","docNo":"","docSer":"","statusCode":"20420"}]}
Response Time: 3ms
================================================================================

[2026-06-28 21:39:15.332] FAILURE | Serial: 2530391 | Error: Some entities can not be inserted | Error When Updating Post In Vouchers ORA-20420: Error When Insert Doc. Into Posting Tables , ORA-20333: : مشكلة في الترحيل = 1 , 53698ORA-20469: لم تكتمل عملية الترحيل =1 , 53698 = -195.12ORA-0000: normal, successful completion

================================================================================
[2026-06-28 21:39:23.506] REQUEST
Method: POST
Endpoint: http://localhost:8081/api/GL/ImportJournal
Body: [{"docSerExternal":"2530392","branchNo":1,"docDate":"2025-01-22","docNo":null,"jvType":1,"amountLocal":4.878,"referenceNo":"0","beneficiaryName":"","receiver":"","manualDocNo":"","description":"","addTerminalName":"1","details":[{"docDueDate":"2025-01-22","accountCode":"4111010001","accountCodeDtl":"100001","accountCodeDtlSub":"","currencyCode":"SAR","exchangeRate":0,"drOrCr":1,"amountLocal":5.6097,"amountForeign":0,"costCenterCode":"101001","chequeNo":"0","referenceNo":"0","billNo":"","billSer"...
Status: 200
Response: {"code":2002,"message":"Some entities can not be inserted","content":[{"referenceId":"2530392","message":"Error When Updating Post In Vouchers ORA-20420: Error When Insert Doc. Into Posting Tables , ORA-20333: : مشكلة في الترحيل = 1 , 53698\rORA-20469: لم تكتمل عملية الترحيل =1 , 53698\r = -4.878\rORA-0000: normal, successful completion","errorNo":"20079","docNo":"","docSer":"","statusCode":"20420"}]}
Response Time: 3ms
================================================================================

[2026-06-28 21:39:23.511] FAILURE | Serial: 2530392 | Error: Some entities can not be inserted | Error When Updating Post In Vouchers ORA-20420: Error When Insert Doc. Into Posting Tables , ORA-20333: : مشكلة في الترحيل = 1 , 53698ORA-20469: لم تكتمل عملية الترحيل =1 , 53698 = -4.878ORA-0000: normal, successful completion

================================================================================
[2026-06-28 21:39:31.647] REQUEST
Method: POST
Endpoint: http://localhost:8081/api/GL/ImportJournal
Body: [{"docSerExternal":"2530393","branchNo":1,"docDate":"2025-01-22","docNo":null,"jvType":1,"amountLocal":230,"referenceNo":"0","beneficiaryName":"","receiver":"","manualDocNo":"","description":"","addTerminalName":"1","details":[{"docDueDate":"2025-01-22","accountCode":"1112010003","accountCodeDtl":null,"accountCodeDtlSub":"","currencyCode":"SAR","exchangeRate":0,"drOrCr":1,"amountLocal":230,"amountForeign":0,"costCenterCode":null,"chequeNo":"0","referenceNo":"0","billNo":"","billSer":"","installm...
Status: 200
Response: {"code":2002,"message":"Some entities can not be inserted","content":[{"referenceId":"2530393","message":"Error When Updating Post In Vouchers ORA-20420: Error When Insert Doc. Into Posting Tables , ORA-20333: : مشكلة في الترحيل = 1 , 53698\rORA-20469: لم تكتمل عملية الترحيل =1 , 53698\r = -230\rORA-0000: normal, successful completion","errorNo":"20079","docNo":"","docSer":"","statusCode":"20420"}]}
Response Time: 4ms
================================================================================

[2026-06-28 21:39:31.653] FAILURE | Serial: 2530393 | Error: Some entities can not be inserted | Error When Updating Post In Vouchers ORA-20420: Error When Insert Doc. Into Posting Tables , ORA-20333: : مشكلة في الترحيل = 1 , 53698ORA-20469: لم تكتمل عملية الترحيل =1 , 53698 = -230ORA-0000: normal, successful completion

================================================================================
[2026-06-28 21:39:39.576] REQUEST
Method: POST
Endpoint: http://localhost:8081/api/GL/ImportJournal
Body: [{"docSerExternal":"2530394","branchNo":1,"docDate":"2025-01-22","docNo":null,"jvType":1,"amountLocal":195.12,"referenceNo":"0","beneficiaryName":"","receiver":"","manualDocNo":"","description":"","addTerminalName":"1","details":[{"docDueDate":"2025-01-22","accountCode":"214310001","accountCodeDtl":"100010","accountCodeDtlSub":"","currencyCode":"SAR","exchangeRate":0,"drOrCr":1,"amountLocal":224.388,"amountForeign":0,"costCenterCode":"101010","chequeNo":"0","referenceNo":"0","billNo":"","billSer...
Status: 200
Response: {"code":2002,"message":"Some entities can not be inserted","content":[{"referenceId":"2530394","message":"Error When Updating Post In Vouchers ORA-20420: Error When Insert Doc. Into Posting Tables , ORA-20333: : مشكلة في الترحيل = 1 , 53698\rORA-20469: لم تكتمل عملية الترحيل =1 , 53698\r = -195.12\rORA-0000: normal, successful completion","errorNo":"20079","docNo":"","docSer":"","statusCode":"20420"}]}
Response Time: 3ms
================================================================================

[2026-06-28 21:39:39.580] FAILURE | Serial: 2530394 | Error: Some entities can not be inserted | Error When Updating Post In Vouchers ORA-20420: Error When Insert Doc. Into Posting Tables , ORA-20333: : مشكلة في الترحيل = 1 , 53698ORA-20469: لم تكتمل عملية الترحيل =1 , 53698 = -195.12ORA-0000: normal, successful completion

================================================================================
[2026-06-28 21:39:47.326] REQUEST
Method: POST
Endpoint: http://localhost:8081/api/GL/ImportJournal
Body: [{"docSerExternal":"2530396","branchNo":1,"docDate":"2025-01-22","docNo":null,"jvType":1,"amountLocal":200,"referenceNo":"0","beneficiaryName":"","receiver":"","manualDocNo":"","description":"","addTerminalName":"1","details":[{"docDueDate":"2025-01-22","accountCode":"1112010003","accountCodeDtl":null,"accountCodeDtlSub":"","currencyCode":"SAR","exchangeRate":0,"drOrCr":1,"amountLocal":200,"amountForeign":0,"costCenterCode":null,"chequeNo":"0","referenceNo":"0","billNo":"","billSer":"","installm...
Status: 200
Response: {"code":2002,"message":"Some entities can not be inserted","content":[{"referenceId":"2530396","message":"Error When Updating Post In Vouchers ORA-20420: Error When Insert Doc. Into Posting Tables , ORA-20333: : مشكلة في الترحيل = 1 , 53698\rORA-20469: لم تكتمل عملية الترحيل =1 , 53698\r = -200\rORA-0000: normal, successful completion","errorNo":"20079","docNo":"","docSer":"","statusCode":"20420"}]}
Response Time: 4ms
================================================================================

[2026-06-28 21:39:47.332] FAILURE | Serial: 2530396 | Error: Some entities can not be inserted | Error When Updating Post In Vouchers ORA-20420: Error When Insert Doc. Into Posting Tables , ORA-20333: : مشكلة في الترحيل = 1 , 53698ORA-20469: لم تكتمل عملية الترحيل =1 , 53698 = -200ORA-0000: normal, successful completion

================================================================================
[2026-06-28 21:39:55.079] REQUEST
Method: POST
Endpoint: http://localhost:8081/api/GL/ImportJournal
Body: [{"docSerExternal":"2530397","branchNo":1,"docDate":"2025-01-22","docNo":null,"jvType":1,"amountLocal":169.67,"referenceNo":"0","beneficiaryName":"","receiver":"","manualDocNo":"","description":"","addTerminalName":"1","details":[{"docDueDate":"2025-01-22","accountCode":"214310001","accountCodeDtl":"100033","accountCodeDtlSub":"","currencyCode":"SAR","exchangeRate":0,"drOrCr":1,"amountLocal":195.1205,"amountForeign":0,"costCenterCode":"101033","chequeNo":"0","referenceNo":"0","billNo":"","billSe...
Status: 200
Response: {"code":2002,"message":"Some entities can not be inserted","content":[{"referenceId":"2530397","message":"Error When Updating Post In Vouchers ORA-20420: Error When Insert Doc. Into Posting Tables , ORA-20333: : مشكلة في الترحيل = 1 , 53698\rORA-20469: لم تكتمل عملية الترحيل =1 , 53698\r = -169.67\rORA-0000: normal, successful completion","errorNo":"20079","docNo":"","docSer":"","statusCode":"20420"}]}
Response Time: 3ms
================================================================================

[2026-06-28 21:39:55.083] FAILURE | Serial: 2530397 | Error: Some entities can not be inserted | Error When Updating Post In Vouchers ORA-20420: Error When Insert Doc. Into Posting Tables , ORA-20333: : مشكلة في الترحيل = 1 , 53698ORA-20469: لم تكتمل عملية الترحيل =1 , 53698 = -169.67ORA-0000: normal, successful completion

================================================================================
[2026-06-28 21:40:02.893] REQUEST
Method: POST
Endpoint: http://localhost:8081/api/GL/ImportJournal
Body: [{"docSerExternal":"2530398","branchNo":1,"docDate":"2025-01-22","docNo":null,"jvType":1,"amountLocal":4.2417,"referenceNo":"0","beneficiaryName":"","receiver":"","manualDocNo":"","description":"","addTerminalName":"1","details":[{"docDueDate":"2025-01-22","accountCode":"4111010001","accountCodeDtl":"100001","accountCodeDtlSub":"","currencyCode":"SAR","exchangeRate":0,"drOrCr":1,"amountLocal":4.878,"amountForeign":0,"costCenterCode":"101001","chequeNo":"0","referenceNo":"0","billNo":"","billSer"...
Status: 200
Response: {"code":2002,"message":"Some entities can not be inserted","content":[{"referenceId":"2530398","message":"Error When Updating Post In Vouchers ORA-20420: Error When Insert Doc. Into Posting Tables , ORA-20333: : مشكلة في الترحيل = 1 , 53698\rORA-20469: لم تكتمل عملية الترحيل =1 , 53698\r = -4.2417\rORA-0000: normal, successful completion","errorNo":"20079","docNo":"","docSer":"","statusCode":"20420"}]}
Response Time: 3ms
================================================================================

[2026-06-28 21:40:02.897] FAILURE | Serial: 2530398 | Error: Some entities can not be inserted | Error When Updating Post In Vouchers ORA-20420: Error When Insert Doc. Into Posting Tables , ORA-20333: : مشكلة في الترحيل = 1 , 53698ORA-20469: لم تكتمل عملية الترحيل =1 , 53698 = -4.2417ORA-0000: normal, successful completion

================================================================================
[2026-06-28 21:40:10.698] REQUEST
Method: POST
Endpoint: http://localhost:8081/api/GL/ImportJournal
Body: [{"docSerExternal":"2530399","branchNo":1,"docDate":"2025-01-22","docNo":null,"jvType":1,"amountLocal":1410,"referenceNo":"0","beneficiaryName":"","receiver":"","manualDocNo":"","description":"","addTerminalName":"1","details":[{"docDueDate":"2025-01-22","accountCode":"1112010003","accountCodeDtl":null,"accountCodeDtlSub":"","currencyCode":"SAR","exchangeRate":0,"drOrCr":1,"amountLocal":1410,"amountForeign":0,"costCenterCode":null,"chequeNo":"0","referenceNo":"0","billNo":"","billSer":"","instal...
Status: 200
Response: {"code":2002,"message":"Some entities can not be inserted","content":[{"referenceId":"2530399","message":"Error When Updating Post In Vouchers ORA-20420: Error When Insert Doc. Into Posting Tables , ORA-20333: : مشكلة في الترحيل = 1 , 53698\rORA-20469: لم تكتمل عملية الترحيل =1 , 53698\r = -1410\rORA-0000: normal, successful completion","errorNo":"20079","docNo":"","docSer":"","statusCode":"20420"}]}
Response Time: 3ms
================================================================================

[2026-06-28 21:40:10.702] FAILURE | Serial: 2530399 | Error: Some entities can not be inserted | Error When Updating Post In Vouchers ORA-20420: Error When Insert Doc. Into Posting Tables , ORA-20333: : مشكلة في الترحيل = 1 , 53698ORA-20469: لم تكتمل عملية الترحيل =1 , 53698 = -1410ORA-0000: normal, successful completion

================================================================================
[2026-06-28 21:40:18.503] REQUEST
Method: POST
Endpoint: http://localhost:8081/api/GL/ImportJournal
Body: [{"docSerExternal":"2530400","branchNo":1,"docDate":"2025-01-22","docNo":null,"jvType":1,"amountLocal":398.73,"referenceNo":"0","beneficiaryName":"","receiver":"","manualDocNo":"","description":"","addTerminalName":"1","details":[{"docDueDate":"2025-01-22","accountCode":"214310001","accountCodeDtl":"100035","accountCodeDtlSub":"","currencyCode":"SAR","exchangeRate":0,"drOrCr":1,"amountLocal":458.5395,"amountForeign":0,"costCenterCode":"101035","chequeNo":"0","referenceNo":"0","billNo":"","billSe...
Status: 200
Response: {"code":2002,"message":"Some entities can not be inserted","content":[{"referenceId":"2530400","message":"Error When Updating Post In Vouchers ORA-20420: Error When Insert Doc. Into Posting Tables , ORA-20333: : مشكلة في الترحيل = 1 , 53698\rORA-20469: لم تكتمل عملية الترحيل =1 , 53698\r = -398.73\rORA-0000: normal, successful completion","errorNo":"20079","docNo":"","docSer":"","statusCode":"20420"}]}
Response Time: 3ms
================================================================================

[2026-06-28 21:40:18.507] FAILURE | Serial: 2530400 | Error: Some entities can not be inserted | Error When Updating Post In Vouchers ORA-20420: Error When Insert Doc. Into Posting Tables , ORA-20333: : مشكلة في الترحيل = 1 , 53698ORA-20469: لم تكتمل عملية الترحيل =1 , 53698 = -398.73ORA-0000: normal, successful completion

================================================================================
[2026-06-28 21:40:26.305] REQUEST
Method: POST
Endpoint: http://localhost:8081/api/GL/ImportJournal
Body: [{"docSerExternal":"2530402","branchNo":1,"docDate":"2025-01-22","docNo":null,"jvType":1,"amountLocal":250,"referenceNo":"0","beneficiaryName":"","receiver":"","manualDocNo":"","description":"","addTerminalName":"1","details":[{"docDueDate":"2025-01-22","accountCode":"1112010003","accountCodeDtl":null,"accountCodeDtlSub":"","currencyCode":"SAR","exchangeRate":0,"drOrCr":1,"amountLocal":250,"amountForeign":0,"costCenterCode":null,"chequeNo":"0","referenceNo":"0","billNo":"","billSer":"","installm...
Status: 200
Response: {"code":2002,"message":"Some entities can not be inserted","content":[{"referenceId":"2530402","message":"Error When Updating Post In Vouchers ORA-20420: Error When Insert Doc. Into Posting Tables , ORA-20333: : مشكلة في الترحيل = 1 , 53698\rORA-20469: لم تكتمل عملية الترحيل =1 , 53698\r = -250\rORA-0000: normal, successful completion","errorNo":"20079","docNo":"","docSer":"","statusCode":"20420"}]}
Response Time: 3ms
================================================================================

[2026-06-28 21:40:26.309] FAILURE | Serial: 2530402 | Error: Some entities can not be inserted | Error When Updating Post In Vouchers ORA-20420: Error When Insert Doc. Into Posting Tables , ORA-20333: : مشكلة في الترحيل = 1 , 53698ORA-20469: لم تكتمل عملية الترحيل =1 , 53698 = -250ORA-0000: normal, successful completion

================================================================================
[2026-06-28 21:40:34.107] REQUEST
Method: POST
Endpoint: http://localhost:8081/api/GL/ImportJournal
Body: [{"docSerExternal":"2530403","branchNo":1,"docDate":"2025-01-22","docNo":null,"jvType":1,"amountLocal":212.09,"referenceNo":"0","beneficiaryName":"","receiver":"","manualDocNo":"","description":"","addTerminalName":"1","details":[{"docDueDate":"2025-01-22","accountCode":"214310001","accountCodeDtl":"100039","accountCodeDtlSub":"","currencyCode":"SAR","exchangeRate":0,"drOrCr":1,"amountLocal":243.9035,"amountForeign":0,"costCenterCode":"101039","chequeNo":"0","referenceNo":"0","billNo":"","billSe...
Status: 200
Response: {"code":2002,"message":"Some entities can not be inserted","content":[{"referenceId":"2530403","message":"Error When Updating Post In Vouchers ORA-20420: Error When Insert Doc. Into Posting Tables , ORA-20333: : مشكلة في الترحيل = 1 , 53698\rORA-20469: لم تكتمل عملية الترحيل =1 , 53698\r = -212.09\rORA-0000: normal, successful completion","errorNo":"20079","docNo":"","docSer":"","statusCode":"20420"}]}
Response Time: 3ms
================================================================================

[2026-06-28 21:40:34.111] FAILURE | Serial: 2530403 | Error: Some entities can not be inserted | Error When Updating Post In Vouchers ORA-20420: Error When Insert Doc. Into Posting Tables , ORA-20333: : مشكلة في الترحيل = 1 , 53698ORA-20469: لم تكتمل عملية الترحيل =1 , 53698 = -212.09ORA-0000: normal, successful completion

================================================================================
[2026-06-28 21:40:41.905] REQUEST
Method: POST
Endpoint: http://localhost:8081/api/GL/ImportJournal
Body: [{"docSerExternal":"2530404","branchNo":1,"docDate":"2025-01-22","docNo":null,"jvType":1,"amountLocal":5.3022,"referenceNo":"0","beneficiaryName":"","receiver":"","manualDocNo":"","description":"","addTerminalName":"1","details":[{"docDueDate":"2025-01-22","accountCode":"4111010001","accountCodeDtl":"100001","accountCodeDtlSub":"","currencyCode":"SAR","exchangeRate":0,"drOrCr":1,"amountLocal":6.0975,"amountForeign":0,"costCenterCode":"101001","chequeNo":"0","referenceNo":"0","billNo":"","billSer...
Status: 200
Response: {"code":2002,"message":"Some entities can not be inserted","content":[{"referenceId":"2530404","message":"Error When Updating Post In Vouchers ORA-20420: Error When Insert Doc. Into Posting Tables , ORA-20333: : مشكلة في الترحيل = 1 , 53698\rORA-20469: لم تكتمل عملية الترحيل =1 , 53698\r = -5.3022\rORA-0000: normal, successful completion","errorNo":"20079","docNo":"","docSer":"","statusCode":"20420"}]}
Response Time: 3ms
================================================================================

[2026-06-28 21:40:41.909] FAILURE | Serial: 2530404 | Error: Some entities can not be inserted | Error When Updating Post In Vouchers ORA-20420: Error When Insert Doc. Into Posting Tables , ORA-20333: : مشكلة في الترحيل = 1 , 53698ORA-20469: لم تكتمل عملية الترحيل =1 , 53698 = -5.3022ORA-0000: normal, successful completion

================================================================================
[2026-06-28 21:40:49.714] REQUEST
Method: POST
Endpoint: http://localhost:8081/api/GL/ImportJournal
Body: [{"docSerExternal":"2530405","branchNo":1,"docDate":"2025-01-22","docNo":null,"jvType":1,"amountLocal":230,"referenceNo":"0","beneficiaryName":"","receiver":"","manualDocNo":"","description":"","addTerminalName":"1","details":[{"docDueDate":"2025-01-22","accountCode":"1111010003","accountCodeDtl":null,"accountCodeDtlSub":"","currencyCode":"SAR","exchangeRate":0,"drOrCr":1,"amountLocal":230,"amountForeign":0,"costCenterCode":null,"chequeNo":"0","referenceNo":"0","billNo":"","billSer":"","installm...
Status: 200
Response: {"code":2002,"message":"Some entities can not be inserted","content":[{"referenceId":"2530405","message":"Error When Updating Post In Vouchers ORA-20420: Error When Insert Doc. Into Posting Tables , ORA-20333: : مشكلة في الترحيل = 1 , 53698\rORA-20469: لم تكتمل عملية الترحيل =1 , 53698\r = -230\rORA-0000: normal, successful completion","errorNo":"20079","docNo":"","docSer":"","statusCode":"20420"}]}
Response Time: 3ms
================================================================================

[2026-06-28 21:40:49.717] FAILURE | Serial: 2530405 | Error: Some entities can not be inserted | Error When Updating Post In Vouchers ORA-20420: Error When Insert Doc. Into Posting Tables , ORA-20333: : مشكلة في الترحيل = 1 , 53698ORA-20469: لم تكتمل عملية الترحيل =1 , 53698 = -230ORA-0000: normal, successful completion

================================================================================
[2026-06-28 21:40:57.530] REQUEST
Method: POST
Endpoint: http://localhost:8081/api/GL/ImportJournal
Body: [{"docSerExternal":"2530406","branchNo":1,"docDate":"2025-01-22","docNo":null,"jvType":1,"amountLocal":195.12,"referenceNo":"0","beneficiaryName":"","receiver":"","manualDocNo":"","description":"","addTerminalName":"1","details":[{"docDueDate":"2025-01-22","accountCode":"214310001","accountCodeDtl":"100025","accountCodeDtlSub":"","currencyCode":"SAR","exchangeRate":0,"drOrCr":1,"amountLocal":224.388,"amountForeign":0,"costCenterCode":"101025","chequeNo":"0","referenceNo":"0","billNo":"","billSer...
Status: 200
Response: {"code":2002,"message":"Some entities can not be inserted","content":[{"referenceId":"2530406","message":"Error When Updating Post In Vouchers ORA-20420: Error When Insert Doc. Into Posting Tables , ORA-20333: : مشكلة في الترحيل = 1 , 53698\rORA-20469: لم تكتمل عملية الترحيل =1 , 53698\r = -195.12\rORA-0000: normal, successful completion","errorNo":"20079","docNo":"","docSer":"","statusCode":"20420"}]}
Response Time: 3ms
================================================================================

[2026-06-28 21:40:57.534] FAILURE | Serial: 2530406 | Error: Some entities can not be inserted | Error When Updating Post In Vouchers ORA-20420: Error When Insert Doc. Into Posting Tables , ORA-20333: : مشكلة في الترحيل = 1 , 53698ORA-20469: لم تكتمل عملية الترحيل =1 , 53698 = -195.12ORA-0000: normal, successful completion

================================================================================
[2026-06-28 21:41:05.357] REQUEST
Method: POST
Endpoint: http://localhost:8081/api/GL/ImportJournal
Body: [{"docSerExternal":"2530408","branchNo":1,"docDate":"2025-01-22","docNo":null,"jvType":1,"amountLocal":250,"referenceNo":"0","beneficiaryName":"","receiver":"","manualDocNo":"","description":"","addTerminalName":"1","details":[{"docDueDate":"2025-01-22","accountCode":"1112010003","accountCodeDtl":null,"accountCodeDtlSub":"","currencyCode":"SAR","exchangeRate":0,"drOrCr":1,"amountLocal":250,"amountForeign":0,"costCenterCode":null,"chequeNo":"0","referenceNo":"0","billNo":"","billSer":"","installm...
Status: 200
Response: {"code":2002,"message":"Some entities can not be inserted","content":[{"referenceId":"2530408","message":"Error When Updating Post In Vouchers ORA-20420: Error When Insert Doc. Into Posting Tables , ORA-20333: : مشكلة في الترحيل = 1 , 53698\rORA-20469: لم تكتمل عملية الترحيل =1 , 53698\r = -250\rORA-0000: normal, successful completion","errorNo":"20079","docNo":"","docSer":"","statusCode":"20420"}]}
Response Time: 3ms
================================================================================

[2026-06-28 21:41:05.361] FAILURE | Serial: 2530408 | Error: Some entities can not be inserted | Error When Updating Post In Vouchers ORA-20420: Error When Insert Doc. Into Posting Tables , ORA-20333: : مشكلة في الترحيل = 1 , 53698ORA-20469: لم تكتمل عملية الترحيل =1 , 53698 = -250ORA-0000: normal, successful completion

================================================================================
[2026-06-28 21:41:13.236] REQUEST
Method: POST
Endpoint: http://localhost:8081/api/GL/ImportJournal
Body: [{"docSerExternal":"2530409","branchNo":1,"docDate":"2025-01-22","docNo":null,"jvType":1,"amountLocal":212.09,"referenceNo":"0","beneficiaryName":"","receiver":"","manualDocNo":"","description":"","addTerminalName":"1","details":[{"docDueDate":"2025-01-22","accountCode":"214310001","accountCodeDtl":"100038","accountCodeDtlSub":"","currencyCode":"SAR","exchangeRate":0,"drOrCr":1,"amountLocal":243.9035,"amountForeign":0,"costCenterCode":"101038","chequeNo":"0","referenceNo":"0","billNo":"","billSe...
Status: 200
Response: {"code":2002,"message":"Some entities can not be inserted","content":[{"referenceId":"2530409","message":"Error When Updating Post In Vouchers ORA-20420: Error When Insert Doc. Into Posting Tables , ORA-20333: : مشكلة في الترحيل = 1 , 53698\rORA-20469: لم تكتمل عملية الترحيل =1 , 53698\r = -212.09\rORA-0000: normal, successful completion","errorNo":"20079","docNo":"","docSer":"","statusCode":"20420"}]}
Response Time: 3ms
================================================================================

[2026-06-28 21:41:13.240] FAILURE | Serial: 2530409 | Error: Some entities can not be inserted | Error When Updating Post In Vouchers ORA-20420: Error When Insert Doc. Into Posting Tables , ORA-20333: : مشكلة في الترحيل = 1 , 53698ORA-20469: لم تكتمل عملية الترحيل =1 , 53698 = -212.09ORA-0000: normal, successful completion

================================================================================
[2026-06-28 21:41:21.065] REQUEST
Method: POST
Endpoint: http://localhost:8081/api/GL/ImportJournal
Body: [{"docSerExternal":"2530410","branchNo":1,"docDate":"2025-01-22","docNo":null,"jvType":1,"amountLocal":5.3022,"referenceNo":"0","beneficiaryName":"","receiver":"","manualDocNo":"","description":"","addTerminalName":"1","details":[{"docDueDate":"2025-01-22","accountCode":"4111010001","accountCodeDtl":"100001","accountCodeDtlSub":"","currencyCode":"SAR","exchangeRate":0,"drOrCr":1,"amountLocal":6.0975,"amountForeign":0,"costCenterCode":"101001","chequeNo":"0","referenceNo":"0","billNo":"","billSer...
Status: 200
Response: {"code":2002,"message":"Some entities can not be inserted","content":[{"referenceId":"2530410","message":"Error When Updating Post In Vouchers ORA-20420: Error When Insert Doc. Into Posting Tables , ORA-20333: : مشكلة في الترحيل = 1 , 53698\rORA-20469: لم تكتمل عملية الترحيل =1 , 53698\r = -5.3022\rORA-0000: normal, successful completion","errorNo":"20079","docNo":"","docSer":"","statusCode":"20420"}]}
Response Time: 2ms
================================================================================

[2026-06-28 21:41:21.069] FAILURE | Serial: 2530410 | Error: Some entities can not be inserted | Error When Updating Post In Vouchers ORA-20420: Error When Insert Doc. Into Posting Tables , ORA-20333: : مشكلة في الترحيل = 1 , 53698ORA-20469: لم تكتمل عملية الترحيل =1 , 53698 = -5.3022ORA-0000: normal, successful completion

================================================================================
[2026-06-28 21:41:28.898] REQUEST
Method: POST
Endpoint: http://localhost:8081/api/GL/ImportJournal
Body: [{"docSerExternal":"2530413","branchNo":1,"docDate":"2025-01-22","docNo":null,"jvType":1,"amountLocal":400,"referenceNo":"0","beneficiaryName":"","receiver":"","manualDocNo":"","description":"","addTerminalName":"1","details":[{"docDueDate":"2025-01-22","accountCode":"1112010003","accountCodeDtl":null,"accountCodeDtlSub":"","currencyCode":"SAR","exchangeRate":0,"drOrCr":1,"amountLocal":400,"amountForeign":0,"costCenterCode":null,"chequeNo":"0","referenceNo":"0","billNo":"","billSer":"","installm...
Status: 200
Response: {"code":2002,"message":"Some entities can not be inserted","content":[{"referenceId":"2530413","message":"Error When Updating Post In Vouchers ORA-20420: Error When Insert Doc. Into Posting Tables , ORA-20333: : مشكلة في الترحيل = 1 , 53698\rORA-20469: لم تكتمل عملية الترحيل =1 , 53698\r = -400\rORA-0000: normal, successful completion","errorNo":"20079","docNo":"","docSer":"","statusCode":"20420"}]}
Response Time: 2ms
================================================================================

[2026-06-28 21:41:28.902] FAILURE | Serial: 2530413 | Error: Some entities can not be inserted | Error When Updating Post In Vouchers ORA-20420: Error When Insert Doc. Into Posting Tables , ORA-20333: : مشكلة في الترحيل = 1 , 53698ORA-20469: لم تكتمل عملية الترحيل =1 , 53698 = -400ORA-0000: normal, successful completion

================================================================================
[2026-06-28 21:41:36.750] REQUEST
Method: POST
Endpoint: http://localhost:8081/api/GL/ImportJournal
Body: [{"docSerExternal":"2530419","branchNo":1,"docDate":"2025-01-22","docNo":null,"jvType":1,"amountLocal":200,"referenceNo":"0","beneficiaryName":"","receiver":"","manualDocNo":"","description":"","addTerminalName":"1","details":[{"docDueDate":"2025-01-22","accountCode":"1112010003","accountCodeDtl":null,"accountCodeDtlSub":"","currencyCode":"SAR","exchangeRate":0,"drOrCr":1,"amountLocal":200,"amountForeign":0,"costCenterCode":null,"chequeNo":"0","referenceNo":"0","billNo":"","billSer":"","installm...
Status: 200
Response: {"code":2002,"message":"Some entities can not be inserted","content":[{"referenceId":"2530419","message":"Error When Updating Post In Vouchers ORA-20420: Error When Insert Doc. Into Posting Tables , ORA-20333: : مشكلة في الترحيل = 1 , 53698\rORA-20469: لم تكتمل عملية الترحيل =1 , 53698\r = -200\rORA-0000: normal, successful completion","errorNo":"20079","docNo":"","docSer":"","statusCode":"20420"}]}
Response Time: 3ms
================================================================================

[2026-06-28 21:41:36.755] FAILURE | Serial: 2530419 | Error: Some entities can not be inserted | Error When Updating Post In Vouchers ORA-20420: Error When Insert Doc. Into Posting Tables , ORA-20333: : مشكلة في الترحيل = 1 , 53698ORA-20469: لم تكتمل عملية الترحيل =1 , 53698 = -200ORA-0000: normal, successful completion

================================================================================
[2026-06-28 21:41:44.825] REQUEST
Method: POST
Endpoint: http://localhost:8081/api/GL/ImportJournal
Body: [{"docSerExternal":"2530422","branchNo":1,"docDate":"2025-01-22","docNo":null,"jvType":1,"amountLocal":690,"referenceNo":"0","beneficiaryName":"","receiver":"","manualDocNo":"","description":"","addTerminalName":"1","details":[{"docDueDate":"2025-01-22","accountCode":"1112010003","accountCodeDtl":null,"accountCodeDtlSub":"","currencyCode":"SAR","exchangeRate":0,"drOrCr":1,"amountLocal":690,"amountForeign":0,"costCenterCode":null,"chequeNo":"0","referenceNo":"0","billNo":"","billSer":"","installm...
Status: 200
Response: {"code":2002,"message":"Some entities can not be inserted","content":[{"referenceId":"2530422","message":"Error When Updating Post In Vouchers ORA-20420: Error When Insert Doc. Into Posting Tables , ORA-20333: : مشكلة في الترحيل = 1 , 53698\rORA-20469: لم تكتمل عملية الترحيل =1 , 53698\r = -690\rORA-0000: normal, successful completion","errorNo":"20079","docNo":"","docSer":"","statusCode":"20420"}]}
Response Time: 3ms
================================================================================

[2026-06-28 21:41:44.829] FAILURE | Serial: 2530422 | Error: Some entities can not be inserted | Error When Updating Post In Vouchers ORA-20420: Error When Insert Doc. Into Posting Tables , ORA-20333: : مشكلة في الترحيل = 1 , 53698ORA-20469: لم تكتمل عملية الترحيل =1 , 53698 = -690ORA-0000: normal, successful completion

================================================================================
[2026-06-28 21:41:53.224] REQUEST
Method: POST
Endpoint: http://localhost:8081/api/GL/ImportJournal
Body: [{"docSerExternal":"2530423","branchNo":1,"docDate":"2025-01-22","docNo":null,"jvType":1,"amountLocal":200,"referenceNo":"0","beneficiaryName":"","receiver":"","manualDocNo":"","description":"","addTerminalName":"1","details":[{"docDueDate":"2025-01-22","accountCode":"1112010003","accountCodeDtl":null,"accountCodeDtlSub":"","currencyCode":"SAR","exchangeRate":0,"drOrCr":1,"amountLocal":200,"amountForeign":0,"costCenterCode":null,"chequeNo":"0","referenceNo":"0","billNo":"","billSer":"","installm...
Status: 200
Response: {"code":2002,"message":"Some entities can not be inserted","content":[{"referenceId":"2530423","message":"Error When Updating Post In Vouchers ORA-20420: Error When Insert Doc. Into Posting Tables , ORA-20333: : مشكلة في الترحيل = 1 , 53698\rORA-20469: لم تكتمل عملية الترحيل =1 , 53698\r = -200\rORA-0000: normal, successful completion","errorNo":"20079","docNo":"","docSer":"","statusCode":"20420"}]}
Response Time: 3ms
================================================================================

[2026-06-28 21:41:53.228] FAILURE | Serial: 2530423 | Error: Some entities can not be inserted | Error When Updating Post In Vouchers ORA-20420: Error When Insert Doc. Into Posting Tables , ORA-20333: : مشكلة في الترحيل = 1 , 53698ORA-20469: لم تكتمل عملية الترحيل =1 , 53698 = -200ORA-0000: normal, successful completion

================================================================================
[2026-06-28 21:42:01.500] REQUEST
Method: POST
Endpoint: http://localhost:8081/api/GL/ImportJournal
Body: [{"docSerExternal":"2530426","branchNo":1,"docDate":"2025-01-22","docNo":null,"jvType":1,"amountLocal":200,"referenceNo":"0","beneficiaryName":"","receiver":"","manualDocNo":"","description":"","addTerminalName":"1","details":[{"docDueDate":"2025-01-22","accountCode":"1111010003","accountCodeDtl":null,"accountCodeDtlSub":"","currencyCode":"SAR","exchangeRate":0,"drOrCr":1,"amountLocal":200,"amountForeign":0,"costCenterCode":null,"chequeNo":"0","referenceNo":"0","billNo":"","billSer":"","installm...
Status: 200
Response: {"code":2002,"message":"Some entities can not be inserted","content":[{"referenceId":"2530426","message":"Error When Updating Post In Vouchers ORA-20420: Error When Insert Doc. Into Posting Tables , ORA-20333: : مشكلة في الترحيل = 1 , 53698\rORA-20469: لم تكتمل عملية الترحيل =1 , 53698\r = -200\rORA-0000: normal, successful completion","errorNo":"20079","docNo":"","docSer":"","statusCode":"20420"}]}
Response Time: 4ms
================================================================================

[2026-06-28 21:42:01.505] FAILURE | Serial: 2530426 | Error: Some entities can not be inserted | Error When Updating Post In Vouchers ORA-20420: Error When Insert Doc. Into Posting Tables , ORA-20333: : مشكلة في الترحيل = 1 , 53698ORA-20469: لم تكتمل عملية الترحيل =1 , 53698 = -200ORA-0000: normal, successful completion

================================================================================
[2026-06-28 21:42:09.821] REQUEST
Method: POST
Endpoint: http://localhost:8081/api/GL/ImportJournal
Body: [{"docSerExternal":"2530432","branchNo":1,"docDate":"2025-01-22","docNo":null,"jvType":1,"amountLocal":200,"referenceNo":"0","beneficiaryName":"","receiver":"","manualDocNo":"","description":"","addTerminalName":"1","details":[{"docDueDate":"2025-01-22","accountCode":"1112010003","accountCodeDtl":null,"accountCodeDtlSub":"","currencyCode":"SAR","exchangeRate":0,"drOrCr":1,"amountLocal":200,"amountForeign":0,"costCenterCode":null,"chequeNo":"0","referenceNo":"0","billNo":"","billSer":"","installm...
Status: 200
Response: {"code":2002,"message":"Some entities can not be inserted","content":[{"referenceId":"2530432","message":"Error When Updating Post In Vouchers ORA-20420: Error When Insert Doc. Into Posting Tables , ORA-20333: : مشكلة في الترحيل = 1 , 53698\rORA-20469: لم تكتمل عملية الترحيل =1 , 53698\r = -200\rORA-0000: normal, successful completion","errorNo":"20079","docNo":"","docSer":"","statusCode":"20420"}]}
Response Time: 2ms
================================================================================

[2026-06-28 21:42:09.825] FAILURE | Serial: 2530432 | Error: Some entities can not be inserted | Error When Updating Post In Vouchers ORA-20420: Error When Insert Doc. Into Posting Tables , ORA-20333: : مشكلة في الترحيل = 1 , 53698ORA-20469: لم تكتمل عملية الترحيل =1 , 53698 = -200ORA-0000: normal, successful completion

================================================================================
[2026-06-28 21:42:18.147] REQUEST
Method: POST
Endpoint: http://localhost:8081/api/GL/ImportJournal
Body: [{"docSerExternal":"2530433","branchNo":1,"docDate":"2025-01-22","docNo":null,"jvType":1,"amountLocal":329,"referenceNo":"0","beneficiaryName":"","receiver":"","manualDocNo":"","description":"","addTerminalName":"1","details":[{"docDueDate":"2025-01-22","accountCode":"1112010003","accountCodeDtl":null,"accountCodeDtlSub":"","currencyCode":"SAR","exchangeRate":0,"drOrCr":1,"amountLocal":329,"amountForeign":0,"costCenterCode":null,"chequeNo":"0","referenceNo":"0","billNo":"","billSer":"","installm...
Status: 200
Response: {"code":2002,"message":"Some entities can not be inserted","content":[{"referenceId":"2530433","message":"Error When Updating Post In Vouchers ORA-20420: Error When Insert Doc. Into Posting Tables , ORA-20333: : مشكلة في الترحيل = 1 , 53698\rORA-20469: لم تكتمل عملية الترحيل =1 , 53698\r = -329\rORA-0000: normal, successful completion","errorNo":"20079","docNo":"","docSer":"","statusCode":"20420"}]}
Response Time: 2ms
================================================================================

[2026-06-28 21:42:18.150] FAILURE | Serial: 2530433 | Error: Some entities can not be inserted | Error When Updating Post In Vouchers ORA-20420: Error When Insert Doc. Into Posting Tables , ORA-20333: : مشكلة في الترحيل = 1 , 53698ORA-20469: لم تكتمل عملية الترحيل =1 , 53698 = -329ORA-0000: normal, successful completion

================================================================================
[2026-06-28 21:42:26.440] REQUEST
Method: POST
Endpoint: http://localhost:8081/api/GL/ImportJournal
Body: [{"docSerExternal":"2530436","branchNo":1,"docDate":"2025-01-22","docNo":null,"jvType":1,"amountLocal":1000,"referenceNo":"0","beneficiaryName":"","receiver":"","manualDocNo":"","description":"","addTerminalName":"1","details":[{"docDueDate":"2025-01-22","accountCode":"1112010003","accountCodeDtl":null,"accountCodeDtlSub":"","currencyCode":"SAR","exchangeRate":0,"drOrCr":1,"amountLocal":1000,"amountForeign":0,"costCenterCode":null,"chequeNo":"0","referenceNo":"0","billNo":"","billSer":"","instal...
Status: 200
Response: {"code":2002,"message":"Some entities can not be inserted","content":[{"referenceId":"2530436","message":"Error When Updating Post In Vouchers ORA-20420: Error When Insert Doc. Into Posting Tables , ORA-20333: : مشكلة في الترحيل = 1 , 53698\rORA-20469: لم تكتمل عملية الترحيل =1 , 53698\r = -1000\rORA-0000: normal, successful completion","errorNo":"20079","docNo":"","docSer":"","statusCode":"20420"}]}
Response Time: 3ms
================================================================================

[2026-06-28 21:42:26.444] FAILURE | Serial: 2530436 | Error: Some entities can not be inserted | Error When Updating Post In Vouchers ORA-20420: Error When Insert Doc. Into Posting Tables , ORA-20333: : مشكلة في الترحيل = 1 , 53698ORA-20469: لم تكتمل عملية الترحيل =1 , 53698 = -1000ORA-0000: normal, successful completion

================================================================================
[2026-06-28 21:42:34.472] REQUEST
Method: POST
Endpoint: http://localhost:8081/api/GL/ImportJournal
Body: [{"docSerExternal":"2530439","branchNo":1,"docDate":"2025-01-22","docNo":null,"jvType":1,"amountLocal":300,"referenceNo":"0","beneficiaryName":"","receiver":"","manualDocNo":"","description":"","addTerminalName":"1","details":[{"docDueDate":"2025-01-22","accountCode":"1112010003","accountCodeDtl":null,"accountCodeDtlSub":"","currencyCode":"SAR","exchangeRate":0,"drOrCr":1,"amountLocal":300,"amountForeign":0,"costCenterCode":null,"chequeNo":"0","referenceNo":"0","billNo":"","billSer":"","installm...
Status: 200
Response: {"code":2002,"message":"Some entities can not be inserted","content":[{"referenceId":"2530439","message":"Error When Updating Post In Vouchers ORA-20420: Error When Insert Doc. Into Posting Tables , ORA-20333: : مشكلة في الترحيل = 1 , 53698\rORA-20469: لم تكتمل عملية الترحيل =1 , 53698\r = -300\rORA-0000: normal, successful completion","errorNo":"20079","docNo":"","docSer":"","statusCode":"20420"}]}
Response Time: 3ms
================================================================================

[2026-06-28 21:42:34.477] FAILURE | Serial: 2530439 | Error: Some entities can not be inserted | Error When Updating Post In Vouchers ORA-20420: Error When Insert Doc. Into Posting Tables , ORA-20333: : مشكلة في الترحيل = 1 , 53698ORA-20469: لم تكتمل عملية الترحيل =1 , 53698 = -300ORA-0000: normal, successful completion

================================================================================
[2026-06-28 21:42:42.357] REQUEST
Method: POST
Endpoint: http://localhost:8081/api/GL/ImportJournal
Body: [{"docSerExternal":"2530443","branchNo":1,"docDate":"2025-01-22","docNo":null,"jvType":1,"amountLocal":250,"referenceNo":"0","beneficiaryName":"","receiver":"","manualDocNo":"","description":"","addTerminalName":"1","details":[{"docDueDate":"2025-01-22","accountCode":"1112010003","accountCodeDtl":null,"accountCodeDtlSub":"","currencyCode":"SAR","exchangeRate":0,"drOrCr":1,"amountLocal":250,"amountForeign":0,"costCenterCode":null,"chequeNo":"0","referenceNo":"0","billNo":"","billSer":"","installm...
Status: 200
Response: {"code":2002,"message":"Some entities can not be inserted","content":[{"referenceId":"2530443","message":"Error When Updating Post In Vouchers ORA-20420: Error When Insert Doc. Into Posting Tables , ORA-20333: : مشكلة في الترحيل = 1 , 53698\rORA-20469: لم تكتمل عملية الترحيل =1 , 53698\r = -250\rORA-0000: normal, successful completion","errorNo":"20079","docNo":"","docSer":"","statusCode":"20420"}]}
Response Time: 3ms
================================================================================

[2026-06-28 21:42:42.361] FAILURE | Serial: 2530443 | Error: Some entities can not be inserted | Error When Updating Post In Vouchers ORA-20420: Error When Insert Doc. Into Posting Tables , ORA-20333: : مشكلة في الترحيل = 1 , 53698ORA-20469: لم تكتمل عملية الترحيل =1 , 53698 = -250ORA-0000: normal, successful completion

================================================================================
[2026-06-28 21:42:50.287] REQUEST
Method: POST
Endpoint: http://localhost:8081/api/GL/ImportJournal
Body: [{"docSerExternal":"2530448","branchNo":1,"docDate":"2025-01-22","docNo":null,"jvType":1,"amountLocal":250,"referenceNo":"0","beneficiaryName":"","receiver":"","manualDocNo":"","description":"","addTerminalName":"1","details":[{"docDueDate":"2025-01-22","accountCode":"1112010003","accountCodeDtl":null,"accountCodeDtlSub":"","currencyCode":"SAR","exchangeRate":0,"drOrCr":1,"amountLocal":250,"amountForeign":0,"costCenterCode":null,"chequeNo":"0","referenceNo":"0","billNo":"","billSer":"","installm...
Status: 200
Response: {"code":2002,"message":"Some entities can not be inserted","content":[{"referenceId":"2530448","message":"Error When Updating Post In Vouchers ORA-20420: Error When Insert Doc. Into Posting Tables , ORA-20333: : مشكلة في الترحيل = 1 , 53698\rORA-20469: لم تكتمل عملية الترحيل =1 , 53698\r = -250\rORA-0000: normal, successful completion","errorNo":"20079","docNo":"","docSer":"","statusCode":"20420"}]}
Response Time: 3ms
================================================================================

[2026-06-28 21:42:50.291] FAILURE | Serial: 2530448 | Error: Some entities can not be inserted | Error When Updating Post In Vouchers ORA-20420: Error When Insert Doc. Into Posting Tables , ORA-20333: : مشكلة في الترحيل = 1 , 53698ORA-20469: لم تكتمل عملية الترحيل =1 , 53698 = -250ORA-0000: normal, successful completion

================================================================================
[2026-06-28 21:42:58.190] REQUEST
Method: POST
Endpoint: http://localhost:8081/api/GL/ImportJournal
Body: [{"docSerExternal":"2530452","branchNo":1,"docDate":"2025-01-22","docNo":null,"jvType":1,"amountLocal":250,"referenceNo":"0","beneficiaryName":"","receiver":"","manualDocNo":"","description":"","addTerminalName":"1","details":[{"docDueDate":"2025-01-22","accountCode":"1112010003","accountCodeDtl":null,"accountCodeDtlSub":"","currencyCode":"SAR","exchangeRate":0,"drOrCr":1,"amountLocal":250,"amountForeign":0,"costCenterCode":null,"chequeNo":"0","referenceNo":"0","billNo":"","billSer":"","installm...
Status: 200
Response: {"code":2002,"message":"Some entities can not be inserted","content":[{"referenceId":"2530452","message":"Error When Updating Post In Vouchers ORA-20420: Error When Insert Doc. Into Posting Tables , ORA-20333: : مشكلة في الترحيل = 1 , 53698\rORA-20469: لم تكتمل عملية الترحيل =1 , 53698\r = -250\rORA-0000: normal, successful completion","errorNo":"20079","docNo":"","docSer":"","statusCode":"20420"}]}
Response Time: 3ms
================================================================================

[2026-06-28 21:42:58.194] FAILURE | Serial: 2530452 | Error: Some entities can not be inserted | Error When Updating Post In Vouchers ORA-20420: Error When Insert Doc. Into Posting Tables , ORA-20333: : مشكلة في الترحيل = 1 , 53698ORA-20469: لم تكتمل عملية الترحيل =1 , 53698 = -250ORA-0000: normal, successful completion

================================================================================
[2026-06-28 21:43:06.081] REQUEST
Method: POST
Endpoint: http://localhost:8081/api/GL/ImportJournal
Body: [{"docSerExternal":"2530535","branchNo":1,"docDate":"2025-01-22","docNo":null,"jvType":1,"amountLocal":250,"referenceNo":"0","beneficiaryName":"","receiver":"","manualDocNo":"","description":"","addTerminalName":"1","details":[{"docDueDate":"2025-01-22","accountCode":"1112010003","accountCodeDtl":null,"accountCodeDtlSub":"","currencyCode":"SAR","exchangeRate":0,"drOrCr":1,"amountLocal":250,"amountForeign":0,"costCenterCode":null,"chequeNo":"0","referenceNo":"0","billNo":"","billSer":"","installm...
Status: 200
Response: {"code":2002,"message":"Some entities can not be inserted","content":[{"referenceId":"2530535","message":"Error When Updating Post In Vouchers ORA-20420: Error When Insert Doc. Into Posting Tables , ORA-20333: : مشكلة في الترحيل = 1 , 53698\rORA-20469: لم تكتمل عملية الترحيل =1 , 53698\r = -250\rORA-0000: normal, successful completion","errorNo":"20079","docNo":"","docSer":"","statusCode":"20420"}]}
Response Time: 2ms
================================================================================

[2026-06-28 21:43:06.085] FAILURE | Serial: 2530535 | Error: Some entities can not be inserted | Error When Updating Post In Vouchers ORA-20420: Error When Insert Doc. Into Posting Tables , ORA-20333: : مشكلة في الترحيل = 1 , 53698ORA-20469: لم تكتمل عملية الترحيل =1 , 53698 = -250ORA-0000: normal, successful completion

================================================================================
[2026-06-28 21:43:14.028] REQUEST
Method: POST
Endpoint: http://localhost:8081/api/GL/ImportJournal
Body: [{"docSerExternal":"2530538","branchNo":1,"docDate":"2025-01-22","docNo":null,"jvType":1,"amountLocal":500,"referenceNo":"0","beneficiaryName":"","receiver":"","manualDocNo":"","description":"","addTerminalName":"1","details":[{"docDueDate":"2025-01-22","accountCode":"1112010003","accountCodeDtl":null,"accountCodeDtlSub":"","currencyCode":"SAR","exchangeRate":0,"drOrCr":1,"amountLocal":500,"amountForeign":0,"costCenterCode":null,"chequeNo":"0","referenceNo":"0","billNo":"","billSer":"","installm...
Status: 200
Response: {"code":2002,"message":"Some entities can not be inserted","content":[{"referenceId":"2530538","message":"Error When Updating Post In Vouchers ORA-20420: Error When Insert Doc. Into Posting Tables , ORA-20333: : مشكلة في الترحيل = 1 , 53698\rORA-20469: لم تكتمل عملية الترحيل =1 , 53698\r = -500\rORA-0000: normal, successful completion","errorNo":"20079","docNo":"","docSer":"","statusCode":"20420"}]}
Response Time: 3ms
================================================================================

[2026-06-28 21:43:14.032] FAILURE | Serial: 2530538 | Error: Some entities can not be inserted | Error When Updating Post In Vouchers ORA-20420: Error When Insert Doc. Into Posting Tables , ORA-20333: : مشكلة في الترحيل = 1 , 53698ORA-20469: لم تكتمل عملية الترحيل =1 , 53698 = -500ORA-0000: normal, successful completion

================================================================================
[2026-06-28 21:43:21.966] REQUEST
Method: POST
Endpoint: http://localhost:8081/api/GL/ImportJournal
Body: [{"docSerExternal":"2530541","branchNo":1,"docDate":"2025-01-22","docNo":null,"jvType":1,"amountLocal":500,"referenceNo":"0","beneficiaryName":"","receiver":"","manualDocNo":"","description":"","addTerminalName":"1","details":[{"docDueDate":"2025-01-22","accountCode":"1112010003","accountCodeDtl":null,"accountCodeDtlSub":"","currencyCode":"SAR","exchangeRate":0,"drOrCr":1,"amountLocal":500,"amountForeign":0,"costCenterCode":null,"chequeNo":"0","referenceNo":"0","billNo":"","billSer":"","installm...
Status: 200
Response: {"code":2002,"message":"Some entities can not be inserted","content":[{"referenceId":"2530541","message":"Error When Updating Post In Vouchers ORA-20420: Error When Insert Doc. Into Posting Tables , ORA-20333: : مشكلة في الترحيل = 1 , 53698\rORA-20469: لم تكتمل عملية الترحيل =1 , 53698\r = -500\rORA-0000: normal, successful completion","errorNo":"20079","docNo":"","docSer":"","statusCode":"20420"}]}
Response Time: 3ms
================================================================================

[2026-06-28 21:43:21.970] FAILURE | Serial: 2530541 | Error: Some entities can not be inserted | Error When Updating Post In Vouchers ORA-20420: Error When Insert Doc. Into Posting Tables , ORA-20333: : مشكلة في الترحيل = 1 , 53698ORA-20469: لم تكتمل عملية الترحيل =1 , 53698 = -500ORA-0000: normal, successful completion

================================================================================
[2026-06-28 21:43:29.899] REQUEST
Method: POST
Endpoint: http://localhost:8081/api/GL/ImportJournal
Body: [{"docSerExternal":"2530547","branchNo":1,"docDate":"2025-01-22","docNo":null,"jvType":1,"amountLocal":250,"referenceNo":"0","beneficiaryName":"","receiver":"","manualDocNo":"","description":"","addTerminalName":"1","details":[{"docDueDate":"2025-01-22","accountCode":"1111010003","accountCodeDtl":null,"accountCodeDtlSub":"","currencyCode":"SAR","exchangeRate":0,"drOrCr":1,"amountLocal":250,"amountForeign":0,"costCenterCode":null,"chequeNo":"0","referenceNo":"0","billNo":"","billSer":"","installm...
Status: 200
Response: {"code":2002,"message":"Some entities can not be inserted","content":[{"referenceId":"2530547","message":"Error When Updating Post In Vouchers ORA-20420: Error When Insert Doc. Into Posting Tables , ORA-20333: : مشكلة في الترحيل = 1 , 53698\rORA-20469: لم تكتمل عملية الترحيل =1 , 53698\r = -250\rORA-0000: normal, successful completion","errorNo":"20079","docNo":"","docSer":"","statusCode":"20420"}]}
Response Time: 3ms
================================================================================

[2026-06-28 21:43:29.902] FAILURE | Serial: 2530547 | Error: Some entities can not be inserted | Error When Updating Post In Vouchers ORA-20420: Error When Insert Doc. Into Posting Tables , ORA-20333: : مشكلة في الترحيل = 1 , 53698ORA-20469: لم تكتمل عملية الترحيل =1 , 53698 = -250ORA-0000: normal, successful completion

================================================================================
[2026-06-28 21:43:37.846] REQUEST
Method: POST
Endpoint: http://localhost:8081/api/GL/ImportJournal
Body: [{"docSerExternal":"2530550","branchNo":1,"docDate":"2025-01-22","docNo":null,"jvType":1,"amountLocal":250,"referenceNo":"0","beneficiaryName":"","receiver":"","manualDocNo":"","description":"","addTerminalName":"1","details":[{"docDueDate":"2025-01-22","accountCode":"1112010003","accountCodeDtl":null,"accountCodeDtlSub":"","currencyCode":"SAR","exchangeRate":0,"drOrCr":1,"amountLocal":250,"amountForeign":0,"costCenterCode":null,"chequeNo":"0","referenceNo":"0","billNo":"","billSer":"","installm...
Status: 200
Response: {"code":2002,"message":"Some entities can not be inserted","content":[{"referenceId":"2530550","message":"Error When Updating Post In Vouchers ORA-20420: Error When Insert Doc. Into Posting Tables , ORA-20333: : مشكلة في الترحيل = 1 , 53698\rORA-20469: لم تكتمل عملية الترحيل =1 , 53698\r = -250\rORA-0000: normal, successful completion","errorNo":"20079","docNo":"","docSer":"","statusCode":"20420"}]}
Response Time: 2ms
================================================================================

[2026-06-28 21:43:37.850] FAILURE | Serial: 2530550 | Error: Some entities can not be inserted | Error When Updating Post In Vouchers ORA-20420: Error When Insert Doc. Into Posting Tables , ORA-20333: : مشكلة في الترحيل = 1 , 53698ORA-20469: لم تكتمل عملية الترحيل =1 , 53698 = -250ORA-0000: normal, successful completion

================================================================================
[2026-06-28 21:43:45.780] REQUEST
Method: POST
Endpoint: http://localhost:8081/api/GL/ImportJournal
Body: [{"docSerExternal":"2530553","branchNo":1,"docDate":"2025-01-22","docNo":null,"jvType":1,"amountLocal":690,"referenceNo":"0","beneficiaryName":"","receiver":"","manualDocNo":"","description":"","addTerminalName":"1","details":[{"docDueDate":"2025-01-22","accountCode":"1112010003","accountCodeDtl":null,"accountCodeDtlSub":"","currencyCode":"SAR","exchangeRate":0,"drOrCr":1,"amountLocal":690,"amountForeign":0,"costCenterCode":null,"chequeNo":"0","referenceNo":"0","billNo":"","billSer":"","installm...
Status: 200
Response: {"code":2002,"message":"Some entities can not be inserted","content":[{"referenceId":"2530553","message":"Error When Updating Post In Vouchers ORA-20420: Error When Insert Doc. Into Posting Tables , ORA-20333: : مشكلة في الترحيل = 1 , 53698\rORA-20469: لم تكتمل عملية الترحيل =1 , 53698\r = -690\rORA-0000: normal, successful completion","errorNo":"20079","docNo":"","docSer":"","statusCode":"20420"}]}
Response Time: 2ms
================================================================================

[2026-06-28 21:43:45.783] FAILURE | Serial: 2530553 | Error: Some entities can not be inserted | Error When Updating Post In Vouchers ORA-20420: Error When Insert Doc. Into Posting Tables , ORA-20333: : مشكلة في الترحيل = 1 , 53698ORA-20469: لم تكتمل عملية الترحيل =1 , 53698 = -690ORA-0000: normal, successful completion

================================================================================
[2026-06-28 21:43:53.743] REQUEST
Method: POST
Endpoint: http://localhost:8081/api/GL/ImportJournal
Body: [{"docSerExternal":"2530588","branchNo":1,"docDate":"2025-01-22","docNo":null,"jvType":1,"amountLocal":4.878,"referenceNo":"0","beneficiaryName":"","receiver":"","manualDocNo":"","description":"","addTerminalName":"1","details":[{"docDueDate":"2025-01-22","accountCode":"4111010001","accountCodeDtl":"100043","accountCodeDtlSub":"","currencyCode":"SAR","exchangeRate":0,"drOrCr":1,"amountLocal":5.6097,"amountForeign":0,"costCenterCode":"101043","chequeNo":"0","referenceNo":"0","billNo":"","billSer"...
Status: 200
Response: {"code":2002,"message":"Some entities can not be inserted","content":[{"referenceId":"2530588","message":"Error When Updating Post In Vouchers ORA-20420: Error When Insert Doc. Into Posting Tables , ORA-20333: : مشكلة في الترحيل = 1 , 53698\rORA-20469: لم تكتمل عملية الترحيل =1 , 53698\r = -4.878\rORA-0000: normal, successful completion","errorNo":"20079","docNo":"","docSer":"","statusCode":"20420"}]}
Response Time: 2ms
================================================================================

[2026-06-28 21:43:53.747] FAILURE | Serial: 2530588 | Error: Some entities can not be inserted | Error When Updating Post In Vouchers ORA-20420: Error When Insert Doc. Into Posting Tables , ORA-20333: : مشكلة في الترحيل = 1 , 53698ORA-20469: لم تكتمل عملية الترحيل =1 , 53698 = -4.878ORA-0000: normal, successful completion

================================================================================
[2026-06-28 21:44:01.687] REQUEST
Method: POST
Endpoint: http://localhost:8081/api/GL/ImportJournal
Body: [{"docSerExternal":"2530617","branchNo":1,"docDate":"2025-01-22","docNo":null,"jvType":1,"amountLocal":9.9682,"referenceNo":"0","beneficiaryName":"","receiver":"","manualDocNo":"","description":"","addTerminalName":"1","details":[{"docDueDate":"2025-01-22","accountCode":"4111010001","accountCodeDtl":"100001","accountCodeDtlSub":"","currencyCode":"SAR","exchangeRate":0,"drOrCr":1,"amountLocal":11.4634,"amountForeign":0,"costCenterCode":"101001","chequeNo":"0","referenceNo":"0","billNo":"","billSe...
Status: 200
Response: {"code":2002,"message":"Some entities can not be inserted","content":[{"referenceId":"2530617","message":"Error When Updating Post In Vouchers ORA-20420: Error When Insert Doc. Into Posting Tables , ORA-20333: : مشكلة في الترحيل = 1 , 53698\rORA-20469: لم تكتمل عملية الترحيل =1 , 53698\r = -9.9682\rORA-0000: normal, successful completion","errorNo":"20079","docNo":"","docSer":"","statusCode":"20420"}]}
Response Time: 2ms
================================================================================

[2026-06-28 21:44:01.691] FAILURE | Serial: 2530617 | Error: Some entities can not be inserted | Error When Updating Post In Vouchers ORA-20420: Error When Insert Doc. Into Posting Tables , ORA-20333: : مشكلة في الترحيل = 1 , 53698ORA-20469: لم تكتمل عملية الترحيل =1 , 53698 = -9.9682ORA-0000: normal, successful completion

================================================================================
[2026-06-28 21:44:09.704] REQUEST
Method: POST
Endpoint: http://localhost:8081/api/GL/ImportJournal
Body: [{"docSerExternal":"2531077","branchNo":1,"docDate":"2025-01-22","docNo":null,"jvType":1,"amountLocal":9.9682,"referenceNo":"0","beneficiaryName":"","receiver":"","manualDocNo":"","description":"","addTerminalName":"1","details":[{"docDueDate":"2025-01-22","accountCode":"4111010001","accountCodeDtl":"100064","accountCodeDtlSub":"","currencyCode":"SAR","exchangeRate":0,"drOrCr":1,"amountLocal":11.4634,"amountForeign":0,"costCenterCode":"101064","chequeNo":"0","referenceNo":"0","billNo":"","billSe...
Status: 200
Response: {"code":2002,"message":"Some entities can not be inserted","content":[{"referenceId":"2531077","message":"Error When Updating Post In Vouchers ORA-20420: Error When Insert Doc. Into Posting Tables , ORA-20333: : مشكلة في الترحيل = 1 , 53698\rORA-20469: لم تكتمل عملية الترحيل =1 , 53698\r = -9.9682\rORA-0000: normal, successful completion","errorNo":"20079","docNo":"","docSer":"","statusCode":"20420"}]}
Response Time: 3ms
================================================================================

[2026-06-28 21:44:09.708] FAILURE | Serial: 2531077 | Error: Some entities can not be inserted | Error When Updating Post In Vouchers ORA-20420: Error When Insert Doc. Into Posting Tables , ORA-20333: : مشكلة في الترحيل = 1 , 53698ORA-20469: لم تكتمل عملية الترحيل =1 , 53698 = -9.9682ORA-0000: normal, successful completion

================================================================================
[2026-06-28 21:44:17.649] REQUEST
Method: POST
Endpoint: http://localhost:8081/api/GL/ImportJournal
Body: [{"docSerExternal":"2597003","branchNo":1,"docDate":"2025-01-22","docNo":null,"jvType":1,"amountLocal":11676,"referenceNo":"0","beneficiaryName":"","receiver":"","manualDocNo":"","description":"","addTerminalName":"1","details":[{"docDueDate":"2025-01-22","accountCode":"1111010003","accountCodeDtl":null,"accountCodeDtlSub":"","currencyCode":"SAR","exchangeRate":0,"drOrCr":1,"amountLocal":11676,"amountForeign":0,"costCenterCode":null,"chequeNo":"0","referenceNo":"0","billNo":"","billSer":"","inst...
Status: 200
Response: {"code":2002,"message":"Some entities can not be inserted","content":[{"referenceId":"2597003","message":"Error When Updating Post In Vouchers ORA-20420: Error When Insert Doc. Into Posting Tables , ORA-20333: : مشكلة في الترحيل = 1 , 53698\rORA-20469: لم تكتمل عملية الترحيل =1 , 53698\r = -11676\rORA-0000: normal, successful completion","errorNo":"20079","docNo":"","docSer":"","statusCode":"20420"}]}
Response Time: 3ms
================================================================================

[2026-06-28 21:44:17.653] FAILURE | Serial: 2597003 | Error: Some entities can not be inserted | Error When Updating Post In Vouchers ORA-20420: Error When Insert Doc. Into Posting Tables , ORA-20333: : مشكلة في الترحيل = 1 , 53698ORA-20469: لم تكتمل عملية الترحيل =1 , 53698 = -11676ORA-0000: normal, successful completion

================================================================================
[2026-06-28 21:44:25.624] REQUEST
Method: POST
Endpoint: http://localhost:8081/api/GL/ImportJournal
Body: [{"docSerExternal":"2597004","branchNo":1,"docDate":"2025-01-22","docNo":null,"jvType":1,"amountLocal":509,"referenceNo":"0","beneficiaryName":"","receiver":"","manualDocNo":"","description":"","addTerminalName":"1","details":[{"docDueDate":"2025-01-22","accountCode":"1111010003","accountCodeDtl":null,"accountCodeDtlSub":"","currencyCode":"SAR","exchangeRate":0,"drOrCr":1,"amountLocal":509,"amountForeign":0,"costCenterCode":null,"chequeNo":"0","referenceNo":"0","billNo":"","billSer":"","installm...
Status: 200
Response: {"code":2002,"message":"Some entities can not be inserted","content":[{"referenceId":"2597004","message":"Error When Updating Post In Vouchers ORA-20420: Error When Insert Doc. Into Posting Tables , ORA-20333: : مشكلة في الترحيل = 1 , 53698\rORA-20469: لم تكتمل عملية الترحيل =1 , 53698\r = -509\rORA-0000: normal, successful completion","errorNo":"20079","docNo":"","docSer":"","statusCode":"20420"}]}
Response Time: 3ms
================================================================================

[2026-06-28 21:44:25.628] FAILURE | Serial: 2597004 | Error: Some entities can not be inserted | Error When Updating Post In Vouchers ORA-20420: Error When Insert Doc. Into Posting Tables , ORA-20333: : مشكلة في الترحيل = 1 , 53698ORA-20469: لم تكتمل عملية الترحيل =1 , 53698 = -509ORA-0000: normal, successful completion

================================================================================
[2026-06-28 21:44:33.623] REQUEST
Method: POST
Endpoint: http://localhost:8081/api/GL/ImportJournal
Body: [{"docSerExternal":"2599553","branchNo":1,"docDate":"2025-01-22","docNo":null,"jvType":1,"amountLocal":4.878,"referenceNo":"0","beneficiaryName":"","receiver":"","manualDocNo":"","description":"","addTerminalName":"1","details":[{"docDueDate":"2025-01-22","accountCode":"214310001","accountCodeDtl":"100010","accountCodeDtlSub":"","currencyCode":"SAR","exchangeRate":0,"drOrCr":1,"amountLocal":0.12195,"amountForeign":0,"costCenterCode":"101010","chequeNo":"0","referenceNo":"0","billNo":"","billSer"...
Status: 200
Response: {"code":2002,"message":"Some entities can not be inserted","content":[{"referenceId":"2599553","message":"Error When Updating Post In Vouchers ORA-20420: Error When Insert Doc. Into Posting Tables , ORA-20333: : مشكلة في الترحيل = 1 , 53698\rORA-20469: لم تكتمل عملية الترحيل =1 , 53698\r = -4.878\rORA-0000: normal, successful completion","errorNo":"20079","docNo":"","docSer":"","statusCode":"20420"}]}
Response Time: 3ms
================================================================================

[2026-06-28 21:44:33.627] FAILURE | Serial: 2599553 | Error: Some entities can not be inserted | Error When Updating Post In Vouchers ORA-20420: Error When Insert Doc. Into Posting Tables , ORA-20333: : مشكلة في الترحيل = 1 , 53698ORA-20469: لم تكتمل عملية الترحيل =1 , 53698 = -4.878ORA-0000: normal, successful completion

================================================================================
[2026-06-28 21:46:35.094] REQUEST
Method: POST
Endpoint: http://localhost:8081/api/GL/ImportJournal
Body: [{"docSerExternal":"2530386","branchNo":1,"docDate":"2025-01-22","docNo":null,"jvType":1,"amountLocal":470,"referenceNo":"0","beneficiaryName":"","receiver":"","manualDocNo":"","description":"","addTerminalName":"1","details":[{"docDueDate":"2025-01-22","accountCode":"1112010003","accountCodeDtl":null,"accountCodeDtlSub":"","currencyCode":"SAR","exchangeRate":0,"drOrCr":1,"amountLocal":470,"amountForeign":0,"costCenterCode":null,"chequeNo":"0","referenceNo":"0","billNo":"","billSer":"","installm...
Status: 200
Response: {"code":2000,"message":"nok","content":[{"referenceId":"2550235","message":"لم ينجاح","errorNo":"0"}]}
Response Time: 33ms
================================================================================

[2026-06-28 21:46:35.129] FAILURE | Serial: 2530386 | Error: nok | لم ينجاح

================================================================================
[2026-06-28 21:46:43.142] REQUEST
Method: POST
Endpoint: http://localhost:8081/api/GL/ImportJournal
Body: [{"docSerExternal":"2530387","branchNo":1,"docDate":"2025-01-22","docNo":null,"jvType":1,"amountLocal":398.73,"referenceNo":"0","beneficiaryName":"","receiver":"","manualDocNo":"","description":"","addTerminalName":"1","details":[{"docDueDate":"2025-01-22","accountCode":"214310001","accountCodeDtl":"100017","accountCodeDtlSub":"","currencyCode":"SAR","exchangeRate":0,"drOrCr":1,"amountLocal":458.5395,"amountForeign":0,"costCenterCode":"101017","chequeNo":"0","referenceNo":"0","billNo":"","billSe...
Status: 200
Response: {"code":2000,"message":"nok","content":[{"referenceId":"2550235","message":"لم ينجاح","errorNo":"0"}]}
Response Time: 4ms
================================================================================

[2026-06-28 21:46:43.147] FAILURE | Serial: 2530387 | Error: nok | لم ينجاح

================================================================================
[2026-06-28 21:46:51.123] REQUEST
Method: POST
Endpoint: http://localhost:8081/api/GL/ImportJournal
Body: [{"docSerExternal":"2530390","branchNo":1,"docDate":"2025-01-22","docNo":null,"jvType":1,"amountLocal":230,"referenceNo":"0","beneficiaryName":"","receiver":"","manualDocNo":"","description":"","addTerminalName":"1","details":[{"docDueDate":"2025-01-22","accountCode":"1112010003","accountCodeDtl":null,"accountCodeDtlSub":"","currencyCode":"SAR","exchangeRate":0,"drOrCr":1,"amountLocal":230,"amountForeign":0,"costCenterCode":null,"chequeNo":"0","referenceNo":"0","billNo":"","billSer":"","installm...
Status: 200
Response: {"code":2000,"message":"nok","content":[{"referenceId":"2550235","message":"لم ينجاح","errorNo":"0"}]}
Response Time: 4ms
================================================================================

[2026-06-28 21:46:51.128] FAILURE | Serial: 2530390 | Error: nok | لم ينجاح

================================================================================
[2026-06-28 21:46:59.142] REQUEST
Method: POST
Endpoint: http://localhost:8081/api/GL/ImportJournal
Body: [{"docSerExternal":"2530391","branchNo":1,"docDate":"2025-01-22","docNo":null,"jvType":1,"amountLocal":195.12,"referenceNo":"0","beneficiaryName":"","receiver":"","manualDocNo":"","description":"","addTerminalName":"1","details":[{"docDueDate":"2025-01-22","accountCode":"214310001","accountCodeDtl":"100023","accountCodeDtlSub":"","currencyCode":"SAR","exchangeRate":0,"drOrCr":1,"amountLocal":224.388,"amountForeign":0,"costCenterCode":"101023","chequeNo":"0","referenceNo":"0","billNo":"","billSer...
Status: 200
Response: {"code":2000,"message":"nok","content":[{"referenceId":"2550235","message":"لم ينجاح","errorNo":"0"}]}
Response Time: 4ms
================================================================================

[2026-06-28 21:46:59.147] FAILURE | Serial: 2530391 | Error: nok | لم ينجاح

================================================================================
[2026-06-28 21:47:07.167] REQUEST
Method: POST
Endpoint: http://localhost:8081/api/GL/ImportJournal
Body: [{"docSerExternal":"2530392","branchNo":1,"docDate":"2025-01-22","docNo":null,"jvType":1,"amountLocal":4.878,"referenceNo":"0","beneficiaryName":"","receiver":"","manualDocNo":"","description":"","addTerminalName":"1","details":[{"docDueDate":"2025-01-22","accountCode":"4111010001","accountCodeDtl":"100001","accountCodeDtlSub":"","currencyCode":"SAR","exchangeRate":0,"drOrCr":1,"amountLocal":5.6097,"amountForeign":0,"costCenterCode":"101001","chequeNo":"0","referenceNo":"0","billNo":"","billSer"...
Status: 200
Response: {"code":2000,"message":"nok","content":[{"referenceId":"2550235","message":"لم ينجاح","errorNo":"0"}]}
Response Time: 3ms
================================================================================

[2026-06-28 21:47:07.171] FAILURE | Serial: 2530392 | Error: nok | لم ينجاح

================================================================================
[2026-06-28 21:47:15.200] REQUEST
Method: POST
Endpoint: http://localhost:8081/api/GL/ImportJournal
Body: [{"docSerExternal":"2530393","branchNo":1,"docDate":"2025-01-22","docNo":null,"jvType":1,"amountLocal":230,"referenceNo":"0","beneficiaryName":"","receiver":"","manualDocNo":"","description":"","addTerminalName":"1","details":[{"docDueDate":"2025-01-22","accountCode":"1112010003","accountCodeDtl":null,"accountCodeDtlSub":"","currencyCode":"SAR","exchangeRate":0,"drOrCr":1,"amountLocal":230,"amountForeign":0,"costCenterCode":null,"chequeNo":"0","referenceNo":"0","billNo":"","billSer":"","installm...
Status: 200
Response: {"code":2000,"message":"nok","content":[{"referenceId":"2550235","message":"لم ينجاح","errorNo":"0"}]}
Response Time: 3ms
================================================================================

[2026-06-28 21:47:15.205] FAILURE | Serial: 2530393 | Error: nok | لم ينجاح

================================================================================
[2026-06-28 21:47:23.217] REQUEST
Method: POST
Endpoint: http://localhost:8081/api/GL/ImportJournal
Body: [{"docSerExternal":"2530394","branchNo":1,"docDate":"2025-01-22","docNo":null,"jvType":1,"amountLocal":195.12,"referenceNo":"0","beneficiaryName":"","receiver":"","manualDocNo":"","description":"","addTerminalName":"1","details":[{"docDueDate":"2025-01-22","accountCode":"214310001","accountCodeDtl":"100010","accountCodeDtlSub":"","currencyCode":"SAR","exchangeRate":0,"drOrCr":1,"amountLocal":224.388,"amountForeign":0,"costCenterCode":"101010","chequeNo":"0","referenceNo":"0","billNo":"","billSer...
Status: 200
Response: {"code":2000,"message":"nok","content":[{"referenceId":"2550235","message":"لم ينجاح","errorNo":"0"}]}
Response Time: 4ms
================================================================================

[2026-06-28 21:47:23.223] FAILURE | Serial: 2530394 | Error: nok | لم ينجاح

================================================================================
[2026-06-28 21:47:31.289] REQUEST
Method: POST
Endpoint: http://localhost:8081/api/GL/ImportJournal
Body: [{"docSerExternal":"2530396","branchNo":1,"docDate":"2025-01-22","docNo":null,"jvType":1,"amountLocal":200,"referenceNo":"0","beneficiaryName":"","receiver":"","manualDocNo":"","description":"","addTerminalName":"1","details":[{"docDueDate":"2025-01-22","accountCode":"1112010003","accountCodeDtl":null,"accountCodeDtlSub":"","currencyCode":"SAR","exchangeRate":0,"drOrCr":1,"amountLocal":200,"amountForeign":0,"costCenterCode":null,"chequeNo":"0","referenceNo":"0","billNo":"","billSer":"","installm...
Status: 200
Response: {"code":2000,"message":"nok","content":[{"referenceId":"2550235","message":"لم ينجاح","errorNo":"0"}]}
Response Time: 3ms
================================================================================

[2026-06-28 21:47:31.294] FAILURE | Serial: 2530396 | Error: nok | لم ينجاح

================================================================================
[2026-06-28 21:47:39.359] REQUEST
Method: POST
Endpoint: http://localhost:8081/api/GL/ImportJournal
Body: [{"docSerExternal":"2530397","branchNo":1,"docDate":"2025-01-22","docNo":null,"jvType":1,"amountLocal":169.67,"referenceNo":"0","beneficiaryName":"","receiver":"","manualDocNo":"","description":"","addTerminalName":"1","details":[{"docDueDate":"2025-01-22","accountCode":"214310001","accountCodeDtl":"100033","accountCodeDtlSub":"","currencyCode":"SAR","exchangeRate":0,"drOrCr":1,"amountLocal":195.1205,"amountForeign":0,"costCenterCode":"101033","chequeNo":"0","referenceNo":"0","billNo":"","billSe...
Status: 200
Response: {"code":2000,"message":"nok","content":[{"referenceId":"2550235","message":"لم ينجاح","errorNo":"0"}]}
Response Time: 4ms
================================================================================

[2026-06-28 21:47:39.364] FAILURE | Serial: 2530397 | Error: nok | لم ينجاح

================================================================================
[2026-06-28 21:47:47.341] REQUEST
Method: POST
Endpoint: http://localhost:8081/api/GL/ImportJournal
Body: [{"docSerExternal":"2530398","branchNo":1,"docDate":"2025-01-22","docNo":null,"jvType":1,"amountLocal":4.2417,"referenceNo":"0","beneficiaryName":"","receiver":"","manualDocNo":"","description":"","addTerminalName":"1","details":[{"docDueDate":"2025-01-22","accountCode":"4111010001","accountCodeDtl":"100001","accountCodeDtlSub":"","currencyCode":"SAR","exchangeRate":0,"drOrCr":1,"amountLocal":4.878,"amountForeign":0,"costCenterCode":"101001","chequeNo":"0","referenceNo":"0","billNo":"","billSer"...
Status: 200
Response: {"code":2000,"message":"nok","content":[{"referenceId":"2550235","message":"لم ينجاح","errorNo":"0"}]}
Response Time: 3ms
================================================================================

[2026-06-28 21:47:47.345] FAILURE | Serial: 2530398 | Error: nok | لم ينجاح

================================================================================
[2026-06-28 21:47:55.381] REQUEST
Method: POST
Endpoint: http://localhost:8081/api/GL/ImportJournal
Body: [{"docSerExternal":"2530399","branchNo":1,"docDate":"2025-01-22","docNo":null,"jvType":1,"amountLocal":1410,"referenceNo":"0","beneficiaryName":"","receiver":"","manualDocNo":"","description":"","addTerminalName":"1","details":[{"docDueDate":"2025-01-22","accountCode":"1112010003","accountCodeDtl":null,"accountCodeDtlSub":"","currencyCode":"SAR","exchangeRate":0,"drOrCr":1,"amountLocal":1410,"amountForeign":0,"costCenterCode":null,"chequeNo":"0","referenceNo":"0","billNo":"","billSer":"","instal...
Status: 200
Response: {"code":2000,"message":"nok","content":[{"referenceId":"2550235","message":"لم ينجاح","errorNo":"0"}]}
Response Time: 3ms
================================================================================

[2026-06-28 21:47:55.385] FAILURE | Serial: 2530399 | Error: nok | لم ينجاح

================================================================================
[2026-06-28 21:48:03.498] REQUEST
Method: POST
Endpoint: http://localhost:8081/api/GL/ImportJournal
Body: [{"docSerExternal":"2530400","branchNo":1,"docDate":"2025-01-22","docNo":null,"jvType":1,"amountLocal":398.73,"referenceNo":"0","beneficiaryName":"","receiver":"","manualDocNo":"","description":"","addTerminalName":"1","details":[{"docDueDate":"2025-01-22","accountCode":"214310001","accountCodeDtl":"100035","accountCodeDtlSub":"","currencyCode":"SAR","exchangeRate":0,"drOrCr":1,"amountLocal":458.5395,"amountForeign":0,"costCenterCode":"101035","chequeNo":"0","referenceNo":"0","billNo":"","billSe...
Status: 200
Response: {"code":2000,"message":"nok","content":[{"referenceId":"2550235","message":"لم ينجاح","errorNo":"0"}]}
Response Time: 3ms
================================================================================

[2026-06-28 21:48:03.502] FAILURE | Serial: 2530400 | Error: nok | لم ينجاح

================================================================================
[2026-06-28 21:48:11.565] REQUEST
Method: POST
Endpoint: http://localhost:8081/api/GL/ImportJournal
Body: [{"docSerExternal":"2530402","branchNo":1,"docDate":"2025-01-22","docNo":null,"jvType":1,"amountLocal":250,"referenceNo":"0","beneficiaryName":"","receiver":"","manualDocNo":"","description":"","addTerminalName":"1","details":[{"docDueDate":"2025-01-22","accountCode":"1112010003","accountCodeDtl":null,"accountCodeDtlSub":"","currencyCode":"SAR","exchangeRate":0,"drOrCr":1,"amountLocal":250,"amountForeign":0,"costCenterCode":null,"chequeNo":"0","referenceNo":"0","billNo":"","billSer":"","installm...
Status: 200
Response: {"code":2000,"message":"nok","content":[{"referenceId":"2550235","message":"لم ينجاح","errorNo":"0"}]}
Response Time: 3ms
================================================================================

[2026-06-28 21:48:11.569] FAILURE | Serial: 2530402 | Error: nok | لم ينجاح

================================================================================
[2026-06-28 21:48:19.631] REQUEST
Method: POST
Endpoint: http://localhost:8081/api/GL/ImportJournal
Body: [{"docSerExternal":"2530403","branchNo":1,"docDate":"2025-01-22","docNo":null,"jvType":1,"amountLocal":212.09,"referenceNo":"0","beneficiaryName":"","receiver":"","manualDocNo":"","description":"","addTerminalName":"1","details":[{"docDueDate":"2025-01-22","accountCode":"214310001","accountCodeDtl":"100039","accountCodeDtlSub":"","currencyCode":"SAR","exchangeRate":0,"drOrCr":1,"amountLocal":243.9035,"amountForeign":0,"costCenterCode":"101039","chequeNo":"0","referenceNo":"0","billNo":"","billSe...
Status: 200
Response: {"code":2000,"message":"nok","content":[{"referenceId":"2550235","message":"لم ينجاح","errorNo":"0"}]}
Response Time: 3ms
================================================================================

[2026-06-28 21:48:19.636] FAILURE | Serial: 2530403 | Error: nok | لم ينجاح

================================================================================
[2026-06-28 21:48:27.772] REQUEST
Method: POST
Endpoint: http://localhost:8081/api/GL/ImportJournal
Body: [{"docSerExternal":"2530404","branchNo":1,"docDate":"2025-01-22","docNo":null,"jvType":1,"amountLocal":5.3022,"referenceNo":"0","beneficiaryName":"","receiver":"","manualDocNo":"","description":"","addTerminalName":"1","details":[{"docDueDate":"2025-01-22","accountCode":"4111010001","accountCodeDtl":"100001","accountCodeDtlSub":"","currencyCode":"SAR","exchangeRate":0,"drOrCr":1,"amountLocal":6.0975,"amountForeign":0,"costCenterCode":"101001","chequeNo":"0","referenceNo":"0","billNo":"","billSer...
Status: 200
Response: {"code":2000,"message":"nok","content":[{"referenceId":"2550235","message":"لم ينجاح","errorNo":"0"}]}
Response Time: 3ms
================================================================================

[2026-06-28 21:48:27.776] FAILURE | Serial: 2530404 | Error: nok | لم ينجاح

================================================================================
[2026-06-28 21:48:35.855] REQUEST
Method: POST
Endpoint: http://localhost:8081/api/GL/ImportJournal
Body: [{"docSerExternal":"2530405","branchNo":1,"docDate":"2025-01-22","docNo":null,"jvType":1,"amountLocal":230,"referenceNo":"0","beneficiaryName":"","receiver":"","manualDocNo":"","description":"","addTerminalName":"1","details":[{"docDueDate":"2025-01-22","accountCode":"1111010003","accountCodeDtl":null,"accountCodeDtlSub":"","currencyCode":"SAR","exchangeRate":0,"drOrCr":1,"amountLocal":230,"amountForeign":0,"costCenterCode":null,"chequeNo":"0","referenceNo":"0","billNo":"","billSer":"","installm...
Status: 200
Response: {"code":2000,"message":"nok","content":[{"referenceId":"2550235","message":"لم ينجاح","errorNo":"0"}]}
Response Time: 3ms
================================================================================

[2026-06-28 21:48:35.859] FAILURE | Serial: 2530405 | Error: nok | لم ينجاح

================================================================================
[2026-06-28 21:48:43.962] REQUEST
Method: POST
Endpoint: http://localhost:8081/api/GL/ImportJournal
Body: [{"docSerExternal":"2530406","branchNo":1,"docDate":"2025-01-22","docNo":null,"jvType":1,"amountLocal":195.12,"referenceNo":"0","beneficiaryName":"","receiver":"","manualDocNo":"","description":"","addTerminalName":"1","details":[{"docDueDate":"2025-01-22","accountCode":"214310001","accountCodeDtl":"100025","accountCodeDtlSub":"","currencyCode":"SAR","exchangeRate":0,"drOrCr":1,"amountLocal":224.388,"amountForeign":0,"costCenterCode":"101025","chequeNo":"0","referenceNo":"0","billNo":"","billSer...
Status: 200
Response: {"code":2000,"message":"nok","content":[{"referenceId":"2550235","message":"لم ينجاح","errorNo":"0"}]}
Response Time: 3ms
================================================================================

[2026-06-28 21:48:43.966] FAILURE | Serial: 2530406 | Error: nok | لم ينجاح

================================================================================
[2026-06-28 21:48:51.994] REQUEST
Method: POST
Endpoint: http://localhost:8081/api/GL/ImportJournal
Body: [{"docSerExternal":"2530408","branchNo":1,"docDate":"2025-01-22","docNo":null,"jvType":1,"amountLocal":250,"referenceNo":"0","beneficiaryName":"","receiver":"","manualDocNo":"","description":"","addTerminalName":"1","details":[{"docDueDate":"2025-01-22","accountCode":"1112010003","accountCodeDtl":null,"accountCodeDtlSub":"","currencyCode":"SAR","exchangeRate":0,"drOrCr":1,"amountLocal":250,"amountForeign":0,"costCenterCode":null,"chequeNo":"0","referenceNo":"0","billNo":"","billSer":"","installm...
Status: 200
Response: {"code":2000,"message":"nok","content":[{"referenceId":"2550235","message":"لم ينجاح","errorNo":"0"}]}
Response Time: 2ms
================================================================================

[2026-06-28 21:48:51.997] FAILURE | Serial: 2530408 | Error: nok | لم ينجاح

================================================================================
[2026-06-28 21:49:00.127] REQUEST
Method: POST
Endpoint: http://localhost:8081/api/GL/ImportJournal
Body: [{"docSerExternal":"2530409","branchNo":1,"docDate":"2025-01-22","docNo":null,"jvType":1,"amountLocal":212.09,"referenceNo":"0","beneficiaryName":"","receiver":"","manualDocNo":"","description":"","addTerminalName":"1","details":[{"docDueDate":"2025-01-22","accountCode":"214310001","accountCodeDtl":"100038","accountCodeDtlSub":"","currencyCode":"SAR","exchangeRate":0,"drOrCr":1,"amountLocal":243.9035,"amountForeign":0,"costCenterCode":"101038","chequeNo":"0","referenceNo":"0","billNo":"","billSe...
Status: 200
Response: {"code":2000,"message":"nok","content":[{"referenceId":"2550235","message":"لم ينجاح","errorNo":"0"}]}
Response Time: 3ms
================================================================================

[2026-06-28 21:49:00.131] FAILURE | Serial: 2530409 | Error: nok | لم ينجاح

================================================================================
[2026-06-28 21:49:08.226] REQUEST
Method: POST
Endpoint: http://localhost:8081/api/GL/ImportJournal
Body: [{"docSerExternal":"2530410","branchNo":1,"docDate":"2025-01-22","docNo":null,"jvType":1,"amountLocal":5.3022,"referenceNo":"0","beneficiaryName":"","receiver":"","manualDocNo":"","description":"","addTerminalName":"1","details":[{"docDueDate":"2025-01-22","accountCode":"4111010001","accountCodeDtl":"100001","accountCodeDtlSub":"","currencyCode":"SAR","exchangeRate":0,"drOrCr":1,"amountLocal":6.0975,"amountForeign":0,"costCenterCode":"101001","chequeNo":"0","referenceNo":"0","billNo":"","billSer...
Status: 200
Response: {"code":2000,"message":"nok","content":[{"referenceId":"2550235","message":"لم ينجاح","errorNo":"0"}]}
Response Time: 3ms
================================================================================

[2026-06-28 21:49:08.230] FAILURE | Serial: 2530410 | Error: nok | لم ينجاح

================================================================================
[2026-06-28 21:49:16.348] REQUEST
Method: POST
Endpoint: http://localhost:8081/api/GL/ImportJournal
Body: [{"docSerExternal":"2530413","branchNo":1,"docDate":"2025-01-22","docNo":null,"jvType":1,"amountLocal":400,"referenceNo":"0","beneficiaryName":"","receiver":"","manualDocNo":"","description":"","addTerminalName":"1","details":[{"docDueDate":"2025-01-22","accountCode":"1112010003","accountCodeDtl":null,"accountCodeDtlSub":"","currencyCode":"SAR","exchangeRate":0,"drOrCr":1,"amountLocal":400,"amountForeign":0,"costCenterCode":null,"chequeNo":"0","referenceNo":"0","billNo":"","billSer":"","installm...
Status: 200
Response: {"code":2000,"message":"nok","content":[{"referenceId":"2550235","message":"لم ينجاح","errorNo":"0"}]}
Response Time: 2ms
================================================================================

[2026-06-28 21:49:16.351] FAILURE | Serial: 2530413 | Error: nok | لم ينجاح

================================================================================
[2026-06-28 21:49:24.492] REQUEST
Method: POST
Endpoint: http://localhost:8081/api/GL/ImportJournal
Body: [{"docSerExternal":"2530419","branchNo":1,"docDate":"2025-01-22","docNo":null,"jvType":1,"amountLocal":200,"referenceNo":"0","beneficiaryName":"","receiver":"","manualDocNo":"","description":"","addTerminalName":"1","details":[{"docDueDate":"2025-01-22","accountCode":"1112010003","accountCodeDtl":null,"accountCodeDtlSub":"","currencyCode":"SAR","exchangeRate":0,"drOrCr":1,"amountLocal":200,"amountForeign":0,"costCenterCode":null,"chequeNo":"0","referenceNo":"0","billNo":"","billSer":"","installm...
Status: 200
Response: {"code":2000,"message":"nok","content":[{"referenceId":"2550235","message":"لم ينجاح","errorNo":"0"}]}
Response Time: 3ms
================================================================================

[2026-06-28 21:49:24.497] FAILURE | Serial: 2530419 | Error: nok | لم ينجاح

================================================================================
[2026-06-28 21:49:32.643] REQUEST
Method: POST
Endpoint: http://localhost:8081/api/GL/ImportJournal
Body: [{"docSerExternal":"2530422","branchNo":1,"docDate":"2025-01-22","docNo":null,"jvType":1,"amountLocal":690,"referenceNo":"0","beneficiaryName":"","receiver":"","manualDocNo":"","description":"","addTerminalName":"1","details":[{"docDueDate":"2025-01-22","accountCode":"1112010003","accountCodeDtl":null,"accountCodeDtlSub":"","currencyCode":"SAR","exchangeRate":0,"drOrCr":1,"amountLocal":690,"amountForeign":0,"costCenterCode":null,"chequeNo":"0","referenceNo":"0","billNo":"","billSer":"","installm...
Status: 200
Response: {"code":2000,"message":"nok","content":[{"referenceId":"2550235","message":"لم ينجاح","errorNo":"0"}]}
Response Time: 2ms
================================================================================

[2026-06-28 21:49:32.647] FAILURE | Serial: 2530422 | Error: nok | لم ينجاح

================================================================================
[2026-06-28 21:49:40.757] REQUEST
Method: POST
Endpoint: http://localhost:8081/api/GL/ImportJournal
Body: [{"docSerExternal":"2530423","branchNo":1,"docDate":"2025-01-22","docNo":null,"jvType":1,"amountLocal":200,"referenceNo":"0","beneficiaryName":"","receiver":"","manualDocNo":"","description":"","addTerminalName":"1","details":[{"docDueDate":"2025-01-22","accountCode":"1112010003","accountCodeDtl":null,"accountCodeDtlSub":"","currencyCode":"SAR","exchangeRate":0,"drOrCr":1,"amountLocal":200,"amountForeign":0,"costCenterCode":null,"chequeNo":"0","referenceNo":"0","billNo":"","billSer":"","installm...
Status: 200
Response: {"code":2000,"message":"nok","content":[{"referenceId":"2550235","message":"لم ينجاح","errorNo":"0"}]}
Response Time: 3ms
================================================================================

[2026-06-28 21:49:40.761] FAILURE | Serial: 2530423 | Error: nok | لم ينجاح

================================================================================
[2026-06-28 21:49:48.910] REQUEST
Method: POST
Endpoint: http://localhost:8081/api/GL/ImportJournal
Body: [{"docSerExternal":"2530426","branchNo":1,"docDate":"2025-01-22","docNo":null,"jvType":1,"amountLocal":200,"referenceNo":"0","beneficiaryName":"","receiver":"","manualDocNo":"","description":"","addTerminalName":"1","details":[{"docDueDate":"2025-01-22","accountCode":"1111010003","accountCodeDtl":null,"accountCodeDtlSub":"","currencyCode":"SAR","exchangeRate":0,"drOrCr":1,"amountLocal":200,"amountForeign":0,"costCenterCode":null,"chequeNo":"0","referenceNo":"0","billNo":"","billSer":"","installm...
Status: 200
Response: {"code":2000,"message":"nok","content":[{"referenceId":"2550235","message":"لم ينجاح","errorNo":"0"}]}
Response Time: 2ms
================================================================================

[2026-06-28 21:49:48.914] FAILURE | Serial: 2530426 | Error: nok | لم ينجاح

================================================================================
[2026-06-28 21:49:57.043] REQUEST
Method: POST
Endpoint: http://localhost:8081/api/GL/ImportJournal
Body: [{"docSerExternal":"2530432","branchNo":1,"docDate":"2025-01-22","docNo":null,"jvType":1,"amountLocal":200,"referenceNo":"0","beneficiaryName":"","receiver":"","manualDocNo":"","description":"","addTerminalName":"1","details":[{"docDueDate":"2025-01-22","accountCode":"1112010003","accountCodeDtl":null,"accountCodeDtlSub":"","currencyCode":"SAR","exchangeRate":0,"drOrCr":1,"amountLocal":200,"amountForeign":0,"costCenterCode":null,"chequeNo":"0","referenceNo":"0","billNo":"","billSer":"","installm...
Status: 200
Response: {"code":2000,"message":"nok","content":[{"referenceId":"2550235","message":"لم ينجاح","errorNo":"0"}]}
Response Time: 3ms
================================================================================

[2026-06-28 21:49:57.047] FAILURE | Serial: 2530432 | Error: nok | لم ينجاح

================================================================================
[2026-06-28 21:50:05.166] REQUEST
Method: POST
Endpoint: http://localhost:8081/api/GL/ImportJournal
Body: [{"docSerExternal":"2530433","branchNo":1,"docDate":"2025-01-22","docNo":null,"jvType":1,"amountLocal":329,"referenceNo":"0","beneficiaryName":"","receiver":"","manualDocNo":"","description":"","addTerminalName":"1","details":[{"docDueDate":"2025-01-22","accountCode":"1112010003","accountCodeDtl":null,"accountCodeDtlSub":"","currencyCode":"SAR","exchangeRate":0,"drOrCr":1,"amountLocal":329,"amountForeign":0,"costCenterCode":null,"chequeNo":"0","referenceNo":"0","billNo":"","billSer":"","installm...
Status: 200
Response: {"code":2000,"message":"nok","content":[{"referenceId":"2550235","message":"لم ينجاح","errorNo":"0"}]}
Response Time: 3ms
================================================================================

[2026-06-28 21:50:05.170] FAILURE | Serial: 2530433 | Error: nok | لم ينجاح

================================================================================
[2026-06-28 21:50:13.295] REQUEST
Method: POST
Endpoint: http://localhost:8081/api/GL/ImportJournal
Body: [{"docSerExternal":"2530436","branchNo":1,"docDate":"2025-01-22","docNo":null,"jvType":1,"amountLocal":1000,"referenceNo":"0","beneficiaryName":"","receiver":"","manualDocNo":"","description":"","addTerminalName":"1","details":[{"docDueDate":"2025-01-22","accountCode":"1112010003","accountCodeDtl":null,"accountCodeDtlSub":"","currencyCode":"SAR","exchangeRate":0,"drOrCr":1,"amountLocal":1000,"amountForeign":0,"costCenterCode":null,"chequeNo":"0","referenceNo":"0","billNo":"","billSer":"","instal...
Status: 200
Response: {"code":2000,"message":"nok","content":[{"referenceId":"2550235","message":"لم ينجاح","errorNo":"0"}]}
Response Time: 3ms
================================================================================

[2026-06-28 21:50:13.299] FAILURE | Serial: 2530436 | Error: nok | لم ينجاح

================================================================================
[2026-06-28 21:50:21.442] REQUEST
Method: POST
Endpoint: http://localhost:8081/api/GL/ImportJournal
Body: [{"docSerExternal":"2530439","branchNo":1,"docDate":"2025-01-22","docNo":null,"jvType":1,"amountLocal":300,"referenceNo":"0","beneficiaryName":"","receiver":"","manualDocNo":"","description":"","addTerminalName":"1","details":[{"docDueDate":"2025-01-22","accountCode":"1112010003","accountCodeDtl":null,"accountCodeDtlSub":"","currencyCode":"SAR","exchangeRate":0,"drOrCr":1,"amountLocal":300,"amountForeign":0,"costCenterCode":null,"chequeNo":"0","referenceNo":"0","billNo":"","billSer":"","installm...
Status: 200
Response: {"code":2000,"message":"nok","content":[{"referenceId":"2550235","message":"لم ينجاح","errorNo":"0"}]}
Response Time: 3ms
================================================================================

[2026-06-28 21:50:21.446] FAILURE | Serial: 2530439 | Error: nok | لم ينجاح

================================================================================
[2026-06-28 21:50:29.625] REQUEST
Method: POST
Endpoint: http://localhost:8081/api/GL/ImportJournal
Body: [{"docSerExternal":"2530443","branchNo":1,"docDate":"2025-01-22","docNo":null,"jvType":1,"amountLocal":250,"referenceNo":"0","beneficiaryName":"","receiver":"","manualDocNo":"","description":"","addTerminalName":"1","details":[{"docDueDate":"2025-01-22","accountCode":"1112010003","accountCodeDtl":null,"accountCodeDtlSub":"","currencyCode":"SAR","exchangeRate":0,"drOrCr":1,"amountLocal":250,"amountForeign":0,"costCenterCode":null,"chequeNo":"0","referenceNo":"0","billNo":"","billSer":"","installm...
Status: 200
Response: {"code":2000,"message":"nok","content":[{"referenceId":"2550235","message":"لم ينجاح","errorNo":"0"}]}
Response Time: 3ms
================================================================================

[2026-06-28 21:50:29.629] FAILURE | Serial: 2530443 | Error: nok | لم ينجاح

================================================================================
[2026-06-28 21:50:37.794] REQUEST
Method: POST
Endpoint: http://localhost:8081/api/GL/ImportJournal
Body: [{"docSerExternal":"2530448","branchNo":1,"docDate":"2025-01-22","docNo":null,"jvType":1,"amountLocal":250,"referenceNo":"0","beneficiaryName":"","receiver":"","manualDocNo":"","description":"","addTerminalName":"1","details":[{"docDueDate":"2025-01-22","accountCode":"1112010003","accountCodeDtl":null,"accountCodeDtlSub":"","currencyCode":"SAR","exchangeRate":0,"drOrCr":1,"amountLocal":250,"amountForeign":0,"costCenterCode":null,"chequeNo":"0","referenceNo":"0","billNo":"","billSer":"","installm...
Status: 200
Response: {"code":2000,"message":"nok","content":[{"referenceId":"2550235","message":"لم ينجاح","errorNo":"0"}]}
Response Time: 3ms
================================================================================

[2026-06-28 21:50:37.798] FAILURE | Serial: 2530448 | Error: nok | لم ينجاح

================================================================================
[2026-06-28 21:50:45.960] REQUEST
Method: POST
Endpoint: http://localhost:8081/api/GL/ImportJournal
Body: [{"docSerExternal":"2530452","branchNo":1,"docDate":"2025-01-22","docNo":null,"jvType":1,"amountLocal":250,"referenceNo":"0","beneficiaryName":"","receiver":"","manualDocNo":"","description":"","addTerminalName":"1","details":[{"docDueDate":"2025-01-22","accountCode":"1112010003","accountCodeDtl":null,"accountCodeDtlSub":"","currencyCode":"SAR","exchangeRate":0,"drOrCr":1,"amountLocal":250,"amountForeign":0,"costCenterCode":null,"chequeNo":"0","referenceNo":"0","billNo":"","billSer":"","installm...
Status: 200
Response: {"code":2000,"message":"nok","content":[{"referenceId":"2550235","message":"لم ينجاح","errorNo":"0"}]}
Response Time: 3ms
================================================================================

[2026-06-28 21:50:45.964] FAILURE | Serial: 2530452 | Error: nok | لم ينجاح

================================================================================
[2026-06-28 21:50:54.121] REQUEST
Method: POST
Endpoint: http://localhost:8081/api/GL/ImportJournal
Body: [{"docSerExternal":"2530535","branchNo":1,"docDate":"2025-01-22","docNo":null,"jvType":1,"amountLocal":250,"referenceNo":"0","beneficiaryName":"","receiver":"","manualDocNo":"","description":"","addTerminalName":"1","details":[{"docDueDate":"2025-01-22","accountCode":"1112010003","accountCodeDtl":null,"accountCodeDtlSub":"","currencyCode":"SAR","exchangeRate":0,"drOrCr":1,"amountLocal":250,"amountForeign":0,"costCenterCode":null,"chequeNo":"0","referenceNo":"0","billNo":"","billSer":"","installm...
Status: 200
Response: {"code":2000,"message":"nok","content":[{"referenceId":"2550235","message":"لم ينجاح","errorNo":"0"}]}
Response Time: 3ms
================================================================================

[2026-06-28 21:50:54.126] FAILURE | Serial: 2530535 | Error: nok | لم ينجاح

================================================================================
[2026-06-28 21:51:02.302] REQUEST
Method: POST
Endpoint: http://localhost:8081/api/GL/ImportJournal
Body: [{"docSerExternal":"2530538","branchNo":1,"docDate":"2025-01-22","docNo":null,"jvType":1,"amountLocal":500,"referenceNo":"0","beneficiaryName":"","receiver":"","manualDocNo":"","description":"","addTerminalName":"1","details":[{"docDueDate":"2025-01-22","accountCode":"1112010003","accountCodeDtl":null,"accountCodeDtlSub":"","currencyCode":"SAR","exchangeRate":0,"drOrCr":1,"amountLocal":500,"amountForeign":0,"costCenterCode":null,"chequeNo":"0","referenceNo":"0","billNo":"","billSer":"","installm...
Status: 200
Response: {"code":2000,"message":"nok","content":[{"referenceId":"2550235","message":"لم ينجاح","errorNo":"0"}]}
Response Time: 2ms
================================================================================

[2026-06-28 21:51:02.305] FAILURE | Serial: 2530538 | Error: nok | لم ينجاح

================================================================================
[2026-06-28 21:51:10.517] REQUEST
Method: POST
Endpoint: http://localhost:8081/api/GL/ImportJournal
Body: [{"docSerExternal":"2530541","branchNo":1,"docDate":"2025-01-22","docNo":null,"jvType":1,"amountLocal":500,"referenceNo":"0","beneficiaryName":"","receiver":"","manualDocNo":"","description":"","addTerminalName":"1","details":[{"docDueDate":"2025-01-22","accountCode":"1112010003","accountCodeDtl":null,"accountCodeDtlSub":"","currencyCode":"SAR","exchangeRate":0,"drOrCr":1,"amountLocal":500,"amountForeign":0,"costCenterCode":null,"chequeNo":"0","referenceNo":"0","billNo":"","billSer":"","installm...
Status: 200
Response: {"code":2000,"message":"nok","content":[{"referenceId":"2550235","message":"لم ينجاح","errorNo":"0"}]}
Response Time: 3ms
================================================================================

[2026-06-28 21:51:10.521] FAILURE | Serial: 2530541 | Error: nok | لم ينجاح

================================================================================
[2026-06-28 21:51:18.745] REQUEST
Method: POST
Endpoint: http://localhost:8081/api/GL/ImportJournal
Body: [{"docSerExternal":"2530547","branchNo":1,"docDate":"2025-01-22","docNo":null,"jvType":1,"amountLocal":250,"referenceNo":"0","beneficiaryName":"","receiver":"","manualDocNo":"","description":"","addTerminalName":"1","details":[{"docDueDate":"2025-01-22","accountCode":"1111010003","accountCodeDtl":null,"accountCodeDtlSub":"","currencyCode":"SAR","exchangeRate":0,"drOrCr":1,"amountLocal":250,"amountForeign":0,"costCenterCode":null,"chequeNo":"0","referenceNo":"0","billNo":"","billSer":"","installm...
Status: 200
Response: {"code":2000,"message":"nok","content":[{"referenceId":"2550235","message":"لم ينجاح","errorNo":"0"}]}
Response Time: 2ms
================================================================================

[2026-06-28 21:51:18.749] FAILURE | Serial: 2530547 | Error: nok | لم ينجاح

================================================================================
[2026-06-28 21:51:26.924] REQUEST
Method: POST
Endpoint: http://localhost:8081/api/GL/ImportJournal
Body: [{"docSerExternal":"2530550","branchNo":1,"docDate":"2025-01-22","docNo":null,"jvType":1,"amountLocal":250,"referenceNo":"0","beneficiaryName":"","receiver":"","manualDocNo":"","description":"","addTerminalName":"1","details":[{"docDueDate":"2025-01-22","accountCode":"1112010003","accountCodeDtl":null,"accountCodeDtlSub":"","currencyCode":"SAR","exchangeRate":0,"drOrCr":1,"amountLocal":250,"amountForeign":0,"costCenterCode":null,"chequeNo":"0","referenceNo":"0","billNo":"","billSer":"","installm...
Status: 200
Response: {"code":2000,"message":"nok","content":[{"referenceId":"2550235","message":"لم ينجاح","errorNo":"0"}]}
Response Time: 2ms
================================================================================

[2026-06-28 21:51:26.928] FAILURE | Serial: 2530550 | Error: nok | لم ينجاح

================================================================================
[2026-06-28 21:51:35.115] REQUEST
Method: POST
Endpoint: http://localhost:8081/api/GL/ImportJournal
Body: [{"docSerExternal":"2530553","branchNo":1,"docDate":"2025-01-22","docNo":null,"jvType":1,"amountLocal":690,"referenceNo":"0","beneficiaryName":"","receiver":"","manualDocNo":"","description":"","addTerminalName":"1","details":[{"docDueDate":"2025-01-22","accountCode":"1112010003","accountCodeDtl":null,"accountCodeDtlSub":"","currencyCode":"SAR","exchangeRate":0,"drOrCr":1,"amountLocal":690,"amountForeign":0,"costCenterCode":null,"chequeNo":"0","referenceNo":"0","billNo":"","billSer":"","installm...
Status: 200
Response: {"code":2000,"message":"nok","content":[{"referenceId":"2550235","message":"لم ينجاح","errorNo":"0"}]}
Response Time: 3ms
================================================================================

[2026-06-28 21:51:35.119] FAILURE | Serial: 2530553 | Error: nok | لم ينجاح

================================================================================
[2026-06-28 21:51:43.313] REQUEST
Method: POST
Endpoint: http://localhost:8081/api/GL/ImportJournal
Body: [{"docSerExternal":"2530588","branchNo":1,"docDate":"2025-01-22","docNo":null,"jvType":1,"amountLocal":4.878,"referenceNo":"0","beneficiaryName":"","receiver":"","manualDocNo":"","description":"","addTerminalName":"1","details":[{"docDueDate":"2025-01-22","accountCode":"4111010001","accountCodeDtl":"100043","accountCodeDtlSub":"","currencyCode":"SAR","exchangeRate":0,"drOrCr":1,"amountLocal":5.6097,"amountForeign":0,"costCenterCode":"101043","chequeNo":"0","referenceNo":"0","billNo":"","billSer"...
Status: 200
Response: {"code":2000,"message":"nok","content":[{"referenceId":"2550235","message":"لم ينجاح","errorNo":"0"}]}
Response Time: 3ms
================================================================================

[2026-06-28 21:51:43.317] FAILURE | Serial: 2530588 | Error: nok | لم ينجاح

================================================================================
[2026-06-28 21:51:51.517] REQUEST
Method: POST
Endpoint: http://localhost:8081/api/GL/ImportJournal
Body: [{"docSerExternal":"2530617","branchNo":1,"docDate":"2025-01-22","docNo":null,"jvType":1,"amountLocal":9.9682,"referenceNo":"0","beneficiaryName":"","receiver":"","manualDocNo":"","description":"","addTerminalName":"1","details":[{"docDueDate":"2025-01-22","accountCode":"4111010001","accountCodeDtl":"100001","accountCodeDtlSub":"","currencyCode":"SAR","exchangeRate":0,"drOrCr":1,"amountLocal":11.4634,"amountForeign":0,"costCenterCode":"101001","chequeNo":"0","referenceNo":"0","billNo":"","billSe...
Status: 200
Response: {"code":2000,"message":"nok","content":[{"referenceId":"2550235","message":"لم ينجاح","errorNo":"0"}]}
Response Time: 3ms
================================================================================

[2026-06-28 21:51:51.521] FAILURE | Serial: 2530617 | Error: nok | لم ينجاح

================================================================================
[2026-06-28 21:51:59.766] REQUEST
Method: POST
Endpoint: http://localhost:8081/api/GL/ImportJournal
Body: [{"docSerExternal":"2531077","branchNo":1,"docDate":"2025-01-22","docNo":null,"jvType":1,"amountLocal":9.9682,"referenceNo":"0","beneficiaryName":"","receiver":"","manualDocNo":"","description":"","addTerminalName":"1","details":[{"docDueDate":"2025-01-22","accountCode":"4111010001","accountCodeDtl":"100064","accountCodeDtlSub":"","currencyCode":"SAR","exchangeRate":0,"drOrCr":1,"amountLocal":11.4634,"amountForeign":0,"costCenterCode":"101064","chequeNo":"0","referenceNo":"0","billNo":"","billSe...
Status: 200
Response: {"code":2000,"message":"nok","content":[{"referenceId":"2550235","message":"لم ينجاح","errorNo":"0"}]}
Response Time: 2ms
================================================================================

[2026-06-28 21:51:59.770] FAILURE | Serial: 2531077 | Error: nok | لم ينجاح

================================================================================
[2026-06-28 21:52:08.019] REQUEST
Method: POST
Endpoint: http://localhost:8081/api/GL/ImportJournal
Body: [{"docSerExternal":"2597003","branchNo":1,"docDate":"2025-01-22","docNo":null,"jvType":1,"amountLocal":11676,"referenceNo":"0","beneficiaryName":"","receiver":"","manualDocNo":"","description":"","addTerminalName":"1","details":[{"docDueDate":"2025-01-22","accountCode":"1111010003","accountCodeDtl":null,"accountCodeDtlSub":"","currencyCode":"SAR","exchangeRate":0,"drOrCr":1,"amountLocal":11676,"amountForeign":0,"costCenterCode":null,"chequeNo":"0","referenceNo":"0","billNo":"","billSer":"","inst...
Status: 200
Response: {"code":2000,"message":"nok","content":[{"referenceId":"2550235","message":"لم ينجاح","errorNo":"0"}]}
Response Time: 3ms
================================================================================

[2026-06-28 21:52:08.023] FAILURE | Serial: 2597003 | Error: nok | لم ينجاح

================================================================================
[2026-06-28 21:52:16.685] REQUEST
Method: POST
Endpoint: http://localhost:8081/api/GL/ImportJournal
Body: [{"docSerExternal":"2597004","branchNo":1,"docDate":"2025-01-22","docNo":null,"jvType":1,"amountLocal":509,"referenceNo":"0","beneficiaryName":"","receiver":"","manualDocNo":"","description":"","addTerminalName":"1","details":[{"docDueDate":"2025-01-22","accountCode":"1111010003","accountCodeDtl":null,"accountCodeDtlSub":"","currencyCode":"SAR","exchangeRate":0,"drOrCr":1,"amountLocal":509,"amountForeign":0,"costCenterCode":null,"chequeNo":"0","referenceNo":"0","billNo":"","billSer":"","installm...
Status: 200
Response: {"code":2000,"message":"nok","content":[{"referenceId":"2550235","message":"لم ينجاح","errorNo":"0"}]}
Response Time: 3ms
================================================================================

[2026-06-28 21:52:16.689] FAILURE | Serial: 2597004 | Error: nok | لم ينجاح

================================================================================
[2026-06-28 21:52:25.614] REQUEST
Method: POST
Endpoint: http://localhost:8081/api/GL/ImportJournal
Body: [{"docSerExternal":"2599553","branchNo":1,"docDate":"2025-01-22","docNo":null,"jvType":1,"amountLocal":4.878,"referenceNo":"0","beneficiaryName":"","receiver":"","manualDocNo":"","description":"","addTerminalName":"1","details":[{"docDueDate":"2025-01-22","accountCode":"214310001","accountCodeDtl":"100010","accountCodeDtlSub":"","currencyCode":"SAR","exchangeRate":0,"drOrCr":1,"amountLocal":0.12195,"amountForeign":0,"costCenterCode":"101010","chequeNo":"0","referenceNo":"0","billNo":"","billSer"...
Status: 200
Response: {"code":2000,"message":"nok","content":[{"referenceId":"2550235","message":"لم ينجاح","errorNo":"0"}]}
Response Time: 3ms
================================================================================

[2026-06-28 21:52:25.618] FAILURE | Serial: 2599553 | Error: nok | لم ينجاح

================================================================================
[2026-06-28 21:59:12.883] REQUEST
Method: POST
Endpoint: http://localhost:8081/api/GL/ImportJournal
Body: [{"docSerExternal":"2530386","branchNo":1,"docDate":"2025-01-22","docNo":null,"jvType":1,"amountLocal":470,"referenceNo":"0","beneficiaryName":"","receiver":"","manualDocNo":"","description":"","addTerminalName":"1","details":[{"docDueDate":"2025-01-22","accountCode":"1112010003","accountCodeDtl":null,"accountCodeDtlSub":"","currencyCode":"SAR","exchangeRate":0,"drOrCr":1,"amountLocal":470,"amountForeign":0,"costCenterCode":null,"chequeNo":"0","referenceNo":"0","billNo":"","billSer":"","installm...
Status: 200
Response: {"code":0,"message":"ok","content":[{"referenceId":"2550235","message":"The operation accomplished successfully.","errorNo":"0","docNo":"17472","docSer":"2025000001000010010000117472","statusCode":"200"}]}
Response Time: 30ms
================================================================================

[2026-06-28 21:59:12.914] SUCCESS | Serial: 2530386 | Status: Statement processed successfully

================================================================================
[2026-06-28 21:59:24.097] REQUEST
Method: POST
Endpoint: http://localhost:8081/api/GL/ImportJournal
Body: [{"docSerExternal":"2530387","branchNo":1,"docDate":"2025-01-22","docNo":null,"jvType":1,"amountLocal":398.73,"referenceNo":"0","beneficiaryName":"","receiver":"","manualDocNo":"","description":"","addTerminalName":"1","details":[{"docDueDate":"2025-01-22","accountCode":"214310001","accountCodeDtl":"100017","accountCodeDtlSub":"","currencyCode":"SAR","exchangeRate":0,"drOrCr":1,"amountLocal":458.5395,"amountForeign":0,"costCenterCode":"101017","chequeNo":"0","referenceNo":"0","billNo":"","billSe...
Status: 200
Response: {"code":0,"message":"ok","content":[{"referenceId":"2550235","message":"The operation accomplished successfully.","errorNo":"0","docNo":"17472","docSer":"2025000001000010010000117472","statusCode":"200"}]}
Response Time: 3ms
================================================================================

[2026-06-28 21:59:24.102] SUCCESS | Serial: 2530387 | Status: Statement processed successfully

================================================================================
[2026-06-28 21:59:35.242] REQUEST
Method: POST
Endpoint: http://localhost:8081/api/GL/ImportJournal
Body: [{"docSerExternal":"2530390","branchNo":1,"docDate":"2025-01-22","docNo":null,"jvType":1,"amountLocal":230,"referenceNo":"0","beneficiaryName":"","receiver":"","manualDocNo":"","description":"","addTerminalName":"1","details":[{"docDueDate":"2025-01-22","accountCode":"1112010003","accountCodeDtl":null,"accountCodeDtlSub":"","currencyCode":"SAR","exchangeRate":0,"drOrCr":1,"amountLocal":230,"amountForeign":0,"costCenterCode":null,"chequeNo":"0","referenceNo":"0","billNo":"","billSer":"","installm...
Status: 200
Response: {"code":0,"message":"ok","content":[{"referenceId":"2550235","message":"The operation accomplished successfully.","errorNo":"0","docNo":"17472","docSer":"2025000001000010010000117472","statusCode":"200"}]}
Response Time: 4ms
================================================================================

[2026-06-28 21:59:35.248] SUCCESS | Serial: 2530390 | Status: Statement processed successfully

================================================================================
[2026-06-28 21:59:46.587] REQUEST
Method: POST
Endpoint: http://localhost:8081/api/GL/ImportJournal
Body: [{"docSerExternal":"2530391","branchNo":1,"docDate":"2025-01-22","docNo":null,"jvType":1,"amountLocal":195.12,"referenceNo":"0","beneficiaryName":"","receiver":"","manualDocNo":"","description":"","addTerminalName":"1","details":[{"docDueDate":"2025-01-22","accountCode":"214310001","accountCodeDtl":"100023","accountCodeDtlSub":"","currencyCode":"SAR","exchangeRate":0,"drOrCr":1,"amountLocal":224.388,"amountForeign":0,"costCenterCode":"101023","chequeNo":"0","referenceNo":"0","billNo":"","billSer...
Status: 200
Response: {"code":0,"message":"ok","content":[{"referenceId":"2550235","message":"The operation accomplished successfully.","errorNo":"0","docNo":"17472","docSer":"2025000001000010010000117472","statusCode":"200"}]}
Response Time: 4ms
================================================================================

[2026-06-28 21:59:46.592] SUCCESS | Serial: 2530391 | Status: Statement processed successfully

================================================================================
[2026-06-28 21:59:57.897] REQUEST
Method: POST
Endpoint: http://localhost:8081/api/GL/ImportJournal
Body: [{"docSerExternal":"2530392","branchNo":1,"docDate":"2025-01-22","docNo":null,"jvType":1,"amountLocal":4.878,"referenceNo":"0","beneficiaryName":"","receiver":"","manualDocNo":"","description":"","addTerminalName":"1","details":[{"docDueDate":"2025-01-22","accountCode":"4111010001","accountCodeDtl":"100001","accountCodeDtlSub":"","currencyCode":"SAR","exchangeRate":0,"drOrCr":1,"amountLocal":5.6097,"amountForeign":0,"costCenterCode":"101001","chequeNo":"0","referenceNo":"0","billNo":"","billSer"...
Status: 200
Response: {"code":0,"message":"ok","content":[{"referenceId":"2550235","message":"The operation accomplished successfully.","errorNo":"0","docNo":"17472","docSer":"2025000001000010010000117472","statusCode":"200"}]}
Response Time: 4ms
================================================================================

[2026-06-28 21:59:57.903] SUCCESS | Serial: 2530392 | Status: Statement processed successfully

================================================================================
[2026-06-28 22:00:09.118] REQUEST
Method: POST
Endpoint: http://localhost:8081/api/GL/ImportJournal
Body: [{"docSerExternal":"2530393","branchNo":1,"docDate":"2025-01-22","docNo":null,"jvType":1,"amountLocal":230,"referenceNo":"0","beneficiaryName":"","receiver":"","manualDocNo":"","description":"","addTerminalName":"1","details":[{"docDueDate":"2025-01-22","accountCode":"1112010003","accountCodeDtl":null,"accountCodeDtlSub":"","currencyCode":"SAR","exchangeRate":0,"drOrCr":1,"amountLocal":230,"amountForeign":0,"costCenterCode":null,"chequeNo":"0","referenceNo":"0","billNo":"","billSer":"","installm...
Status: 200
Response: {"code":0,"message":"ok","content":[{"referenceId":"2550235","message":"The operation accomplished successfully.","errorNo":"0","docNo":"17472","docSer":"2025000001000010010000117472","statusCode":"200"}]}
Response Time: 4ms
================================================================================

[2026-06-28 22:00:09.124] SUCCESS | Serial: 2530393 | Status: Statement processed successfully

================================================================================
[2026-06-28 22:00:20.427] REQUEST
Method: POST
Endpoint: http://localhost:8081/api/GL/ImportJournal
Body: [{"docSerExternal":"2530394","branchNo":1,"docDate":"2025-01-22","docNo":null,"jvType":1,"amountLocal":195.12,"referenceNo":"0","beneficiaryName":"","receiver":"","manualDocNo":"","description":"","addTerminalName":"1","details":[{"docDueDate":"2025-01-22","accountCode":"214310001","accountCodeDtl":"100010","accountCodeDtlSub":"","currencyCode":"SAR","exchangeRate":0,"drOrCr":1,"amountLocal":224.388,"amountForeign":0,"costCenterCode":"101010","chequeNo":"0","referenceNo":"0","billNo":"","billSer...
Status: 200
Response: {"code":0,"message":"ok","content":[{"referenceId":"2550235","message":"The operation accomplished successfully.","errorNo":"0","docNo":"17472","docSer":"2025000001000010010000117472","statusCode":"200"}]}
Response Time: 3ms
================================================================================

[2026-06-28 22:00:20.432] SUCCESS | Serial: 2530394 | Status: Statement processed successfully

================================================================================
[2026-06-28 22:00:31.603] REQUEST
Method: POST
Endpoint: http://localhost:8081/api/GL/ImportJournal
Body: [{"docSerExternal":"2530396","branchNo":1,"docDate":"2025-01-22","docNo":null,"jvType":1,"amountLocal":200,"referenceNo":"0","beneficiaryName":"","receiver":"","manualDocNo":"","description":"","addTerminalName":"1","details":[{"docDueDate":"2025-01-22","accountCode":"1112010003","accountCodeDtl":null,"accountCodeDtlSub":"","currencyCode":"SAR","exchangeRate":0,"drOrCr":1,"amountLocal":200,"amountForeign":0,"costCenterCode":null,"chequeNo":"0","referenceNo":"0","billNo":"","billSer":"","installm...
Status: 200
Response: {"code":0,"message":"ok","content":[{"referenceId":"2550235","message":"The operation accomplished successfully.","errorNo":"0","docNo":"17472","docSer":"2025000001000010010000117472","statusCode":"200"}]}
Response Time: 3ms
================================================================================

[2026-06-28 22:00:31.607] SUCCESS | Serial: 2530396 | Status: Statement processed successfully

================================================================================
[2026-06-28 22:00:42.822] REQUEST
Method: POST
Endpoint: http://localhost:8081/api/GL/ImportJournal
Body: [{"docSerExternal":"2530397","branchNo":1,"docDate":"2025-01-22","docNo":null,"jvType":1,"amountLocal":169.67,"referenceNo":"0","beneficiaryName":"","receiver":"","manualDocNo":"","description":"","addTerminalName":"1","details":[{"docDueDate":"2025-01-22","accountCode":"214310001","accountCodeDtl":"100033","accountCodeDtlSub":"","currencyCode":"SAR","exchangeRate":0,"drOrCr":1,"amountLocal":195.1205,"amountForeign":0,"costCenterCode":"101033","chequeNo":"0","referenceNo":"0","billNo":"","billSe...
Status: 200
Response: {"code":0,"message":"ok","content":[{"referenceId":"2550235","message":"The operation accomplished successfully.","errorNo":"0","docNo":"17472","docSer":"2025000001000010010000117472","statusCode":"200"}]}
Response Time: 5ms
================================================================================

[2026-06-28 22:00:42.829] SUCCESS | Serial: 2530397 | Status: Statement processed successfully

================================================================================
[2026-06-28 22:00:54.006] REQUEST
Method: POST
Endpoint: http://localhost:8081/api/GL/ImportJournal
Body: [{"docSerExternal":"2530398","branchNo":1,"docDate":"2025-01-22","docNo":null,"jvType":1,"amountLocal":4.2417,"referenceNo":"0","beneficiaryName":"","receiver":"","manualDocNo":"","description":"","addTerminalName":"1","details":[{"docDueDate":"2025-01-22","accountCode":"4111010001","accountCodeDtl":"100001","accountCodeDtlSub":"","currencyCode":"SAR","exchangeRate":0,"drOrCr":1,"amountLocal":4.878,"amountForeign":0,"costCenterCode":"101001","chequeNo":"0","referenceNo":"0","billNo":"","billSer"...
Status: 200
Response: {"code":0,"message":"ok","content":[{"referenceId":"2550235","message":"The operation accomplished successfully.","errorNo":"0","docNo":"17472","docSer":"2025000001000010010000117472","statusCode":"200"}]}
Response Time: 4ms
================================================================================

[2026-06-28 22:00:54.012] SUCCESS | Serial: 2530398 | Status: Statement processed successfully

================================================================================
[2026-06-28 22:01:05.305] REQUEST
Method: POST
Endpoint: http://localhost:8081/api/GL/ImportJournal
Body: [{"docSerExternal":"2530399","branchNo":1,"docDate":"2025-01-22","docNo":null,"jvType":1,"amountLocal":1410,"referenceNo":"0","beneficiaryName":"","receiver":"","manualDocNo":"","description":"","addTerminalName":"1","details":[{"docDueDate":"2025-01-22","accountCode":"1112010003","accountCodeDtl":null,"accountCodeDtlSub":"","currencyCode":"SAR","exchangeRate":0,"drOrCr":1,"amountLocal":1410,"amountForeign":0,"costCenterCode":null,"chequeNo":"0","referenceNo":"0","billNo":"","billSer":"","instal...
Status: 200
Response: {"code":0,"message":"ok","content":[{"referenceId":"2550235","message":"The operation accomplished successfully.","errorNo":"0","docNo":"17472","docSer":"2025000001000010010000117472","statusCode":"200"}]}
Response Time: 3ms
================================================================================

[2026-06-28 22:01:05.310] SUCCESS | Serial: 2530399 | Status: Statement processed successfully

================================================================================
[2026-06-28 22:01:16.667] REQUEST
Method: POST
Endpoint: http://localhost:8081/api/GL/ImportJournal
Body: [{"docSerExternal":"2530400","branchNo":1,"docDate":"2025-01-22","docNo":null,"jvType":1,"amountLocal":398.73,"referenceNo":"0","beneficiaryName":"","receiver":"","manualDocNo":"","description":"","addTerminalName":"1","details":[{"docDueDate":"2025-01-22","accountCode":"214310001","accountCodeDtl":"100035","accountCodeDtlSub":"","currencyCode":"SAR","exchangeRate":0,"drOrCr":1,"amountLocal":458.5395,"amountForeign":0,"costCenterCode":"101035","chequeNo":"0","referenceNo":"0","billNo":"","billSe...
Status: 200
Response: {"code":0,"message":"ok","content":[{"referenceId":"2550235","message":"The operation accomplished successfully.","errorNo":"0","docNo":"17472","docSer":"2025000001000010010000117472","statusCode":"200"}]}
Response Time: 4ms
================================================================================

[2026-06-28 22:01:16.672] SUCCESS | Serial: 2530400 | Status: Statement processed successfully

================================================================================
[2026-06-28 22:01:28.026] REQUEST
Method: POST
Endpoint: http://localhost:8081/api/GL/ImportJournal
Body: [{"docSerExternal":"2530402","branchNo":1,"docDate":"2025-01-22","docNo":null,"jvType":1,"amountLocal":250,"referenceNo":"0","beneficiaryName":"","receiver":"","manualDocNo":"","description":"","addTerminalName":"1","details":[{"docDueDate":"2025-01-22","accountCode":"1112010003","accountCodeDtl":null,"accountCodeDtlSub":"","currencyCode":"SAR","exchangeRate":0,"drOrCr":1,"amountLocal":250,"amountForeign":0,"costCenterCode":null,"chequeNo":"0","referenceNo":"0","billNo":"","billSer":"","installm...
Status: 200
Response: {"code":0,"message":"ok","content":[{"referenceId":"2550235","message":"The operation accomplished successfully.","errorNo":"0","docNo":"17472","docSer":"2025000001000010010000117472","statusCode":"200"}]}
Response Time: 4ms
================================================================================

[2026-06-28 22:01:28.032] SUCCESS | Serial: 2530402 | Status: Statement processed successfully

================================================================================
[2026-06-28 22:01:39.489] REQUEST
Method: POST
Endpoint: http://localhost:8081/api/GL/ImportJournal
Body: [{"docSerExternal":"2530403","branchNo":1,"docDate":"2025-01-22","docNo":null,"jvType":1,"amountLocal":212.09,"referenceNo":"0","beneficiaryName":"","receiver":"","manualDocNo":"","description":"","addTerminalName":"1","details":[{"docDueDate":"2025-01-22","accountCode":"214310001","accountCodeDtl":"100039","accountCodeDtlSub":"","currencyCode":"SAR","exchangeRate":0,"drOrCr":1,"amountLocal":243.9035,"amountForeign":0,"costCenterCode":"101039","chequeNo":"0","referenceNo":"0","billNo":"","billSe...
Status: 200
Response: {"code":0,"message":"ok","content":[{"referenceId":"2550235","message":"The operation accomplished successfully.","errorNo":"0","docNo":"17472","docSer":"2025000001000010010000117472","statusCode":"200"}]}
Response Time: 3ms
================================================================================

[2026-06-28 22:01:39.493] SUCCESS | Serial: 2530403 | Status: Statement processed successfully

================================================================================
[2026-06-28 22:01:50.917] REQUEST
Method: POST
Endpoint: http://localhost:8081/api/GL/ImportJournal
Body: [{"docSerExternal":"2530404","branchNo":1,"docDate":"2025-01-22","docNo":null,"jvType":1,"amountLocal":5.3022,"referenceNo":"0","beneficiaryName":"","receiver":"","manualDocNo":"","description":"","addTerminalName":"1","details":[{"docDueDate":"2025-01-22","accountCode":"4111010001","accountCodeDtl":"100001","accountCodeDtlSub":"","currencyCode":"SAR","exchangeRate":0,"drOrCr":1,"amountLocal":6.0975,"amountForeign":0,"costCenterCode":"101001","chequeNo":"0","referenceNo":"0","billNo":"","billSer...
Status: 200
Response: {"code":0,"message":"ok","content":[{"referenceId":"2550235","message":"The operation accomplished successfully.","errorNo":"0","docNo":"17472","docSer":"2025000001000010010000117472","statusCode":"200"}]}
Response Time: 3ms
================================================================================

[2026-06-28 22:01:50.922] SUCCESS | Serial: 2530404 | Status: Statement processed successfully

================================================================================
[2026-06-28 22:02:02.439] REQUEST
Method: POST
Endpoint: http://localhost:8081/api/GL/ImportJournal
Body: [{"docSerExternal":"2530405","branchNo":1,"docDate":"2025-01-22","docNo":null,"jvType":1,"amountLocal":230,"referenceNo":"0","beneficiaryName":"","receiver":"","manualDocNo":"","description":"","addTerminalName":"1","details":[{"docDueDate":"2025-01-22","accountCode":"1111010003","accountCodeDtl":null,"accountCodeDtlSub":"","currencyCode":"SAR","exchangeRate":0,"drOrCr":1,"amountLocal":230,"amountForeign":0,"costCenterCode":null,"chequeNo":"0","referenceNo":"0","billNo":"","billSer":"","installm...
Status: 200
Response: {"code":0,"message":"ok","content":[{"referenceId":"2550235","message":"The operation accomplished successfully.","errorNo":"0","docNo":"17472","docSer":"2025000001000010010000117472","statusCode":"200"}]}
Response Time: 3ms
================================================================================

[2026-06-28 22:02:02.444] SUCCESS | Serial: 2530405 | Status: Statement processed successfully

================================================================================
[2026-06-28 22:02:13.841] REQUEST
Method: POST
Endpoint: http://localhost:8081/api/GL/ImportJournal
Body: [{"docSerExternal":"2530406","branchNo":1,"docDate":"2025-01-22","docNo":null,"jvType":1,"amountLocal":195.12,"referenceNo":"0","beneficiaryName":"","receiver":"","manualDocNo":"","description":"","addTerminalName":"1","details":[{"docDueDate":"2025-01-22","accountCode":"214310001","accountCodeDtl":"100025","accountCodeDtlSub":"","currencyCode":"SAR","exchangeRate":0,"drOrCr":1,"amountLocal":224.388,"amountForeign":0,"costCenterCode":"101025","chequeNo":"0","referenceNo":"0","billNo":"","billSer...
Status: 200
Response: {"code":0,"message":"ok","content":[{"referenceId":"2550235","message":"The operation accomplished successfully.","errorNo":"0","docNo":"17472","docSer":"2025000001000010010000117472","statusCode":"200"}]}
Response Time: 3ms
================================================================================

[2026-06-28 22:02:13.845] SUCCESS | Serial: 2530406 | Status: Statement processed successfully

================================================================================
[2026-06-28 22:02:25.222] REQUEST
Method: POST
Endpoint: http://localhost:8081/api/GL/ImportJournal
Body: [{"docSerExternal":"2530408","branchNo":1,"docDate":"2025-01-22","docNo":null,"jvType":1,"amountLocal":250,"referenceNo":"0","beneficiaryName":"","receiver":"","manualDocNo":"","description":"","addTerminalName":"1","details":[{"docDueDate":"2025-01-22","accountCode":"1112010003","accountCodeDtl":null,"accountCodeDtlSub":"","currencyCode":"SAR","exchangeRate":0,"drOrCr":1,"amountLocal":250,"amountForeign":0,"costCenterCode":null,"chequeNo":"0","referenceNo":"0","billNo":"","billSer":"","installm...
Status: 200
Response: {"code":0,"message":"ok","content":[{"referenceId":"2550235","message":"The operation accomplished successfully.","errorNo":"0","docNo":"17472","docSer":"2025000001000010010000117472","statusCode":"200"}]}
Response Time: 2ms
================================================================================

[2026-06-28 22:02:25.225] SUCCESS | Serial: 2530408 | Status: Statement processed successfully

================================================================================
[2026-06-28 22:02:36.513] REQUEST
Method: POST
Endpoint: http://localhost:8081/api/GL/ImportJournal
Body: [{"docSerExternal":"2530409","branchNo":1,"docDate":"2025-01-22","docNo":null,"jvType":1,"amountLocal":212.09,"referenceNo":"0","beneficiaryName":"","receiver":"","manualDocNo":"","description":"","addTerminalName":"1","details":[{"docDueDate":"2025-01-22","accountCode":"214310001","accountCodeDtl":"100038","accountCodeDtlSub":"","currencyCode":"SAR","exchangeRate":0,"drOrCr":1,"amountLocal":243.9035,"amountForeign":0,"costCenterCode":"101038","chequeNo":"0","referenceNo":"0","billNo":"","billSe...
Status: 200
Response: {"code":0,"message":"ok","content":[{"referenceId":"2550235","message":"The operation accomplished successfully.","errorNo":"0","docNo":"17472","docSer":"2025000001000010010000117472","statusCode":"200"}]}
Response Time: 3ms
================================================================================

[2026-06-28 22:02:36.518] SUCCESS | Serial: 2530409 | Status: Statement processed successfully

================================================================================
[2026-06-28 22:02:47.495] REQUEST
Method: POST
Endpoint: http://localhost:8081/api/GL/ImportJournal
Body: [{"docSerExternal":"2530410","branchNo":1,"docDate":"2025-01-22","docNo":null,"jvType":1,"amountLocal":5.3022,"referenceNo":"0","beneficiaryName":"","receiver":"","manualDocNo":"","description":"","addTerminalName":"1","details":[{"docDueDate":"2025-01-22","accountCode":"4111010001","accountCodeDtl":"100001","accountCodeDtlSub":"","currencyCode":"SAR","exchangeRate":0,"drOrCr":1,"amountLocal":6.0975,"amountForeign":0,"costCenterCode":"101001","chequeNo":"0","referenceNo":"0","billNo":"","billSer...
Status: 200
Response: {"code":0,"message":"ok","content":[{"referenceId":"2550235","message":"The operation accomplished successfully.","errorNo":"0","docNo":"17472","docSer":"2025000001000010010000117472","statusCode":"200"}]}
Response Time: 3ms
================================================================================

[2026-06-28 22:02:47.499] SUCCESS | Serial: 2530410 | Status: Statement processed successfully

================================================================================
[2026-06-28 22:02:58.386] REQUEST
Method: POST
Endpoint: http://localhost:8081/api/GL/ImportJournal
Body: [{"docSerExternal":"2530413","branchNo":1,"docDate":"2025-01-22","docNo":null,"jvType":1,"amountLocal":400,"referenceNo":"0","beneficiaryName":"","receiver":"","manualDocNo":"","description":"","addTerminalName":"1","details":[{"docDueDate":"2025-01-22","accountCode":"1112010003","accountCodeDtl":null,"accountCodeDtlSub":"","currencyCode":"SAR","exchangeRate":0,"drOrCr":1,"amountLocal":400,"amountForeign":0,"costCenterCode":null,"chequeNo":"0","referenceNo":"0","billNo":"","billSer":"","installm...
Status: 200
Response: {"code":0,"message":"ok","content":[{"referenceId":"2550235","message":"The operation accomplished successfully.","errorNo":"0","docNo":"17472","docSer":"2025000001000010010000117472","statusCode":"200"}]}
Response Time: 3ms
================================================================================

[2026-06-28 22:02:58.390] SUCCESS | Serial: 2530413 | Status: Statement processed successfully

================================================================================
[2026-06-28 22:03:09.298] REQUEST
Method: POST
Endpoint: http://localhost:8081/api/GL/ImportJournal
Body: [{"docSerExternal":"2530419","branchNo":1,"docDate":"2025-01-22","docNo":null,"jvType":1,"amountLocal":200,"referenceNo":"0","beneficiaryName":"","receiver":"","manualDocNo":"","description":"","addTerminalName":"1","details":[{"docDueDate":"2025-01-22","accountCode":"1112010003","accountCodeDtl":null,"accountCodeDtlSub":"","currencyCode":"SAR","exchangeRate":0,"drOrCr":1,"amountLocal":200,"amountForeign":0,"costCenterCode":null,"chequeNo":"0","referenceNo":"0","billNo":"","billSer":"","installm...
Status: 200
Response: {"code":0,"message":"ok","content":[{"referenceId":"2550235","message":"The operation accomplished successfully.","errorNo":"0","docNo":"17472","docSer":"2025000001000010010000117472","statusCode":"200"}]}
Response Time: 3ms
================================================================================

[2026-06-28 22:03:09.302] SUCCESS | Serial: 2530419 | Status: Statement processed successfully

================================================================================
[2026-06-28 22:03:20.183] REQUEST
Method: POST
Endpoint: http://localhost:8081/api/GL/ImportJournal
Body: [{"docSerExternal":"2530422","branchNo":1,"docDate":"2025-01-22","docNo":null,"jvType":1,"amountLocal":690,"referenceNo":"0","beneficiaryName":"","receiver":"","manualDocNo":"","description":"","addTerminalName":"1","details":[{"docDueDate":"2025-01-22","accountCode":"1112010003","accountCodeDtl":null,"accountCodeDtlSub":"","currencyCode":"SAR","exchangeRate":0,"drOrCr":1,"amountLocal":690,"amountForeign":0,"costCenterCode":null,"chequeNo":"0","referenceNo":"0","billNo":"","billSer":"","installm...
Status: 200
Response: {"code":0,"message":"ok","content":[{"referenceId":"2550235","message":"The operation accomplished successfully.","errorNo":"0","docNo":"17472","docSer":"2025000001000010010000117472","statusCode":"200"}]}
Response Time: 3ms
================================================================================

[2026-06-28 22:03:20.187] SUCCESS | Serial: 2530422 | Status: Statement processed successfully

================================================================================
[2026-06-28 22:03:31.089] REQUEST
Method: POST
Endpoint: http://localhost:8081/api/GL/ImportJournal
Body: [{"docSerExternal":"2530423","branchNo":1,"docDate":"2025-01-22","docNo":null,"jvType":1,"amountLocal":200,"referenceNo":"0","beneficiaryName":"","receiver":"","manualDocNo":"","description":"","addTerminalName":"1","details":[{"docDueDate":"2025-01-22","accountCode":"1112010003","accountCodeDtl":null,"accountCodeDtlSub":"","currencyCode":"SAR","exchangeRate":0,"drOrCr":1,"amountLocal":200,"amountForeign":0,"costCenterCode":null,"chequeNo":"0","referenceNo":"0","billNo":"","billSer":"","installm...
Status: 200
Response: {"code":0,"message":"ok","content":[{"referenceId":"2550235","message":"The operation accomplished successfully.","errorNo":"0","docNo":"17472","docSer":"2025000001000010010000117472","statusCode":"200"}]}
Response Time: 3ms
================================================================================

[2026-06-28 22:03:31.093] SUCCESS | Serial: 2530423 | Status: Statement processed successfully

================================================================================
[2026-06-28 22:03:41.973] REQUEST
Method: POST
Endpoint: http://localhost:8081/api/GL/ImportJournal
Body: [{"docSerExternal":"2530426","branchNo":1,"docDate":"2025-01-22","docNo":null,"jvType":1,"amountLocal":200,"referenceNo":"0","beneficiaryName":"","receiver":"","manualDocNo":"","description":"","addTerminalName":"1","details":[{"docDueDate":"2025-01-22","accountCode":"1111010003","accountCodeDtl":null,"accountCodeDtlSub":"","currencyCode":"SAR","exchangeRate":0,"drOrCr":1,"amountLocal":200,"amountForeign":0,"costCenterCode":null,"chequeNo":"0","referenceNo":"0","billNo":"","billSer":"","installm...
Status: 200
Response: {"code":0,"message":"ok","content":[{"referenceId":"2550235","message":"The operation accomplished successfully.","errorNo":"0","docNo":"17472","docSer":"2025000001000010010000117472","statusCode":"200"}]}
Response Time: 3ms
================================================================================

[2026-06-28 22:03:41.978] SUCCESS | Serial: 2530426 | Status: Statement processed successfully

================================================================================
[2026-06-28 22:03:52.872] REQUEST
Method: POST
Endpoint: http://localhost:8081/api/GL/ImportJournal
Body: [{"docSerExternal":"2530432","branchNo":1,"docDate":"2025-01-22","docNo":null,"jvType":1,"amountLocal":200,"referenceNo":"0","beneficiaryName":"","receiver":"","manualDocNo":"","description":"","addTerminalName":"1","details":[{"docDueDate":"2025-01-22","accountCode":"1112010003","accountCodeDtl":null,"accountCodeDtlSub":"","currencyCode":"SAR","exchangeRate":0,"drOrCr":1,"amountLocal":200,"amountForeign":0,"costCenterCode":null,"chequeNo":"0","referenceNo":"0","billNo":"","billSer":"","installm...
Status: 200
Response: {"code":0,"message":"ok","content":[{"referenceId":"2550235","message":"The operation accomplished successfully.","errorNo":"0","docNo":"17472","docSer":"2025000001000010010000117472","statusCode":"200"}]}
Response Time: 3ms
================================================================================

[2026-06-28 22:03:52.877] SUCCESS | Serial: 2530432 | Status: Statement processed successfully

================================================================================
[2026-06-28 22:04:03.794] REQUEST
Method: POST
Endpoint: http://localhost:8081/api/GL/ImportJournal
Body: [{"docSerExternal":"2530433","branchNo":1,"docDate":"2025-01-22","docNo":null,"jvType":1,"amountLocal":329,"referenceNo":"0","beneficiaryName":"","receiver":"","manualDocNo":"","description":"","addTerminalName":"1","details":[{"docDueDate":"2025-01-22","accountCode":"1112010003","accountCodeDtl":null,"accountCodeDtlSub":"","currencyCode":"SAR","exchangeRate":0,"drOrCr":1,"amountLocal":329,"amountForeign":0,"costCenterCode":null,"chequeNo":"0","referenceNo":"0","billNo":"","billSer":"","installm...
Status: 200
Response: {"code":0,"message":"ok","content":[{"referenceId":"2550235","message":"The operation accomplished successfully.","errorNo":"0","docNo":"17472","docSer":"2025000001000010010000117472","statusCode":"200"}]}
Response Time: 3ms
================================================================================

[2026-06-28 22:04:03.799] SUCCESS | Serial: 2530433 | Status: Statement processed successfully

================================================================================
[2026-06-28 22:04:14.744] REQUEST
Method: POST
Endpoint: http://localhost:8081/api/GL/ImportJournal
Body: [{"docSerExternal":"2530436","branchNo":1,"docDate":"2025-01-22","docNo":null,"jvType":1,"amountLocal":1000,"referenceNo":"0","beneficiaryName":"","receiver":"","manualDocNo":"","description":"","addTerminalName":"1","details":[{"docDueDate":"2025-01-22","accountCode":"1112010003","accountCodeDtl":null,"accountCodeDtlSub":"","currencyCode":"SAR","exchangeRate":0,"drOrCr":1,"amountLocal":1000,"amountForeign":0,"costCenterCode":null,"chequeNo":"0","referenceNo":"0","billNo":"","billSer":"","instal...
Status: 200
Response: {"code":0,"message":"ok","content":[{"referenceId":"2550235","message":"The operation accomplished successfully.","errorNo":"0","docNo":"17472","docSer":"2025000001000010010000117472","statusCode":"200"}]}
Response Time: 3ms
================================================================================

[2026-06-28 22:04:14.748] SUCCESS | Serial: 2530436 | Status: Statement processed successfully

================================================================================
[2026-06-28 22:04:25.673] REQUEST
Method: POST
Endpoint: http://localhost:8081/api/GL/ImportJournal
Body: [{"docSerExternal":"2530439","branchNo":1,"docDate":"2025-01-22","docNo":null,"jvType":1,"amountLocal":300,"referenceNo":"0","beneficiaryName":"","receiver":"","manualDocNo":"","description":"","addTerminalName":"1","details":[{"docDueDate":"2025-01-22","accountCode":"1112010003","accountCodeDtl":null,"accountCodeDtlSub":"","currencyCode":"SAR","exchangeRate":0,"drOrCr":1,"amountLocal":300,"amountForeign":0,"costCenterCode":null,"chequeNo":"0","referenceNo":"0","billNo":"","billSer":"","installm...
Status: 200
Response: {"code":0,"message":"ok","content":[{"referenceId":"2550235","message":"The operation accomplished successfully.","errorNo":"0","docNo":"17472","docSer":"2025000001000010010000117472","statusCode":"200"}]}
Response Time: 3ms
================================================================================

[2026-06-28 22:04:25.678] SUCCESS | Serial: 2530439 | Status: Statement processed successfully

================================================================================
[2026-06-28 22:04:36.584] REQUEST
Method: POST
Endpoint: http://localhost:8081/api/GL/ImportJournal
Body: [{"docSerExternal":"2530443","branchNo":1,"docDate":"2025-01-22","docNo":null,"jvType":1,"amountLocal":250,"referenceNo":"0","beneficiaryName":"","receiver":"","manualDocNo":"","description":"","addTerminalName":"1","details":[{"docDueDate":"2025-01-22","accountCode":"1112010003","accountCodeDtl":null,"accountCodeDtlSub":"","currencyCode":"SAR","exchangeRate":0,"drOrCr":1,"amountLocal":250,"amountForeign":0,"costCenterCode":null,"chequeNo":"0","referenceNo":"0","billNo":"","billSer":"","installm...
Status: 200
Response: {"code":0,"message":"ok","content":[{"referenceId":"2550235","message":"The operation accomplished successfully.","errorNo":"0","docNo":"17472","docSer":"2025000001000010010000117472","statusCode":"200"}]}
Response Time: 3ms
================================================================================

[2026-06-28 22:04:36.589] SUCCESS | Serial: 2530443 | Status: Statement processed successfully

================================================================================
[2026-06-28 22:04:47.571] REQUEST
Method: POST
Endpoint: http://localhost:8081/api/GL/ImportJournal
Body: [{"docSerExternal":"2530448","branchNo":1,"docDate":"2025-01-22","docNo":null,"jvType":1,"amountLocal":250,"referenceNo":"0","beneficiaryName":"","receiver":"","manualDocNo":"","description":"","addTerminalName":"1","details":[{"docDueDate":"2025-01-22","accountCode":"1112010003","accountCodeDtl":null,"accountCodeDtlSub":"","currencyCode":"SAR","exchangeRate":0,"drOrCr":1,"amountLocal":250,"amountForeign":0,"costCenterCode":null,"chequeNo":"0","referenceNo":"0","billNo":"","billSer":"","installm...
Status: 200
Response: {"code":0,"message":"ok","content":[{"referenceId":"2550235","message":"The operation accomplished successfully.","errorNo":"0","docNo":"17472","docSer":"2025000001000010010000117472","statusCode":"200"}]}
Response Time: 3ms
================================================================================

[2026-06-28 22:04:47.574] SUCCESS | Serial: 2530448 | Status: Statement processed successfully

================================================================================
[2026-06-28 22:04:58.570] REQUEST
Method: POST
Endpoint: http://localhost:8081/api/GL/ImportJournal
Body: [{"docSerExternal":"2530452","branchNo":1,"docDate":"2025-01-22","docNo":null,"jvType":1,"amountLocal":250,"referenceNo":"0","beneficiaryName":"","receiver":"","manualDocNo":"","description":"","addTerminalName":"1","details":[{"docDueDate":"2025-01-22","accountCode":"1112010003","accountCodeDtl":null,"accountCodeDtlSub":"","currencyCode":"SAR","exchangeRate":0,"drOrCr":1,"amountLocal":250,"amountForeign":0,"costCenterCode":null,"chequeNo":"0","referenceNo":"0","billNo":"","billSer":"","installm...
Status: 200
Response: {"code":0,"message":"ok","content":[{"referenceId":"2550235","message":"The operation accomplished successfully.","errorNo":"0","docNo":"17472","docSer":"2025000001000010010000117472","statusCode":"200"}]}
Response Time: 3ms
================================================================================

[2026-06-28 22:04:58.575] SUCCESS | Serial: 2530452 | Status: Statement processed successfully

================================================================================
[2026-06-28 22:05:09.562] REQUEST
Method: POST
Endpoint: http://localhost:8081/api/GL/ImportJournal
Body: [{"docSerExternal":"2530535","branchNo":1,"docDate":"2025-01-22","docNo":null,"jvType":1,"amountLocal":250,"referenceNo":"0","beneficiaryName":"","receiver":"","manualDocNo":"","description":"","addTerminalName":"1","details":[{"docDueDate":"2025-01-22","accountCode":"1112010003","accountCodeDtl":null,"accountCodeDtlSub":"","currencyCode":"SAR","exchangeRate":0,"drOrCr":1,"amountLocal":250,"amountForeign":0,"costCenterCode":null,"chequeNo":"0","referenceNo":"0","billNo":"","billSer":"","installm...
Status: 200
Response: {"code":0,"message":"ok","content":[{"referenceId":"2550235","message":"The operation accomplished successfully.","errorNo":"0","docNo":"17472","docSer":"2025000001000010010000117472","statusCode":"200"}]}
Response Time: 2ms
================================================================================

[2026-06-28 22:05:09.566] SUCCESS | Serial: 2530535 | Status: Statement processed successfully

================================================================================
[2026-06-28 22:05:20.534] REQUEST
Method: POST
Endpoint: http://localhost:8081/api/GL/ImportJournal
Body: [{"docSerExternal":"2530538","branchNo":1,"docDate":"2025-01-22","docNo":null,"jvType":1,"amountLocal":500,"referenceNo":"0","beneficiaryName":"","receiver":"","manualDocNo":"","description":"","addTerminalName":"1","details":[{"docDueDate":"2025-01-22","accountCode":"1112010003","accountCodeDtl":null,"accountCodeDtlSub":"","currencyCode":"SAR","exchangeRate":0,"drOrCr":1,"amountLocal":500,"amountForeign":0,"costCenterCode":null,"chequeNo":"0","referenceNo":"0","billNo":"","billSer":"","installm...
Status: 200
Response: {"code":0,"message":"ok","content":[{"referenceId":"2550235","message":"The operation accomplished successfully.","errorNo":"0","docNo":"17472","docSer":"2025000001000010010000117472","statusCode":"200"}]}
Response Time: 4ms
================================================================================

[2026-06-28 22:05:20.539] SUCCESS | Serial: 2530538 | Status: Statement processed successfully

================================================================================
[2026-06-28 22:05:31.515] REQUEST
Method: POST
Endpoint: http://localhost:8081/api/GL/ImportJournal
Body: [{"docSerExternal":"2530541","branchNo":1,"docDate":"2025-01-22","docNo":null,"jvType":1,"amountLocal":500,"referenceNo":"0","beneficiaryName":"","receiver":"","manualDocNo":"","description":"","addTerminalName":"1","details":[{"docDueDate":"2025-01-22","accountCode":"1112010003","accountCodeDtl":null,"accountCodeDtlSub":"","currencyCode":"SAR","exchangeRate":0,"drOrCr":1,"amountLocal":500,"amountForeign":0,"costCenterCode":null,"chequeNo":"0","referenceNo":"0","billNo":"","billSer":"","installm...
Status: 200
Response: {"code":0,"message":"ok","content":[{"referenceId":"2550235","message":"The operation accomplished successfully.","errorNo":"0","docNo":"17472","docSer":"2025000001000010010000117472","statusCode":"200"}]}
Response Time: 3ms
================================================================================

[2026-06-28 22:05:31.519] SUCCESS | Serial: 2530541 | Status: Statement processed successfully

================================================================================
[2026-06-28 22:05:42.505] REQUEST
Method: POST
Endpoint: http://localhost:8081/api/GL/ImportJournal
Body: [{"docSerExternal":"2530547","branchNo":1,"docDate":"2025-01-22","docNo":null,"jvType":1,"amountLocal":250,"referenceNo":"0","beneficiaryName":"","receiver":"","manualDocNo":"","description":"","addTerminalName":"1","details":[{"docDueDate":"2025-01-22","accountCode":"1111010003","accountCodeDtl":null,"accountCodeDtlSub":"","currencyCode":"SAR","exchangeRate":0,"drOrCr":1,"amountLocal":250,"amountForeign":0,"costCenterCode":null,"chequeNo":"0","referenceNo":"0","billNo":"","billSer":"","installm...
Status: 200
Response: {"code":0,"message":"ok","content":[{"referenceId":"2550235","message":"The operation accomplished successfully.","errorNo":"0","docNo":"17472","docSer":"2025000001000010010000117472","statusCode":"200"}]}
Response Time: 3ms
================================================================================

[2026-06-28 22:05:42.509] SUCCESS | Serial: 2530547 | Status: Statement processed successfully

================================================================================
[2026-06-28 22:05:53.565] REQUEST
Method: POST
Endpoint: http://localhost:8081/api/GL/ImportJournal
Body: [{"docSerExternal":"2530550","branchNo":1,"docDate":"2025-01-22","docNo":null,"jvType":1,"amountLocal":250,"referenceNo":"0","beneficiaryName":"","receiver":"","manualDocNo":"","description":"","addTerminalName":"1","details":[{"docDueDate":"2025-01-22","accountCode":"1112010003","accountCodeDtl":null,"accountCodeDtlSub":"","currencyCode":"SAR","exchangeRate":0,"drOrCr":1,"amountLocal":250,"amountForeign":0,"costCenterCode":null,"chequeNo":"0","referenceNo":"0","billNo":"","billSer":"","installm...
Status: 200
Response: {"code":0,"message":"ok","content":[{"referenceId":"2550235","message":"The operation accomplished successfully.","errorNo":"0","docNo":"17472","docSer":"2025000001000010010000117472","statusCode":"200"}]}
Response Time: 3ms
================================================================================

[2026-06-28 22:05:53.570] SUCCESS | Serial: 2530550 | Status: Statement processed successfully

================================================================================
[2026-06-28 22:06:04.611] REQUEST
Method: POST
Endpoint: http://localhost:8081/api/GL/ImportJournal
Body: [{"docSerExternal":"2530553","branchNo":1,"docDate":"2025-01-22","docNo":null,"jvType":1,"amountLocal":690,"referenceNo":"0","beneficiaryName":"","receiver":"","manualDocNo":"","description":"","addTerminalName":"1","details":[{"docDueDate":"2025-01-22","accountCode":"1112010003","accountCodeDtl":null,"accountCodeDtlSub":"","currencyCode":"SAR","exchangeRate":0,"drOrCr":1,"amountLocal":690,"amountForeign":0,"costCenterCode":null,"chequeNo":"0","referenceNo":"0","billNo":"","billSer":"","installm...
Status: 200
Response: {"code":0,"message":"ok","content":[{"referenceId":"2550235","message":"The operation accomplished successfully.","errorNo":"0","docNo":"17472","docSer":"2025000001000010010000117472","statusCode":"200"}]}
Response Time: 3ms
================================================================================

[2026-06-28 22:06:04.615] SUCCESS | Serial: 2530553 | Status: Statement processed successfully

================================================================================
[2026-06-28 22:06:15.720] REQUEST
Method: POST
Endpoint: http://localhost:8081/api/GL/ImportJournal
Body: [{"docSerExternal":"2530588","branchNo":1,"docDate":"2025-01-22","docNo":null,"jvType":1,"amountLocal":4.878,"referenceNo":"0","beneficiaryName":"","receiver":"","manualDocNo":"","description":"","addTerminalName":"1","details":[{"docDueDate":"2025-01-22","accountCode":"4111010001","accountCodeDtl":"100043","accountCodeDtlSub":"","currencyCode":"SAR","exchangeRate":0,"drOrCr":1,"amountLocal":5.6097,"amountForeign":0,"costCenterCode":"101043","chequeNo":"0","referenceNo":"0","billNo":"","billSer"...
Status: 200
Response: {"code":0,"message":"ok","content":[{"referenceId":"2550235","message":"The operation accomplished successfully.","errorNo":"0","docNo":"17472","docSer":"2025000001000010010000117472","statusCode":"200"}]}
Response Time: 3ms
================================================================================

[2026-06-28 22:06:15.724] SUCCESS | Serial: 2530588 | Status: Statement processed successfully

================================================================================
[2026-06-28 22:06:26.762] REQUEST
Method: POST
Endpoint: http://localhost:8081/api/GL/ImportJournal
Body: [{"docSerExternal":"2530617","branchNo":1,"docDate":"2025-01-22","docNo":null,"jvType":1,"amountLocal":9.9682,"referenceNo":"0","beneficiaryName":"","receiver":"","manualDocNo":"","description":"","addTerminalName":"1","details":[{"docDueDate":"2025-01-22","accountCode":"4111010001","accountCodeDtl":"100001","accountCodeDtlSub":"","currencyCode":"SAR","exchangeRate":0,"drOrCr":1,"amountLocal":11.4634,"amountForeign":0,"costCenterCode":"101001","chequeNo":"0","referenceNo":"0","billNo":"","billSe...
Status: 200
Response: {"code":0,"message":"ok","content":[{"referenceId":"2550235","message":"The operation accomplished successfully.","errorNo":"0","docNo":"17472","docSer":"2025000001000010010000117472","statusCode":"200"}]}
Response Time: 3ms
================================================================================

[2026-06-28 22:06:26.766] SUCCESS | Serial: 2530617 | Status: Statement processed successfully

================================================================================
[2026-06-28 22:06:37.822] REQUEST
Method: POST
Endpoint: http://localhost:8081/api/GL/ImportJournal
Body: [{"docSerExternal":"2531077","branchNo":1,"docDate":"2025-01-22","docNo":null,"jvType":1,"amountLocal":9.9682,"referenceNo":"0","beneficiaryName":"","receiver":"","manualDocNo":"","description":"","addTerminalName":"1","details":[{"docDueDate":"2025-01-22","accountCode":"4111010001","accountCodeDtl":"100064","accountCodeDtlSub":"","currencyCode":"SAR","exchangeRate":0,"drOrCr":1,"amountLocal":11.4634,"amountForeign":0,"costCenterCode":"101064","chequeNo":"0","referenceNo":"0","billNo":"","billSe...
Status: 200
Response: {"code":0,"message":"ok","content":[{"referenceId":"2550235","message":"The operation accomplished successfully.","errorNo":"0","docNo":"17472","docSer":"2025000001000010010000117472","statusCode":"200"}]}
Response Time: 3ms
================================================================================

[2026-06-28 22:06:37.826] SUCCESS | Serial: 2531077 | Status: Statement processed successfully

================================================================================
[2026-06-28 22:06:48.949] REQUEST
Method: POST
Endpoint: http://localhost:8081/api/GL/ImportJournal
Body: [{"docSerExternal":"2597003","branchNo":1,"docDate":"2025-01-22","docNo":null,"jvType":1,"amountLocal":11676,"referenceNo":"0","beneficiaryName":"","receiver":"","manualDocNo":"","description":"","addTerminalName":"1","details":[{"docDueDate":"2025-01-22","accountCode":"1111010003","accountCodeDtl":null,"accountCodeDtlSub":"","currencyCode":"SAR","exchangeRate":0,"drOrCr":1,"amountLocal":11676,"amountForeign":0,"costCenterCode":null,"chequeNo":"0","referenceNo":"0","billNo":"","billSer":"","inst...
Status: 200
Response: {"code":0,"message":"ok","content":[{"referenceId":"2550235","message":"The operation accomplished successfully.","errorNo":"0","docNo":"17472","docSer":"2025000001000010010000117472","statusCode":"200"}]}
Response Time: 3ms
================================================================================

[2026-06-28 22:06:48.953] SUCCESS | Serial: 2597003 | Status: Statement processed successfully

================================================================================
[2026-06-28 22:06:59.927] REQUEST
Method: POST
Endpoint: http://localhost:8081/api/GL/ImportJournal
Body: [{"docSerExternal":"2597004","branchNo":1,"docDate":"2025-01-22","docNo":null,"jvType":1,"amountLocal":509,"referenceNo":"0","beneficiaryName":"","receiver":"","manualDocNo":"","description":"","addTerminalName":"1","details":[{"docDueDate":"2025-01-22","accountCode":"1111010003","accountCodeDtl":null,"accountCodeDtlSub":"","currencyCode":"SAR","exchangeRate":0,"drOrCr":1,"amountLocal":509,"amountForeign":0,"costCenterCode":null,"chequeNo":"0","referenceNo":"0","billNo":"","billSer":"","installm...
Status: 200
Response: {"code":0,"message":"ok","content":[{"referenceId":"2550235","message":"The operation accomplished successfully.","errorNo":"0","docNo":"17472","docSer":"2025000001000010010000117472","statusCode":"200"}]}
Response Time: 3ms
================================================================================

[2026-06-28 22:06:59.931] SUCCESS | Serial: 2597004 | Status: Statement processed successfully

================================================================================
[2026-06-28 22:07:10.956] REQUEST
Method: POST
Endpoint: http://localhost:8081/api/GL/ImportJournal
Body: [{"docSerExternal":"2599553","branchNo":1,"docDate":"2025-01-22","docNo":null,"jvType":1,"amountLocal":4.878,"referenceNo":"0","beneficiaryName":"","receiver":"","manualDocNo":"","description":"","addTerminalName":"1","details":[{"docDueDate":"2025-01-22","accountCode":"214310001","accountCodeDtl":"100010","accountCodeDtlSub":"","currencyCode":"SAR","exchangeRate":0,"drOrCr":1,"amountLocal":0.12195,"amountForeign":0,"costCenterCode":"101010","chequeNo":"0","referenceNo":"0","billNo":"","billSer"...
Status: 200
Response: {"code":0,"message":"ok","content":[{"referenceId":"2550235","message":"The operation accomplished successfully.","errorNo":"0","docNo":"17472","docSer":"2025000001000010010000117472","statusCode":"200"}]}
Response Time: 3ms
================================================================================

[2026-06-28 22:07:10.960] SUCCESS | Serial: 2599553 | Status: Statement processed successfully
